Position_Srce;Sector 1;Sector 2;CSP;Position_type_1;Position_type_2;Year;Source;Comments
Accountant;SERVICE;SERVICE;Professionals and senior executives;Professionals;;1885-1935;Shanghai Municipal Council, Annual Report;
Acting Manager;;;Middle managers;Manager;Manager;1940;Rotary;
Activities Secretary;;;Professionals and senior executives;Organization executive;Secretary;1948;Rotary;
Actuary;SERVICE;FINANCE AND INSURANCE;Professionals and senior executives;Professionals;;1885-1935;Shanghai Municipal Council, Annual Report;
Advertising agent;SERVICE;SERVICE;Trade and Industry Business Owners;Small traders;;1885-1935;Shanghai Municipal Council, Annual Report;
Aerated water manufacturer;INDUSTRY;FOOD AND TOBACCO INDUSTRY;Trade and Industry Business Owners;Manufacturer;;1885-1935;Shanghai Municipal Council, Annual Report;
Aerated water workers;INDUSTRY;FOOD AND TOBACCO INDUSTRY;Workers;Laborers;;1885-1935;Shanghai Municipal Council, Annual Report;
Agent, Shanghai;;;Professionals and senior executives;Business agent;Local agent;1940;Rotary;
Amusement Resort Keepers and staff;SERVICE;ENTERTAINMENT SERVICES;Employees;Office workers;;1885-1935;Shanghai Municipal Council, Annual Report;
Analyst;SERVICE;PROFESSIONAL;Professionals and senior executives;Professionals;;1885-1935;Shanghai Municipal Council, Annual Report;
Apprentice;TRADE;TRADE;Workers;Apprentices;;1885-1935;Shanghai Municipal Council, Annual Report;
Archaeologist;SERVICE;EDUCATION AND SCIENCE;Professionals and senior executives;Professors, literary and scientific professions;;1885-1935;Shanghai Municipal Council, Annual Report;
Architect;SERVICE;PROFESSIONAL;Professionals and senior executives;Professionals;;1885-1935;Shanghai Municipal Council, Annual Report;
Artificial stone maker;TRADE;HANDICRAFT PRODUCTION;Workers;Skilled workers;;1885-1935;Shanghai Municipal Council, Annual Report;
Artisan;INDUSTRY;INDUSTRY;Trade and Industry Business Owners;Craftsmen;;1885-1935;Shanghai Municipal Council, Annual Report;
Artisans;INDUSTRY;OTHER INDUSTRY;Trade and Industry Business Owners;Craftsmen;;1885-1935;Shanghai Municipal Council, Annual Report;
Artists;SERVICE;ENTERTAINMENT SERVICES;Other categories;Artists and other;;1885-1935;Shanghai Municipal Council, Annual Report;
Assayer;SERVICE;FINANCE AND INSURANCE;Trade and Industry Business Owners;Small traders;;1885-1935;Shanghai Municipal Council, Annual Report;
Assistant General Manager;;;Middle managers;Manager;General Manager;1948;Rotary;
Assistant Manager;;;Middle managers;Manager;Manager;1937;Rotary;
Assistant Representative for China;;;Professionals and senior executives;Business agent;Local representative;1940;Rotary;
Assistant Secretary;;;Professionals and senior executives;Government and administrative official;Secretary;1940;Rotary;
Associate;;;Professionals and senior executives;Professional;Associate;1940;Rotary;
Associate Director;;;Professionals and senior executives;Organization executive;Director;1948;Rotary;
Associate General Secretary;;;Professionals and senior executives;Organization executive;Secretary;1940;Rotary;
Astronomer;SERVICE;EDUCATION AND SCIENCE;Professionals and senior executives;Professors, literary and scientific professions;;1885-1935;Shanghai Municipal Council, Annual Report;
Auctioneer;TRADE;TRADE;Trade and Industry Business Owners;Wholesale traders;;1885-1935;Shanghai Municipal Council, Annual Report;
Author;SERVICE;PROFESSIONAL;Professionals and senior executives;Professors, literary and scientific professions;;1885-1935;Shanghai Municipal Council, Annual Report;
Average ajuster;SERVICE;FINANCE AND INSURANCE;Professionals and senior executives;Professionals;;1885-1935;Shanghai Municipal Council, Annual Report;
Aviator;SERVICE;TRANSPORTATION;Professionals and senior executives;Engineers;;1885-1935;Shanghai Municipal Council, Annual Report;
Aviators;SERVICE;TRANSPORTATION;Professionals and senior executives;Engineers;;1885-1935;Shanghai Municipal Council, Annual Report;
Baker;INDUSTRY;FOOD AND TOBACCO INDUSTRY;Trade and Industry Business Owners;Small traders;;1885-1935;Shanghai Municipal Council, Annual Report;
Bakers and confectionners;INDUSTRY;FOOD AND TOBACCO INDUSTRY;Trade and Industry Business Owners;Small traders;;1885-1935;Shanghai Municipal Council, Annual Report;
Bamboo Worker;INDUSTRY;WOODWORKING INDUSTRY;Workers;Skilled workers;;1885-1935;Shanghai Municipal Council, Annual Report;
Bankers' staff;SERVICE;FINANCE AND INSURANCE;Employees;Office workers;;1885-1935;Shanghai Municipal Council, Annual Report;
Bath house keepers;SERVICE;SERVICE;Trade and Industry Business Owners;Small traders;;1885-1935;Shanghai Municipal Council, Annual Report;
Bill collector;TRADE;TRADE;Trade and Industry Business Owners;Small traders;;1885-1935;Shanghai Municipal Council, Annual Report;
Billiard setter;SERVICE;HANDICRAFT PRODUCTION;Workers;Skilled workers;;1885-1935;Shanghai Municipal Council, Annual Report;
Bishop;;;Professionals and senior executives;Religious official;Religious officials;1948;Rotary;
Blacksmith;INDUSTRY;HANDICRAFT PRODUCTION;Workers;Skilled workers;;1885-1935;Shanghai Municipal Council, Annual Report;
Boarding house keeper;SERVICE;SERVICE;Trade and Industry Business Owners;Small traders;;1885-1935;Shanghai Municipal Council, Annual Report;
Boilermaker;INDUSTRY;HANDICRAFT PRODUCTION;Workers;Skilled workers;;1885-1935;Shanghai Municipal Council, Annual Report;
Bookbinder;TRADE;PAPER AND PRINTING;Workers;Skilled workers;;1885-1935;Shanghai Municipal Council, Annual Report;
Booksellers and stationer;TRADE;PAPER AND PRINTING;Trade and Industry Business Owners;Small traders;;1885-1935;Shanghai Municipal Council, Annual Report;
Boxer;SERVICE;ENTERTAINMENT SERVICES;Other categories;Artists and other;;1885-1935;Shanghai Municipal Council, Annual Report;
Brewer;INDUSTRY;FOOD AND TOBACCO INDUSTRY;Trade and Industry Business Owners;Manufacturer;;1885-1935;Shanghai Municipal Council, Annual Report;
Brick and tile maker;INDUSTRY;HANDICRAFT PRODUCTION;Workers;Skilled workers;;1885-1935;Shanghai Municipal Council, Annual Report;
Broker;SERVICE;FINANCE AND INSURANCE;Trade and Industry Business Owners;Small traders;;1885-1935;Shanghai Municipal Council, Annual Report;
Butcher;TRADE;RETAIL TRADE;Trade and Industry Business Owners;Small traders;;1885-1935;Shanghai Municipal Council, Annual Report;
Carder and spinner;INDUSTRY;TEXTILE INDUSTRY;Workers;Skilled workers;;1885-1935;Shanghai Municipal Council, Annual Report;
Carpenter and cabinet maker;INDUSTRY;WOODWORKING INDUSTRY;Workers;Skilled workers;;1885-1935;Shanghai Municipal Council, Annual Report;
Carpet maker;INDUSTRY;TEXTILE INDUSTRY;Workers;Skilled workers;;1885-1935;Shanghai Municipal Council, Annual Report;
Carriage builder;INDUSTRY;MACHINERY AND METAL PRODUCTS;Trade and Industry Business Owners;Manufacturer;;1885-1935;Shanghai Municipal Council, Annual Report;
Cereal dealer;TRADE;RETAIL TRADE;Trade and Industry Business Owners;Wholesale traders;;1885-1935;Shanghai Municipal Council, Annual Report;
Chauffeur;SERVICE;DOMESTIC SERVICES;Service staff;Other service staff;;1885-1935;Shanghai Municipal Council, Annual Report;
Chemist;TRADE;RETAIL TRADE;Trade and Industry Business Owners;Small traders;;1885-1935;Shanghai Municipal Council, Annual Report;
Chief Editor;;;Professionals and senior executives;Professional;Editor;1948;Rotary;
Chief Engineer;;;Professionals and senior executives;Expert;Engineer;1940;Rotary;
Chief, Traffic & Licence Dept;;;Professionals and senior executives;Government and administrative official;Municipal official;1948;Rotary;
China Manager;;;Middle managers;Manager;Local manager;1940;Rotary;
China Representative;;;Professionals and senior executives;Business agent;Local representative;1940;Rotary;
Chinese Manager;;;Middle managers;Manager;Local manager;1940;Rotary;
Chinese Sales Executive;;;Professionals and senior executives;Business executive;Sales Executive;1940;Rotary;
Cinematographer;SERVICE;SERVICE;Trade and Industry Business Owners;Small traders;;1885-1935;Shanghai Municipal Council, Annual Report;
Civil Engineer;SERVICE;PROFESSIONAL;Professionals and senior executives;Engineers;;1885-1935;Shanghai Municipal Council, Annual Report;
Clergyman;MISCELLANEOUS CATEGORIES;UNDEFINED;Other categories;Clergymen;;1885-1935;Shanghai Municipal Council, Annual Report;
Clerk;SERVICE;SERVICE;Employees;Office workers;;1885-1935;Shanghai Municipal Council, Annual Report;
Co-Proprietor and Partner;;;Trade and Industry Business Owners;Business owner;Proprietor;1940;Rotary;
Commercial Councellor;;;Professionals and senior executives;Expert;Commercial Counsellor;1948;Rotary;
Commercial Counsellor;;;Professionals and senior executives;Expert;Commercial Counsellor;1940;Rotary;
Commercial Diplomatic Secretary;;;Professionals and senior executives;Government and administrative official;Secretary;1937;Rotary;
Commission agent;TRADE;TRADE;Trade and Industry Business Owners;Small traders;;1885-1935;Shanghai Municipal Council, Annual Report;
Commissioner;;;Professionals and senior executives;Government and administrative official;Municipal official;1948;Rotary;
Compradore;;;Professionals and senior executives;Business agent;Agent;1937;Rotary;
Confectioner;TRADE;RETAIL TRADE;Trade and Industry Business Owners;Small traders;;1885-1935;Shanghai Municipal Council, Annual Report;
Consul General;;;Professionals and senior executives;Government and administrative official;Consul;1940;Rotary;
Consul General for the Netherlands;;;Professionals and senior executives;Government and administrative official;Consul;1940;Rotary;
Consular official;ADMINISTRATION;GOVERNMENT;Middle managers;Middle administrative managers;;1885-1935;Shanghai Municipal Council, Annual Report;
Consulting engineer;SERVICE;PROFESSIONAL;Professionals and senior executives;Engineers;;1885-1935;Shanghai Municipal Council, Annual Report;
Contractor;TRADE;UNDEFINED;Trade and Industry Business Owners;Manufacturer;;1885-1935;Shanghai Municipal Council, Annual Report;
Controller;;;Professionals and senior executives;Educational executive;Controller;1937;Rotary;
Cook;SERVICE;DOMESTIC SERVICES;Service staff;Other service staff;;1885-1935;Shanghai Municipal Council, Annual Report;
Coolies;SERVICE;TRANSPORTATION;Workers;Laborers;;1885-1935;Shanghai Municipal Council, Annual Report;
Cosmetic factory worker;INDUSTRY;CHEMICAL INDUSTRY;Workers;Skilled workers;;1885-1935;Shanghai Municipal Council, Annual Report;
Cotton tester;INDUSTRY;TEXTILE INDUSTRY;Middle managers;Technicians;;1885-1935;Shanghai Municipal Council, Annual Report;
Curio dealer;TRADE;RETAIL TRADE;Trade and Industry Business Owners;Small traders;;1885-1935;Shanghai Municipal Council, Annual Report;
Custodian and Curator of Department of Conchology;;;Professionals and senior executives;Expert;Curator;1937;Rotary;
Custodians;SERVICE;FINANCE AND INSURANCE;Trade and Industry Business Owners;Small traders;;1885-1935;Shanghai Municipal Council, Annual Report;
Dairy keeper;TRADE;RETAIL TRADE;Trade and Industry Business Owners;Manufacturer;;1885-1935;Shanghai Municipal Council, Annual Report;
Dairymen;TRADE;RETAIL TRADE;Trade and Industry Business Owners;Small traders;;1885-1935;Shanghai Municipal Council, Annual Report;
Dean;;;Professionals and senior executives;Educational executive;Dean;1930;Rotary;
Dentist;SERVICE;PROFESSIONAL;Professionals and senior executives;Professionals;;1885-1935;Shanghai Municipal Council, Annual Report;
Dept. Manager;;;Middle managers;Manager;Department manager;1948;Rotary;
Deputy Commissioner;;;Professionals and senior executives;Government and administrative official;Municipal official;1940;Rotary;
Diplomat;ADMINISTRATION;GOVERNMENT;Professionals and senior executives;Senior administrative executives;;1885-1935;Shanghai Municipal Council, Annual Report;
Director;;;Professionals and senior executives;Medical executive;Director;1940;Rotary;
Director of Field Program;;;Professionals and senior executives;Organization executive;Director;1948;Rotary;
Director of Personnel;;;Professionals and senior executives;Business executive;Director;1948;Rotary;
Director of Physical Education;;;Professionals and senior executives;Educational executive;Director;1937;Rotary;
Director of Sales;;;Professionals and senior executives;Business executive;Director;1940;Rotary;
Disinfector;TRADE;RETAIL TRADE;Workers;Skilled workers;;1885-1935;Shanghai Municipal Council, Annual Report;
Distiller;INDUSTRY;FOOD AND TOBACCO INDUSTRY;Trade and Industry Business Owners;Manufacturer;;1885-1935;Shanghai Municipal Council, Annual Report;
District Commissioner;;;Professionals and senior executives;Government and administrative official;Commissioner;1948;Rotary;
District Governor (Past);;;Professionals and senior executives;Government and administrative official;Governor;1948;Rotary;
District Manager;;;Middle managers;Manager;Local manager;1948;Rotary;
District Sales Manager;;;Middle managers;Manager;Local manager;1948;Rotary;
Diver;MISCELLANEOUS CATEGORIES;SHIPPING;Workers;Skilled workers;;1885-1935;Shanghai Municipal Council, Annual Report;
Dock master;SERVICE;SHIPPING;Middle managers;Technicians;;1885-1935;Shanghai Municipal Council, Annual Report;
Draper and milliner;TRADE;TEXTILE INDUSTRY;Trade and Industry Business Owners;Small traders;;1885-1935;Shanghai Municipal Council, Annual Report;
Draughtsman;INDUSTRY;PAPER AND PRINTING;Middle managers;Technicians;;1885-1935;Shanghai Municipal Council, Annual Report;
Dried food dealer;TRADE;RETAIL TRADE;Trade and Industry Business Owners;Wholesale traders;;1885-1935;Shanghai Municipal Council, Annual Report;
Drill instructor;ADMINISTRATION;GOVERNMENT;Other categories;Army and police;;1885-1935;Shanghai Municipal Council, Annual Report;
Druggist;TRADE;PROFESSIONAL;Professionals and senior executives;Professionals;;1885-1935;Shanghai Municipal Council, Annual Report;
Dyer;INDUSTRY;CHEMICAL INDUSTRY;Workers;Skilled workers;;1885-1935;Shanghai Municipal Council, Annual Report;
Editor;;;Professionals and senior executives;Professional;Editor;1940;Rotary;
Egg dealers;TRADE;RETAIL TRADE;Trade and Industry Business Owners;Wholesale traders;;1885-1935;Shanghai Municipal Council, Annual Report;
Electrical instruments makers;INDUSTRY;OTHER INDUSTRY;Trade and Industry Business Owners;Manufacturer;;1885-1935;Shanghai Municipal Council, Annual Report;
Electrician;INDUSTRY;HANDICRAFT PRODUCTION;Workers;Skilled workers;;1885-1935;Shanghai Municipal Council, Annual Report;
Electricity supply workers;INDUSTRY;PUBLIC UTILITY;Workers;Skilled workers;;1885-1935;Shanghai Municipal Council, Annual Report;
Electro-plater;INDUSTRY;HANDICRAFT PRODUCTION;Workers;Skilled workers;;1885-1935;Shanghai Municipal Council, Annual Report;
Embroiderer;INDUSTRY;TEXTILE INDUSTRY;Workers;Skilled workers;;1885-1935;Shanghai Municipal Council, Annual Report;
Employment agent;SERVICE;SERVICE;Trade and Industry Business Owners;Small traders;;1885-1935;Shanghai Municipal Council, Annual Report;
Engineer;;;Professionals and senior executives;Professional;Engineer;1940;Rotary;
Engineer, machinist and shipbuilder;INDUSTRY;MACHINERY AND METAL PRODUCTS;Professionals and senior executives;Engineers;;1885-1935;Shanghai Municipal Council, Annual Report;
Engineers;INDUSTRY;MACHINERY AND METAL PRODUCTS;Professionals and senior executives;Engineers;;1885-1935;Shanghai Municipal Council, Annual Report;
Engraver;INDUSTRY;HANDICRAFT PRODUCTION;Workers;Skilled workers;;1885-1935;Shanghai Municipal Council, Annual Report;
Entertainers and actors;SERVICE;ENTERTAINMENT SERVICES;Other categories;Artists and other;;1885-1935;Shanghai Municipal Council, Annual Report;
Entomologist;SERVICE;EDUCATION AND SCIENCE;Professionals and senior executives;Professors, literary and scientific professions;;1885-1935;Shanghai Municipal Council, Annual Report;
Executive Secretary;;;Professionals and senior executives;Organization executive;Secretary;1948;Rotary;
Factory executives;INDUSTRY;INDUSTRY;Professionals and senior executives;Senior administrative executives;;1885-1935;Shanghai Municipal Council, Annual Report;
Factory Representative;;;Professionals and senior executives;Business agent;Department representative;1940;Rotary;
Factory staff;INDUSTRY;TEXTILE INDUSTRY;Employees;Office workers;;1885-1935;Shanghai Municipal Council, Annual Report;
Factory Workers;INDUSTRY;INDUSTRY;Workers;Laborers;;1885-1935;Shanghai Municipal Council, Annual Report;
Far Eastern Manager;;;Middle managers;Manager;Local manager;1940;Rotary;
Farmer;AGRICULTURE AND GARDENING;AGRICULTURE AND GARDENING;Farmers and gardeners;Farmers and gardeners;;1885-1935;Shanghai Municipal Council, Annual Report;
Farrier;TRADE;HANDICRAFT PRODUCTION;Trade and Industry Business Owners;Craftsmen;;1885-1935;Shanghai Municipal Council, Annual Report;
Financial administration staff;SERVICE;FINANCE AND INSURANCE;Employees;Office workers;;1885-1935;Shanghai Municipal Council, Annual Report;
Financier;SERVICE;FINANCE AND INSURANCE;Trade and Industry Business Owners;Wholesale traders;;1885-1935;Shanghai Municipal Council, Annual Report;
Fire brigade staff;ADMINISTRATION;MUNICIPAL ADMINISTRATION;Other categories;Army and police;;1885-1935;Shanghai Municipal Council, Annual Report;
Firemen and stoker;INDUSTRY;INDUSTRY;Workers;Skilled workers;;1885-1935;Shanghai Municipal Council, Annual Report;
Fireworks factory worker;INDUSTRY;CHEMICAL INDUSTRY;Workers;Skilled workers;;1885-1935;Shanghai Municipal Council, Annual Report;
Fish monger;TRADE;RETAIL TRADE;Trade and Industry Business Owners;Small traders;;1885-1935;Shanghai Municipal Council, Annual Report;
Flags and sail maker;INDUSTRY;TEXTILE INDUSTRY;Trade and Industry Business Owners;Manufacturer;;1885-1935;Shanghai Municipal Council, Annual Report;
Florist;TRADE;RETAIL TRADE;Trade and Industry Business Owners;Small traders;;1885-1935;Shanghai Municipal Council, Annual Report;
Fortune teller;SERVICE;UNDEFINED;Unemployed;Unemployed;;1885-1935;Shanghai Municipal Council, Annual Report;
Freight Agent;;;Professionals and senior executives;Business agent;Department agent;1940;Rotary;
Freight measurer;SERVICE;SHIPPING;Professionals and senior executives;Professionals;;1885-1935;Shanghai Municipal Council, Annual Report;
Frigidaire Division;;;Professionals and senior executives;Business agent;Department agent;1940;Rotary;
Fruit Stall-holders;TRADE;RETAIL TRADE;Trade and Industry Business Owners;Small traders;;1885-1935;Shanghai Municipal Council, Annual Report;
Fuel merchant;TRADE;RETAIL TRADE;Trade and Industry Business Owners;Small traders;;1885-1935;Shanghai Municipal Council, Annual Report;
Furniture manufacturer;INDUSTRY;WOODWORKING INDUSTRY;Trade and Industry Business Owners;Manufacturer;;1885-1935;Shanghai Municipal Council, Annual Report;
Furrier;INDUSTRY;HANDICRAFT PRODUCTION;Trade and Industry Business Owners;Small traders;;1885-1935;Shanghai Municipal Council, Annual Report;
Gaolers and warden;ADMINISTRATION;MUNICIPAL ADMINISTRATION;Workers;Laborers;;1885-1935;Shanghai Municipal Council, Annual Report;
Garage owners and assistant;TRADE;TRANSPORTATION;Trade and Industry Business Owners;Small traders;;1885-1935;Shanghai Municipal Council, Annual Report;
Gardener;AGRICULTURE AND GARDENING;AGRICULTURE AND GARDENING;Farmers and gardeners;Farmers and gardeners;;1885-1935;Shanghai Municipal Council, Annual Report;
Gas fitter;TRADE;HANDICRAFT PRODUCTION;Workers;Skilled workers;;1885-1935;Shanghai Municipal Council, Annual Report;
Gas supply workers;INDUSTRY;PUBLIC UTILITY;Workers;Skilled workers;;1885-1935;Shanghai Municipal Council, Annual Report;
General Commercial Manager;;;Middle managers;Manager;Department manager;1940;Rotary;
General Manager;;;Professionals and senior executives;Business executive;General Manager;1940;Rotary;
General Manager & Chief Engineer;;;Professionals and senior executives;Business executive;General Manager;1937;Rotary;
General Passenger Agent;;;Professionals and senior executives;Business agent;Department agent;1940;Rotary;
General Secretary;;;Professionals and senior executives;Organization executive;Secretary;1940;Rotary;
Gentleman;MISCELLANEOUS CATEGORIES;UNDEFINED;Unemployed;Unemployed;;1885-1935;Shanghai Municipal Council, Annual Report;
Geologist;SERVICE;EDUCATION AND SCIENCE;Professionals and senior executives;Professors, literary and scientific professions;;1885-1935;Shanghai Municipal Council, Annual Report;
Glassmaker;INDUSTRY;HANDICRAFT PRODUCTION;Workers;Skilled workers;;1885-1935;Shanghai Municipal Council, Annual Report;
Glover;TRADE;HANDICRAFT PRODUCTION;Workers;Skilled workers;;1885-1935;Shanghai Municipal Council, Annual Report;
Golf professionnal;SERVICE;ENTERTAINMENT SERVICES;Other categories;Artists and other;;1885-1935;Shanghai Municipal Council, Annual Report;
Governor;;;Professionals and senior executives;Government and administrative official;Governor;1940;Rotary;
Groom;SERVICE;DOMESTIC SERVICES;Service staff;Other service staff;;1885-1935;Shanghai Municipal Council, Annual Report;
Gunsmith;TRADE;RETAIL TRADE;Trade and Industry Business Owners;Small traders;;1885-1935;Shanghai Municipal Council, Annual Report;
Hair dressers;TRADE;RETAIL TRADE;Trade and Industry Business Owners;Small traders;;1885-1935;Shanghai Municipal Council, Annual Report;
Handcart coolies;SERVICE;TRANSPORTATION;Workers;Laborers;;1885-1935;Shanghai Municipal Council, Annual Report;
Hardware dealer;TRADE;RETAIL TRADE;Trade and Industry Business Owners;Small traders;;1885-1935;Shanghai Municipal Council, Annual Report;
Hatmaker;TRADE;HANDICRAFT PRODUCTION;Workers;Skilled workers;;1885-1935;Shanghai Municipal Council, Annual Report;
Hawkers;TRADE;RETAIL TRADE;Workers;Small traders;;1885-1935;Shanghai Municipal Council, Annual Report;
Headmaster;;;Professionals and senior executives;Educational executive;Headmaster;1948;Rotary;
High Advisor to the Ministry of Communications;;;Professionals and senior executives;Expert;Advisor;1940;Rotary;
Historiographer;SERVICE;EDUCATION AND SCIENCE;Professionals and senior executives;Professors, literary and scientific professions;;1885-1935;Shanghai Municipal Council, Annual Report;
Horticulturist;AGRICULTURE AND GARDENING;AGRICULTURE AND GARDENING;Farmers and gardeners;Farmers and gardeners;;1885-1935;Shanghai Municipal Council, Annual Report;
Hosier;TRADE;TEXTILE INDUSTRY;Workers;Skilled workers;;1885-1935;Shanghai Municipal Council, Annual Report;
Hospital patient;MISCELLANEOUS CATEGORIES;UNDEFINED;Unemployed;Unemployed;;1885-1935;Shanghai Municipal Council, Annual Report;
Hospital Pharmacist;;;Professionals and senior executives;Medical executive;Pharmacist;1937;Rotary;
Hospital staff;SERVICE;DOMESTIC SERVICES;Employees;Office workers;;1885-1935;Shanghai Municipal Council, Annual Report;
Hot water seller;TRADE;RETAIL TRADE;Trade and Industry Business Owners;Small traders;;1885-1935;Shanghai Municipal Council, Annual Report;
Hotel runner;SERVICE;DOMESTIC SERVICES;Service staff;Other service staff;;1885-1935;Shanghai Municipal Council, Annual Report;
Import Department;;;Professionals and senior executives;Business agent;Department agent;1940;Rotary;
Importers and exporters;TRADE;RETAIL TRADE;Trade and Industry Business Owners;Wholesale traders;;1885-1935;Shanghai Municipal Council, Annual Report;
Ink maker;INDUSTRY;CHEMICAL INDUSTRY;Trade and Industry Business Owners;Small traders;;1885-1935;Shanghai Municipal Council, Annual Report;
Inn and hotel keeper;SERVICE;SERVICE;Trade and Industry Business Owners;Small traders;;1885-1935;Shanghai Municipal Council, Annual Report;
Insurance agents staff;SERVICE;FINANCE AND INSURANCE;Employees;Office workers;;1885-1935;Shanghai Municipal Council, Annual Report;
Interpreter;SERVICE;PROFESSIONAL;Professionals and senior executives;Professors, literary and scientific professions;;1885-1935;Shanghai Municipal Council, Annual Report;
Jewellers and silversmith;TRADE;RETAIL TRADE;Trade and Industry Business Owners;Small traders;;1885-1935;Shanghai Municipal Council, Annual Report;
Joss paper worker;INDUSTRY;HANDICRAFT PRODUCTION;Workers;Skilled workers;;1885-1935;Shanghai Municipal Council, Annual Report;
Journalist;SERVICE;PROFESSIONAL;Professionals and senior executives;Professors, literary and scientific professions;;1885-1935;Shanghai Municipal Council, Annual Report;
Judge;ADMINISTRATION;MUNICIPAL ADMINISTRATION;Professionals and senior executives;Professionals;;1885-1935;Shanghai Municipal Council, Annual Report;
Judicial officers;ADMINISTRATION;MUNICIPAL ADMINISTRATION;Professionals and senior executives;Professionals;;1885-1935;Shanghai Municipal Council, Annual Report;
Laborer;SERVICE;SERVICE;Workers;Laborers;;1885-1935;Shanghai Municipal Council, Annual Report;
Land-owner;MISCELLANEOUS CATEGORIES;UNDEFINED;Unemployed;Unemployed;;1885-1935;Shanghai Municipal Council, Annual Report;
Laundryman;TRADE;RETAIL TRADE;Trade and Industry Business Owners;Small traders;;1885-1935;Shanghai Municipal Council, Annual Report;
Lawyer;SERVICE;PROFESSIONAL;Professionals and senior executives;Professionals;;1885-1935;Shanghai Municipal Council, Annual Report;
Leather goods worker;INDUSTRY;INDUSTRY;Workers;Skilled workers;;1885-1935;Shanghai Municipal Council, Annual Report;
Librarian;ADMINISTRATION;MUNICIPAL ADMINISTRATION;Employees;Office workers;;1885-1935;Shanghai Municipal Council, Annual Report;
Lighthouse keeper;SERVICE;DOMESTIC SERVICES;Workers;Laborers;;1885-1935;Shanghai Municipal Council, Annual Report;
Lime and ash worker;INDUSTRY;CHEMICAL INDUSTRY;Workers;Skilled workers;;1885-1935;Shanghai Municipal Council, Annual Report;
Lithographer;INDUSTRY;PAPER AND PRINTING;Workers;Skilled workers;;1885-1935;Shanghai Municipal Council, Annual Report;
Livery stable keeper;TRADE;RETAIL TRADE;Trade and Industry Business Owners;Manufacturer;;1885-1935;Shanghai Municipal Council, Annual Report;
Locksmith;INDUSTRY;HANDICRAFT PRODUCTION;Workers;Skilled workers;;1885-1935;Shanghai Municipal Council, Annual Report;
Lodging house keeper;SERVICE;SERVICE;Trade and Industry Business Owners;Small traders;;1885-1935;Shanghai Municipal Council, Annual Report;
Lottery administration staff;SERVICE;SERVICE;Employees;Office workers;;1885-1935;Shanghai Municipal Council, Annual Report;
Lumberman;INDUSTRY;WOODWORKING INDUSTRY;Trade and Industry Business Owners;Small traders;;1885-1935;Shanghai Municipal Council, Annual Report;
Machine factory worker;INDUSTRY;MACHINERY AND METAL PRODUCTS;Workers;Skilled workers;;1885-1935;Shanghai Municipal Council, Annual Report;
Manager;;;Middle managers;Manager;Manager;1930;Rotary;
Manager for China;;;Middle managers;Manager;Local manager;1948;Rotary;
Managers (unclassified);INDUSTRY;INDUSTRY;Middle managers;Technicians;;1885-1935;Shanghai Municipal Council, Annual Report;
Managing Director;;;Professionals and senior executives;Business executive;Managing Director;1930;Rotary;
Manufacturer;INDUSTRY;INDUSTRY;Trade and Industry Business Owners;Manufacturer;;1885-1935;Shanghai Municipal Council, Annual Report;
Marine officer;SERVICE;SHIPPING;Middle managers;Technicians;;1885-1935;Shanghai Municipal Council, Annual Report;
Marine superintendent;SERVICE;SHIPPING;Middle managers;Technicians;;1885-1935;Shanghai Municipal Council, Annual Report;
Marine surveyor;SERVICE;SHIPPING;Middle managers;Technicians;;1885-1935;Shanghai Municipal Council, Annual Report;
Mariner;SERVICE;SHIPPING;Workers;Seamen;;1885-1935;Shanghai Municipal Council, Annual Report;
Mason;TRADE;HANDICRAFT PRODUCTION;Trade and Industry Business Owners;Craftsmen;;1885-1935;Shanghai Municipal Council, Annual Report;
Masseur;SERVICE;DOMESTIC SERVICES;Middle managers;Medical and social service technician;;1885-1935;Shanghai Municipal Council, Annual Report;
Master mariner;SERVICE;SHIPPING;Workers;Seamen;;1885-1935;Shanghai Municipal Council, Annual Report;
Match worker;INDUSTRY;CHEMICAL INDUSTRY;Workers;Skilled workers;;1885-1935;Shanghai Municipal Council, Annual Report;
Matmaker;INDUSTRY;HANDICRAFT PRODUCTION;Trade and Industry Business Owners;Manufacturer;;1885-1935;Shanghai Municipal Council, Annual Report;
Mayor;;;Professionals and senior executives;Government and administrative official;Municipal official;1948;Rotary;
Mechanic;INDUSTRY;MACHINERY AND METAL PRODUCTS;Workers;Skilled workers;;1885-1935;Shanghai Municipal Council, Annual Report;
Mechanical Supervisor;;;Professionals and senior executives;Business executive;Supervisor;1937;Rotary;
Medical practitioner;SERVICE;PROFESSIONAL;Professionals and senior executives;Professionals;;1885-1935;Shanghai Municipal Council, Annual Report;
Member;;;Professionals and senior executives;Religious official;Religious official;1937;Rotary;
Member Executive Committee;;;Professionals and senior executives;Business executive;Executive;1940;Rotary;
Mercantile assistant;TRADE;TRADE;Employees;Trade employees;;1885-1935;Shanghai Municipal Council, Annual Report;
Merchant;TRADE;RETAIL TRADE;Trade and Industry Business Owners;Small traders;;1885-1935;Shanghai Municipal Council, Annual Report;
Metal worker;INDUSTRY;MACHINERY AND METAL PRODUCTS;Workers;Skilled workers;;1885-1935;Shanghai Municipal Council, Annual Report;
Milkman;TRADE;RETAIL TRADE;Workers;Skilled workers;;1885-1935;Shanghai Municipal Council, Annual Report;
Mill and filature worker;INDUSTRY;TEXTILE INDUSTRY;Workers;Skilled workers;;1885-1935;Shanghai Municipal Council, Annual Report;
Mill Manager;;;Middle managers;Manager;Department manager;1940;Rotary;
Miller;INDUSTRY;FOOD AND TOBACCO INDUSTRY;Trade and Industry Business Owners;Manufacturer;;1885-1935;Shanghai Municipal Council, Annual Report;
Millwright;INDUSTRY;MACHINERY AND METAL PRODUCTS;Workers;Skilled workers;;1885-1935;Shanghai Municipal Council, Annual Report;
Miner;INDUSTRY;INDUSTRY;Workers;Skilled workers;;1885-1935;Shanghai Municipal Council, Annual Report;
Mining engineers;INDUSTRY;MACHINERY AND METAL PRODUCTS;Professionals and senior executives;Engineers;;1885-1935;Shanghai Municipal Council, Annual Report;
Minister for Sweden;;;Professionals and senior executives;Government and administrative official;Ambassador;1940;Rotary;
Mint worker;INDUSTRY;MACHINERY AND METAL PRODUCTS;Workers;Skilled workers;;1885-1935;Shanghai Municipal Council, Annual Report;
Missionaries;MISCELLANEOUS CATEGORIES;UNDEFINED;Other categories;Clergymen;;1885-1935;Shanghai Municipal Council, Annual Report;
Moneylender;SERVICE;FINANCE AND INSURANCE;Trade and Industry Business Owners;Small traders;;1885-1935;Shanghai Municipal Council, Annual Report;
Municipal Employee;ADMINISTRATION;MUNICIPAL ADMINISTRATION;Employees;Office workers;;1885-1935;Shanghai Municipal Council, Annual Report;
Musical instruments maker;TRADE;HANDICRAFT PRODUCTION;Trade and Industry Business Owners;Craftsmen;;1885-1935;Shanghai Municipal Council, Annual Report;
Musician;SERVICE;ENTERTAINMENT SERVICES;Other categories;Artists and other;;1885-1935;Shanghai Municipal Council, Annual Report;
National Vocational Secretary;;;Professionals and senior executives;Educational executive;Secretary;1948;Rotary;
Naval and Military officer;ADMINISTRATION;GOVERNMENT;Other categories;Army and police;;1885-1935;Shanghai Municipal Council, Annual Report;
Needlemaker;INDUSTRY;MACHINERY AND METAL PRODUCTS;Trade and Industry Business Owners;Manufacturer;;1885-1935;Shanghai Municipal Council, Annual Report;
Notary;SERVICE;PROFESSIONAL;Professionals and senior executives;Professionals;;1885-1935;Shanghai Municipal Council, Annual Report;
Nurse and midwife;SERVICE;DOMESTIC SERVICES;Middle managers;Medical and social service technician;;1885-1935;Shanghai Municipal Council, Annual Report;
Official (Public offices (includ. Customs));ADMINISTRATION;GOVERNMENT;Employees;Office workers;;1885-1935;Shanghai Municipal Council, Annual Report;
Oil and sauce dealer;TRADE;FOOD AND TOBACCO INDUSTRY;Trade and Industry Business Owners;Wholesale traders;;1885-1935;Shanghai Municipal Council, Annual Report;
Oil refiner;INDUSTRY;CHEMICAL INDUSTRY;Trade and Industry Business Owners;Manufacturer;;1885-1935;Shanghai Municipal Council, Annual Report;
Omnibus Co. Staff;SERVICE;TRANSPORTATION;Employees;Office workers;;1885-1935;Shanghai Municipal Council, Annual Report;
Optician;TRADE;RETAIL TRADE;Trade and Industry Business Owners;Small traders;;1885-1935;Shanghai Municipal Council, Annual Report;
Organist;SERVICE;ENTERTAINMENT SERVICES;Other categories;Artists and other;;1885-1935;Shanghai Municipal Council, Annual Report;
Ornament maker;TRADE;HANDICRAFT PRODUCTION;Trade and Industry Business Owners;Craftsmen;;1885-1935;Shanghai Municipal Council, Annual Report;
Overseer and inspector (unclassified);SERVICE;TRANSPORTATION;Middle managers;Technicians;;1885-1935;Shanghai Municipal Council, Annual Report;
Packer;INDUSTRY;PAPER AND PRINTING;Workers;Laborers;;1885-1935;Shanghai Municipal Council, Annual Report;
Painter;TRADE;HANDICRAFT PRODUCTION;Workers;Skilled workers;;1885-1935;Shanghai Municipal Council, Annual Report;
Paper articles makers;INDUSTRY;PAPER AND PRINTING;Trade and Industry Business Owners;Manufacturer;;1885-1935;Shanghai Municipal Council, Annual Report;
Paper hanger;TRADE;HANDICRAFT PRODUCTION;Workers;Skilled workers;;1885-1935;Shanghai Municipal Council, Annual Report;
Paper maker;INDUSTRY;PAPER AND PRINTING;Trade and Industry Business Owners;Manufacturer;;1885-1935;Shanghai Municipal Council, Annual Report;
Paper merchant;TRADE;PAPER AND PRINTING;Trade and Industry Business Owners;Wholesale traders;;1885-1935;Shanghai Municipal Council, Annual Report;
Partner;;;Professionals and senior executives;Professional;Partner;1930;Rotary;
Partner and Manager;;;Trade and Industry Business Owners;Business owner;Partner;1940;Rotary;
Pastor;;;Professionals and senior executives;Religious official;Religious official;1937;Rotary;
Pawnbroker;TRADE;FINANCE AND INSURANCE;Trade and Industry Business Owners;Small traders;;1885-1935;Shanghai Municipal Council, Annual Report;
Pedlar;TRADE;RETAIL TRADE;Trade and Industry Business Owners;Small traders;;1885-1935;Shanghai Municipal Council, Annual Report;
Peking Correspondent;;;Professionals and senior executives;Professional;Journalist;1937;Rotary;
Pensioner;MISCELLANEOUS CATEGORIES;UNDEFINED;Unemployed;Unemployed;;1885-1935;Shanghai Municipal Council, Annual Report;
Persons of independent Means;MISCELLANEOUS CATEGORIES;UNDEFINED;Unemployed;Unemployed;;1885-1935;Shanghai Municipal Council, Annual Report;
Phonograph dealer;TRADE;RETAIL TRADE;Trade and Industry Business Owners;Small traders;;1885-1935;Shanghai Municipal Council, Annual Report;
Photographer;INDUSTRY;PAPER AND PRINTING;Trade and Industry Business Owners;Craftsmen;;1885-1935;Shanghai Municipal Council, Annual Report;
Physical culturist;SERVICE;ENTERTAINMENT SERVICES;Other categories;Artists and other;;1885-1935;Shanghai Municipal Council, Annual Report;
Piano manufacturer;TRADE;HANDICRAFT PRODUCTION;Trade and Industry Business Owners;Small traders;;1885-1935;Shanghai Municipal Council, Annual Report;
Piano tuner;TRADE;HANDICRAFT PRODUCTION;Workers;Skilled workers;;1885-1935;Shanghai Municipal Council, Annual Report;
Pilot;SERVICE;SHIPPING;Workers;Skilled workers;;1885-1935;Shanghai Municipal Council, Annual Report;
Planter;AGRICULTURE AND GARDENING;AGRICULTURE AND GARDENING;Farmers and gardeners;Farmers and gardeners;;1885-1935;Shanghai Municipal Council, Annual Report;
Plaster worker;TRADE;HANDICRAFT PRODUCTION;Workers;Skilled workers;;1885-1935;Shanghai Municipal Council, Annual Report;
Plumber;TRADE;HANDICRAFT PRODUCTION;Workers;Skilled workers;;1885-1935;Shanghai Municipal Council, Annual Report;
Police;ADMINISTRATION;MUNICIPAL ADMINISTRATION;Other categories;Army and police;;1885-1935;Shanghai Municipal Council, Annual Report;
Porcelain maker;INDUSTRY;HANDICRAFT PRODUCTION;Trade and Industry Business Owners;Craftsmen;;1885-1935;Shanghai Municipal Council, Annual Report;
Postal worker;SERVICE;COMMUNICATION;Employees;Office workers;;1885-1935;Shanghai Municipal Council, Annual Report;
Poultry and game dealer;TRADE;RETAIL TRADE;Trade and Industry Business Owners;Wholesale traders;;1885-1935;Shanghai Municipal Council, Annual Report;
President;;;Professionals and senior executives;Business executive;President;1948;Rotary;
Printer;INDUSTRY;PAPER AND PRINTING;Workers;Skilled workers;;1885-1935;Shanghai Municipal Council, Annual Report;
Prisoner;MISCELLANEOUS CATEGORIES;UNDEFINED;Unemployed;Unemployed;;1885-1935;Shanghai Municipal Council, Annual Report;
Private Business;;;Trade and Industry Business Owners;Business owner;Business owner;1937;Rotary;
Private detective;SERVICE;PROFESSIONAL;Professionals and senior executives;Professors, literary and scientific professions;;1885-1935;Shanghai Municipal Council, Annual Report;
Procession equipment dealer;TRADE;RETAIL TRADE;Trade and Industry Business Owners;Wholesale traders;;1885-1935;Shanghai Municipal Council, Annual Report;
Professor;;;Professionals and senior executives;Professional;Professor;1937;Rotary;
Professor and teacher;SERVICE;EDUCATION AND SCIENCE;Professionals and senior executives;Professors, literary and scientific professions;;1885-1935;Shanghai Municipal Council, Annual Report;
Professor of Surgery;;;Professionals and senior executives;Professional;Professor;1948;Rotary;
Professors of music;SERVICE;EDUCATION AND SCIENCE;Professionals and senior executives;Professors, literary and scientific professions;;1885-1935;Shanghai Municipal Council, Annual Report;
Proprietor;;;Trade and Industry Business Owners;Business owner;Proprietor;1930;Rotary;
Prospector;SERVICE;PROFESSIONAL;Professionals and senior executives;Engineers;;1885-1935;Shanghai Municipal Council, Annual Report;
Public companies agent;INDUSTRY;PUBLIC UTILITY;Employees;Office workers;;1885-1935;Shanghai Municipal Council, Annual Report;
Public health officer and worker;ADMINISTRATION;MUNICIPAL ADMINISTRATION;Employees;Office workers;;1885-1935;Shanghai Municipal Council, Annual Report;
Publisher;;;Professionals and senior executives;Professional;Publisher;1937;Rotary;
Quack;SERVICE;UNDEFINED;Unemployed;Unemployed;;1885-1935;Shanghai Municipal Council, Annual Report;
Railway official;SERVICE;TRANSPORTATION;Employees;Office workers;;1885-1935;Shanghai Municipal Council, Annual Report;
Railway staff;SERVICE;TRANSPORTATION;Employees;Office workers;;1885-1935;Shanghai Municipal Council, Annual Report;
Real estate agents;SERVICE;SERVICE;Trade and Industry Business Owners;Wholesale traders;;1885-1935;Shanghai Municipal Council, Annual Report;
Regional Secretary;;;Professionals and senior executives;Religious official;Secretary;1937;Rotary;
Rent collector;SERVICE;SERVICE;Middle managers;Technicians;;1885-1935;Shanghai Municipal Council, Annual Report;
Representative;;;Professionals and senior executives;Business agent;Representative;1948;Rotary;
Representative, Shanghai;;;Professionals and senior executives;Business agent;Local representative;1940;Rotary;
Restaurant keeper, tea-house and bar tender;TRADE;RETAIL TRADE;Trade and Industry Business Owners;Small traders;;1885-1935;Shanghai Municipal Council, Annual Report;
Retired;;;Retired;Pensioneer;Pensioneer;1940;Rotary;
Ricsha puller;SERVICE;TRANSPORTATION;Workers;Laborers;;1885-1935;Shanghai Municipal Council, Annual Report;
Rink master;SERVICE;SHIPPING;Unemployed;Unemployed;;1885-1935;Shanghai Municipal Council, Annual Report;
Rope maker;INDUSTRY;HANDICRAFT PRODUCTION;Trade and Industry Business Owners;Manufacturer;;1885-1935;Shanghai Municipal Council, Annual Report;
Rubber goods worker;INDUSTRY;LEATHER AND RUBBER INDUSTRY;Workers;Skilled workers;;1885-1935;Shanghai Municipal Council, Annual Report;
Saddler;TRADE;HANDICRAFT PRODUCTION;Trade and Industry Business Owners;Craftsmen;;1885-1935;Shanghai Municipal Council, Annual Report;
Sales Manager;;;Middle managers;Manager;Department manager;1940;Rotary;
Salesman;TRADE;TRADE;Employees;Trade employees;;1885-1935;Shanghai Municipal Council, Annual Report;
Scalemaker;TRADE;HANDICRAFT PRODUCTION;Trade and Industry Business Owners;Manufacturer;;1885-1935;Shanghai Municipal Council, Annual Report;
Sculptor;SERVICE;ENTERTAINMENT SERVICES;Other categories;Artists and other;;1885-1935;Shanghai Municipal Council, Annual Report;
Seaman;SERVICE;SHIPPING;Workers;Seamen;;1885-1935;Shanghai Municipal Council, Annual Report;
Second hand goods dealers;TRADE;RETAIL TRADE;Trade and Industry Business Owners;Small traders;;1885-1935;Shanghai Municipal Council, Annual Report;
Secretary;;;Professionals and senior executives;Organization executive;Secretary;1940;Rotary;
Secretary for China;;;Professionals and senior executives;Organization executive;Local Secretary;1930;Rotary;
Secretary of clubs, etc;SERVICE;SERVICE;Employees;Office workers;;1885-1935;Shanghai Municipal Council, Annual Report;
Secretary-Treasurer;;;Professionals and senior executives;Business executive;Secretary;1940;Rotary;
Senior Partner;;;Professionals and senior executives;Professional;Partner;1930;Rotary;
Servant;SERVICE;DOMESTIC SERVICES;Service staff;Other service staff;;1885-1935;Shanghai Municipal Council, Annual Report;
Ship agent;TRADE;SHIPPING;Trade and Industry Business Owners;Small traders;;1885-1935;Shanghai Municipal Council, Annual Report;
Ship-wright;INDUSTRY;SHIPPING;Trade and Industry Business Owners;Small traders;;1885-1935;Shanghai Municipal Council, Annual Report;
Shipping master;SERVICE;SHIPPING;Workers;Skilled workers;;1885-1935;Shanghai Municipal Council, Annual Report;
Shirtmaker;TRADE;TEXTILE INDUSTRY;Trade and Industry Business Owners;Manufacturer;;1885-1935;Shanghai Municipal Council, Annual Report;
Shoe and hat merchants;TRADE;HANDICRAFT PRODUCTION;Workers;Skilled workers;;1885-1935;Shanghai Municipal Council, Annual Report;
Shoemaker;INDUSTRY;HANDICRAFT PRODUCTION;Trade and Industry Business Owners;Manufacturer;;1885-1935;Shanghai Municipal Council, Annual Report;
Signalman;SERVICE;COMMUNICATION;Employees;Office workers;;1885-1935;Shanghai Municipal Council, Annual Report;
Silk inspector;TRADE;TEXTILE INDUSTRY;Middle managers;Technicians;;1885-1935;Shanghai Municipal Council, Annual Report;
Silk merchant;TRADE;RETAIL TRADE;Trade and Industry Business Owners;Wholesale traders;;1885-1935;Shanghai Municipal Council, Annual Report;
Silk reeler;INDUSTRY;TEXTILE INDUSTRY;Workers;Skilled workers;;1885-1935;Shanghai Municipal Council, Annual Report;
Singers and dancers;SERVICE;ENTERTAINMENT SERVICES;Other categories;Artists and other;;1885-1935;Shanghai Municipal Council, Annual Report;
Skin inspector;TRADE;LEATHER AND RUBBER INDUSTRY;Middle managers;Technicians;;1885-1935;Shanghai Municipal Council, Annual Report;
Soap maker;INDUSTRY;CHEMICAL INDUSTRY;Workers;Skilled workers;;1885-1935;Shanghai Municipal Council, Annual Report;
Soldier;ADMINISTRATION;GOVERNMENT;Other categories;Army and police;;1885-1935;Shanghai Municipal Council, Annual Report;
Special Representative;;;Professionals and senior executives;Business agent;Representative;1937;Rotary;
Specialist;SERVICE;PROFESSIONAL;Unemployed;Unemployed;;1885-1935;Shanghai Municipal Council, Annual Report;
Spice maker;INDUSTRY;FOOD AND TOBACCO INDUSTRY;Trade and Industry Business Owners;Small traders;;1885-1935;Shanghai Municipal Council, Annual Report;
Stamp dealer;TRADE;RETAIL TRADE;Trade and Industry Business Owners;Small traders;;1885-1935;Shanghai Municipal Council, Annual Report;
Stationer;TRADE;RETAIL TRADE;Trade and Industry Business Owners;Small traders;;1885-1935;Shanghai Municipal Council, Annual Report;
Statistician;SERVICE;PROFESSIONAL;Professionals and senior executives;Professionals;;1885-1935;Shanghai Municipal Council, Annual Report;
Stenographer;SERVICE;SERVICE;Middle managers;Technicians;;1885-1935;Shanghai Municipal Council, Annual Report;
Steward;SERVICE;DOMESTIC SERVICES;Service staff;Other service staff;;1885-1935;Shanghai Municipal Council, Annual Report;
Stone cutter;TRADE;HANDICRAFT PRODUCTION;Workers;Skilled workers;;1885-1935;Shanghai Municipal Council, Annual Report;
Store staff;TRADE;RETAIL TRADE;Employees;Trade employees;;1885-1935;Shanghai Municipal Council, Annual Report;
Storekeepers;TRADE;RETAIL TRADE;Trade and Industry Business Owners;Small traders;;1885-1935;Shanghai Municipal Council, Annual Report;
Straw braid inspector;INDUSTRY;TEXTILE INDUSTRY;Middle managers;Technicians;;1885-1935;Shanghai Municipal Council, Annual Report;
Student;MISCELLANEOUS CATEGORIES;UNDEFINED;Unemployed;Unemployed;;1885-1935;Shanghai Municipal Council, Annual Report;
Sub-Manager;;;Middle managers;Manager;Manager;1940;Rotary;
Superintendent;;;Professionals and senior executives;Educational executive;Superintendent;1937;Rotary;
Supt. Of Hospital;;;Professionals and senior executives;Medical executive;Superintendent;1937;Rotary;
Surveyor;SERVICE;PROFESSIONAL;Middle managers;Technicians;;1885-1935;Shanghai Municipal Council, Annual Report;
Tailors, dressmakers and embroiderer;INDUSTRY;HANDICRAFT PRODUCTION;Trade and Industry Business Owners;Small traders;;1885-1935;Shanghai Municipal Council, Annual Report;
Tanner;INDUSTRY;LEATHER AND RUBBER INDUSTRY;Trade and Industry Business Owners;Small traders;;1885-1935;Shanghai Municipal Council, Annual Report;
Tattoer;MISCELLANEOUS CATEGORIES;UNDEFINED;Trade and Industry Business Owners;Small traders;;1885-1935;Shanghai Municipal Council, Annual Report;
Tax collector;SERVICE;MUNICIPAL ADMINISTRATION;Employees;Office workers;;1885-1935;Shanghai Municipal Council, Annual Report;
Tea inspector;INDUSTRY;FOOD AND TOBACCO INDUSTRY;Middle managers;Technicians;;1885-1935;Shanghai Municipal Council, Annual Report;
Tea merchant;TRADE;RETAIL TRADE;Trade and Industry Business Owners;Wholesale traders;;1885-1935;Shanghai Municipal Council, Annual Report;
Teacher;;;Professionals and senior executives;Professional;Teacher;1937;Rotary;
Telegraphist;SERVICE;COMMUNICATION;Employees;Office workers;;1885-1935;Shanghai Municipal Council, Annual Report;
Telephone Co. Employees;SERVICE;COMMUNICATION;Employees;Office workers;;1885-1935;Shanghai Municipal Council, Annual Report;
Telephone engineer;SERVICE;PROFESSIONAL;Professionals and senior executives;Engineers;;1885-1935;Shanghai Municipal Council, Annual Report;
Telephone operator;SERVICE;COMMUNICATION;Employees;Office workers;;1885-1935;Shanghai Municipal Council, Annual Report;
Tobacco manufacturer;INDUSTRY;FOOD AND TOBACCO INDUSTRY;Trade and Industry Business Owners;Manufacturer;;1885-1935;Shanghai Municipal Council, Annual Report;
Tobacconists;TRADE;RETAIL TRADE;Trade and Industry Business Owners;Small traders;;1885-1935;Shanghai Municipal Council, Annual Report;
Tooth brush makers;INDUSTRY;OTHER INDUSTRY;Trade and Industry Business Owners;Manufacturer;;1885-1935;Shanghai Municipal Council, Annual Report;
Tortoiseshell worker;INDUSTRY;HANDICRAFT PRODUCTION;Workers;Skilled workers;;1885-1935;Shanghai Municipal Council, Annual Report;
Toy maker;INDUSTRY;OTHER INDUSTRY;Trade and Industry Business Owners;Manufacturer;;1885-1935;Shanghai Municipal Council, Annual Report;
Traffic Accountant;;;Professionals and senior executives;Professional;Accountant;1940;Rotary;
Trainer (dog, horse, poney);SERVICE;ENTERTAINMENT SERVICES;Other categories;Artists and other;;1885-1935;Shanghai Municipal Council, Annual Report;
Tramway official;SERVICE;TRANSPORTATION;Middle managers;Middle administrative managers;;1885-1935;Shanghai Municipal Council, Annual Report;
Translator;SERVICE;PROFESSIONAL;Middle managers;Technicians;;1885-1935;Shanghai Municipal Council, Annual Report;
Transportation worker;SERVICE;TRANSPORTATION;Workers;Laborers;;1885-1935;Shanghai Municipal Council, Annual Report;
Travelers;MISCELLANEOUS CATEGORIES;UNDEFINED;Unemployed;Unemployed;;1885-1935;Shanghai Municipal Council, Annual Report;
Treasurer;;;Professionals and senior executives;Business executive;Treasurer;1940;Rotary;
Trunk and box maker;INDUSTRY;WOODWORKING INDUSTRY;Workers;Skilled workers;;1885-1935;Shanghai Municipal Council, Annual Report;
Trust Dept. Chief;;;Professionals and senior executives;Business executive;Department Chief;1937;Rotary;
U.S. Commercial Attache;;;Professionals and senior executives;Expert;Commercial Attaché;1948;Rotary;
Undertaker;TRADE;RETAIL TRADE;Trade and Industry Business Owners;Small traders;;1885-1935;Shanghai Municipal Council, Annual Report;
Underwriter;SERVICE;FINANCE AND INSURANCE;Professionals and senior executives;Professionals;;1885-1935;Shanghai Municipal Council, Annual Report;
Unemployed;MISCELLANEOUS CATEGORIES;UNDEFINED;Unemployed;Unemployed;;1885-1935;Shanghai Municipal Council, Annual Report;
Unstated, family dependents and minor;MISCELLANEOUS CATEGORIES;UNDEFINED;Unemployed;Unemployed;;1885-1935;Shanghai Municipal Council, Annual Report;
Usher;SERVICE;DOMESTIC SERVICES;Service staff;Other service staff;;1885-1935;Shanghai Municipal Council, Annual Report;
Vegetable vendor;TRADE;RETAIL TRADE;Trade and Industry Business Owners;Small traders;;1885-1935;Shanghai Municipal Council, Annual Report;
Vehicule dealer;TRADE;RETAIL TRADE;Trade and Industry Business Owners;Small traders;;1885-1935;Shanghai Municipal Council, Annual Report;
Veterinarian;SERVICE;PROFESSIONAL;Professionals and senior executives;Professionals;;1885-1935;Shanghai Municipal Council, Annual Report;
Vice President;;;Professionals and senior executives;Business executive;Vice-President;1930;Rotary;
Vice-President;;;Professionals and senior executives;Business executive;Vice-President;1948;Rotary;
Watchmaker;TRADE;HANDICRAFT PRODUCTION;Trade and Industry Business Owners;Small traders;;1885-1935;Shanghai Municipal Council, Annual Report;
Watchman;SERVICE;DOMESTIC SERVICES;Workers;Laborers;;1885-1935;Shanghai Municipal Council, Annual Report;
Water supply worker;INDUSTRY;PUBLIC UTILITY;Workers;Skilled workers;;1885-1935;Shanghai Municipal Council, Annual Report;
Welder;INDUSTRY;MACHINERY AND METAL PRODUCTS;Workers;Skilled workers;;1885-1935;Shanghai Municipal Council, Annual Report;
Well driller;TRADE;HANDICRAFT PRODUCTION;Workers;Skilled workers;;1885-1935;Shanghai Municipal Council, Annual Report;
Wharfinger;SERVICE;SHIPPING;Workers;Seamen;;1885-1935;Shanghai Municipal Council, Annual Report;
Wine merchants;INDUSTRY;FOOD AND TOBACCO INDUSTRY;Trade and Industry Business Owners;Small traders;;1885-1935;Shanghai Municipal Council, Annual Report;
Wireless operators;SERVICE;COMMUNICATION;Employees;Office workers;;1885-1935;Shanghai Municipal Council, Annual Report;
Woollen goods dealers;INDUSTRY;TEXTILE INDUSTRY;Trade and Industry Business Owners;Small traders;;1885-1935;Shanghai Municipal Council, Annual Report;
