Position_Eng_Srce;Sector_1;Sector_2;Occupation_Category;Occupation_Subcategory;Occupation_Detail;Typology_Source
Accountant;SERVICE;SERVICE;Professionals and senior executives;Professionals;;Both
Accountants;SERVICE;SERVICE;Professionals and senior executives;Professionals;;SMC
Acting Manager;;;Middle managers;Manager;Manager;Typo_positions
Activities Secretary;;;Professionals and senior executives;Organization executive;Secretary;Typo_positions
Actuary;SERVICE;FINANCE AND INSURANCE;Professionals and senior executives;Professionals;;Both
Advertising agent;SERVICE;SERVICE;Trade and Industry Business Owners;Small traders;;Both
Advertising agents;SERVICE;SERVICE;Trade and Industry Business Owners;Small traders;;SMC
Aerated water manufacturer;INDUSTRY;FOOD AND TOBACCO INDUSTRY;Trade and Industry Business Owners;Manufacturer;;Both
Aerated water worker;INDUSTRY;FOOD AND TOBACCO INDUSTRY;Workers;Laborers;;SMC
Aerated water workers;INDUSTRY;FOOD AND TOBACCO INDUSTRY;Workers;Laborers;;Both
Agent, Shanghai;;;Professionals and senior executives;Business agent;Local agent;Typo_positions
Amusement Resort Keepers and staff;SERVICE;ENTERTAINMENT SERVICES;Employees;Office workers;;Both
Analyst;SERVICE;PROFESSIONAL;Professionals and senior executives;Professionals;;Both
Apprentice;TRADE;TRADE;Workers;Apprentices;;Both
Apprentices;TRADE;TRADE;Workers;Apprentices;;SMC
Archaeologist;SERVICE;EDUCATION AND SCIENCE;Professionals and senior executives;Professors, literary and scientific professions;;Both
Architect;SERVICE;PROFESSIONAL;Professionals and senior executives;Professionals;;Both
Architects;SERVICE;PROFESSIONAL;Professionals and senior executives;Professionals;;SMC
Artificial stone maker;TRADE;HANDICRAFT PRODUCTION;Workers;Skilled workers;;Both
Artisan;INDUSTRY;INDUSTRY;Trade and Industry Business Owners;Craftsmen;;Both
Artisans;INDUSTRY;OTHER INDUSTRY;Trade and Industry Business Owners;Craftsmen;;Both
Artists;SERVICE;ENTERTAINMENT SERVICES;Other categories;Artists and other;;Both
Assayer;SERVICE;FINANCE AND INSURANCE;Trade and Industry Business Owners;Small traders;;Both
Assistant General Manager;;;Middle managers;Manager;General Manager;Typo_positions
Assistant Manager;;;Middle managers;Manager;Manager;Typo_positions
Assistant Representative for China;;;Professionals and senior executives;Business agent;Local representative;Typo_positions
Assistant Secretary;;;Professionals and senior executives;Government and administrative official;Secretary;Typo_positions
Associate;;;Professionals and senior executives;Professional;Associate;Typo_positions
Associate Director;;;Professionals and senior executives;Organization executive;Director;Typo_positions
Associate General Secretary;;;Professionals and senior executives;Organization executive;Secretary;Typo_positions
Astronomer;SERVICE;EDUCATION AND SCIENCE;Professionals and senior executives;Professors, literary and scientific professions;;Both
Auctioneer;TRADE;TRADE;Trade and Industry Business Owners;Wholesale traders;;Both
Author;SERVICE;PROFESSIONAL;Professionals and senior executives;Professors, literary and scientific professions;;Both
Authors;SERVICE;PROFESSIONAL;Professionals and senior executives;Professors, literary and scientific professions;;SMC
Average ajuster;SERVICE;FINANCE AND INSURANCE;Professionals and senior executives;Professionals;;Both
Aviator;SERVICE;TRANSPORTATION;Professionals and senior executives;Engineers;;Both
Aviators;SERVICE;TRANSPORTATION;Professionals and senior executives;Engineers;;Both
Baker;INDUSTRY;FOOD AND TOBACCO INDUSTRY;Trade and Industry Business Owners;Small traders;;Both
Bakers and confectionners;INDUSTRY;FOOD AND TOBACCO INDUSTRY;Trade and Industry Business Owners;Small traders;;Both
Bamboo Worker;INDUSTRY;WOODWORKING INDUSTRY;Workers;Skilled workers;;Both
Bamboo Workers;INDUSTRY;WOODWORKING INDUSTRY;Workers;Skilled workers;;SMC
Bankers' staff;SERVICE;FINANCE AND INSURANCE;Employees;Office workers;;Both
Bath house keepers;SERVICE;SERVICE;Trade and Industry Business Owners;Small traders;;Both
Bill collector;TRADE;TRADE;Trade and Industry Business Owners;Small traders;;Both
Billiard setter;SERVICE;HANDICRAFT PRODUCTION;Workers;Skilled workers;;Both
Bishop;;;Professionals and senior executives;Religious official;Religious officials;Typo_positions
Blacksmith;INDUSTRY;HANDICRAFT PRODUCTION;Workers;Skilled workers;;Both
Blacksmiths and coppersmiths;INDUSTRY;HANDICRAFT PRODUCTION;Workers;Skilled workers;;SMC
Boarding house keeper;SERVICE;SERVICE;Trade and Industry Business Owners;Small traders;;Both
Boarding houses, Inn and hotel keepers;SERVICE;SERVICE;Trade and Industry Business Owners;Small traders;;SMC
Boilermaker;INDUSTRY;HANDICRAFT PRODUCTION;Workers;Skilled workers;;Both
Bookbinder;TRADE;PAPER AND PRINTING;Workers;Skilled workers;;Both
Booksellers and publishers;TRADE;PAPER AND PRINTING;Trade and Industry Business Owners;Small traders;;SMC
Booksellers and stationer;TRADE;PAPER AND PRINTING;Trade and Industry Business Owners;Small traders;;Both
Boxer;SERVICE;ENTERTAINMENT SERVICES;Other categories;Artists and other;;Both
Brewer;INDUSTRY;FOOD AND TOBACCO INDUSTRY;Trade and Industry Business Owners;Manufacturer;;Both
Brewers;INDUSTRY;FOOD AND TOBACCO INDUSTRY;Trade and Industry Business Owners;Manufacturer;;SMC
Brick and tile maker;INDUSTRY;HANDICRAFT PRODUCTION;Workers;Skilled workers;;Both
Brick and tile makers;INDUSTRY;HANDICRAFT PRODUCTION;Workers;Skilled workers;;SMC
Broker;SERVICE;FINANCE AND INSURANCE;Trade and Industry Business Owners;Small traders;;Both
Brokers;SERVICE;FINANCE AND INSURANCE;Trade and Industry Business Owners;Small traders;;SMC
Butcher;TRADE;RETAIL TRADE;Trade and Industry Business Owners;Small traders;;Both
Butchers;TRADE;RETAIL TRADE;Trade and Industry Business Owners;Small traders;;SMC
Carder and spinner;INDUSTRY;TEXTILE INDUSTRY;Workers;Skilled workers;;Both
Carpenter and cabinet maker;INDUSTRY;WOODWORKING INDUSTRY;Workers;Skilled workers;;Both
Carpet maker;INDUSTRY;TEXTILE INDUSTRY;Workers;Skilled workers;;Both
Carriage builder;INDUSTRY;MACHINERY AND METAL PRODUCTS;Trade and Industry Business Owners;Manufacturer;;Both
Cereal dealer;TRADE;RETAIL TRADE;Trade and Industry Business Owners;Wholesale traders;;Both
Cereal dealers;TRADE;RETAIL TRADE;Trade and Industry Business Owners;Wholesale traders;;SMC
Chauffeur;SERVICE;DOMESTIC SERVICES;Service staff;Other service staff;;Both
Chauffeurs;SERVICE;DOMESTIC SERVICES;Service staff;Other service staff;;SMC
Chemist;TRADE;RETAIL TRADE;Trade and Industry Business Owners;Small traders;;Both
Chief Editor;;;Professionals and senior executives;Professional;Editor;Typo_positions
Chief Engineer;;;Professionals and senior executives;Expert;Engineer;Typo_positions
Chief, Traffic & Licence Dept;;;Professionals and senior executives;Government and administrative official;Municipal official;Typo_positions
China Manager;;;Middle managers;Manager;Local manager;Typo_positions
China Representative;;;Professionals and senior executives;Business agent;Local representative;Typo_positions
Chinese Manager;;;Middle managers;Manager;Local manager;Typo_positions
Chinese Sales Executive;;;Professionals and senior executives;Business executive;Sales Executive;Typo_positions
Cinematograph operators;SERVICE;SERVICE;Trade and Industry Business Owners;Small traders;;SMC
Cinematographer;SERVICE;SERVICE;Trade and Industry Business Owners;Small traders;;Both
Civil Engineer;SERVICE;PROFESSIONAL;Professionals and senior executives;Engineers;;Both
Clergyman;MISCELLANEOUS CATEGORIES;UNDEFINED;Other categories;Clergymen;;Both
Clerk;SERVICE;SERVICE;Employees;Office workers;;Both
Clerks;SERVICE;SERVICE;Employees;Office workers;;SMC
Co-Proprietor and Partner;;;Trade and Industry Business Owners;Business owner;Proprietor;Typo_positions
Commercial Councellor;;;Professionals and senior executives;Expert;Commercial Counsellor;Typo_positions
Commercial Counsellor;;;Professionals and senior executives;Expert;Commercial Counsellor;Typo_positions
Commercial Diplomatic Secretary;;;Professionals and senior executives;Government and administrative official;Secretary;Typo_positions
Commission agent;TRADE;TRADE;Trade and Industry Business Owners;Small traders;;Both
Commission agents;TRADE;TRADE;Trade and Industry Business Owners;Small traders;;SMC
Commissioner;;;Professionals and senior executives;Government and administrative official;Municipal official;Typo_positions
Compradore;;;Professionals and senior executives;Business agent;Agent;Typo_positions
Confectioner;TRADE;RETAIL TRADE;Trade and Industry Business Owners;Small traders;;Both
Consul General;;;Professionals and senior executives;Government and administrative official;Consul;Typo_positions
Consul General for the Netherlands;;;Professionals and senior executives;Government and administrative official;Consul;Typo_positions
Consular official;ADMINISTRATION;GOVERNMENT;Middle managers;Middle administrative managers;;Both
Consulting engineer;SERVICE;PROFESSIONAL;Professionals and senior executives;Engineers;;Both
Contractor;TRADE;UNDEFINED;Trade and Industry Business Owners;Manufacturer;;Both
Contractors;SERVICE;PROFESSIONAL;Professionals and senior executives;Engineers;;SMC
Controller;;;Professionals and senior executives;Educational executive;Controller;Typo_positions
Cook;SERVICE;DOMESTIC SERVICES;Service staff;Other service staff;;Both
Cooks;SERVICE;DOMESTIC SERVICES;Service staff;Other service staff;;SMC
Coolies;SERVICE;TRANSPORTATION;Workers;Laborers;;Both
Cosmetic factory worker;INDUSTRY;CHEMICAL INDUSTRY;Workers;Skilled workers;;Both
Cosmetic factory workers;INDUSTRY;CHEMICAL INDUSTRY;Workers;Skilled workers;;SMC
Cotton tester;INDUSTRY;TEXTILE INDUSTRY;Middle managers;Technicians;;Both
Curio dealer;TRADE;RETAIL TRADE;Trade and Industry Business Owners;Small traders;;Both
Curio dealers;TRADE;RETAIL TRADE;Trade and Industry Business Owners;Small traders;;SMC
Custodian and Curator of Department of Conchology;;;Professionals and senior executives;Expert;Curator;Typo_positions
Custodians;SERVICE;FINANCE AND INSURANCE;Trade and Industry Business Owners;Small traders;;Both
Dairy keeper;TRADE;RETAIL TRADE;Trade and Industry Business Owners;Manufacturer;;Both
Dairymen;TRADE;RETAIL TRADE;Trade and Industry Business Owners;Small traders;;Both
Dean;;;Professionals and senior executives;Educational executive;Dean;Typo_positions
Dentist;SERVICE;PROFESSIONAL;Professionals and senior executives;Professionals;;Both
Dentists;SERVICE;PROFESSIONAL;Professionals and senior executives;Professionals;;SMC
Dept. Manager;;;Middle managers;Manager;Department manager;Typo_positions
Deputy Commissioner;;;Professionals and senior executives;Government and administrative official;Municipal official;Typo_positions
Diplomat;ADMINISTRATION;GOVERNMENT;Professionals and senior executives;Senior administrative executives;;Both
Diplomats;ADMINISTRATION;GOVERNMENT;Professionals and senior executives;Senior administrative executives;;SMC
Director;;;Professionals and senior executives;Medical executive;Director;Typo_positions
Director of Field Program;;;Professionals and senior executives;Organization executive;Director;Typo_positions
Director of Personnel;;;Professionals and senior executives;Business executive;Director;Typo_positions
Director of Physical Education;;;Professionals and senior executives;Educational executive;Director;Typo_positions
Director of Sales;;;Professionals and senior executives;Business executive;Director;Typo_positions
Disinfector;TRADE;RETAIL TRADE;Workers;Skilled workers;;Both
Distiller;INDUSTRY;FOOD AND TOBACCO INDUSTRY;Trade and Industry Business Owners;Manufacturer;;Both
District Commissioner;;;Professionals and senior executives;Government and administrative official;Commissioner;Typo_positions
District Governor (Past);;;Professionals and senior executives;Government and administrative official;Governor;Typo_positions
District Manager;;;Middle managers;Manager;Local manager;Typo_positions
District Sales Manager;;;Middle managers;Manager;Local manager;Typo_positions
Diver;MISCELLANEOUS CATEGORIES;SHIPPING;Workers;Skilled workers;;Both
Dock master;SERVICE;SHIPPING;Middle managers;Technicians;;Both
Draper and milliner;TRADE;TEXTILE INDUSTRY;Trade and Industry Business Owners;Small traders;;Both
Drapers;TRADE;TEXTILE INDUSTRY;Trade and Industry Business Owners;Small traders;;SMC
Draughtsman;INDUSTRY;PAPER AND PRINTING;Middle managers;Technicians;;Both
Dried food dealer;TRADE;RETAIL TRADE;Trade and Industry Business Owners;Wholesale traders;;Both
Dried food dealers;TRADE;RETAIL TRADE;Trade and Industry Business Owners;Wholesale traders;;SMC
Drill instructor;ADMINISTRATION;GOVERNMENT;Other categories;Army and police;;Both
Druggist;TRADE;PROFESSIONAL;Professionals and senior executives;Professionals;;Both
Druggists;TRADE;PROFESSIONAL;Professionals and senior executives;Professionals;;SMC
Dyer;INDUSTRY;CHEMICAL INDUSTRY;Workers;Skilled workers;;Both
Dyers;INDUSTRY;CHEMICAL INDUSTRY;Workers;Skilled workers;;SMC
Editor;;;Professionals and senior executives;Professional;Editor;Typo_positions
Egg dealers;TRADE;RETAIL TRADE;Trade and Industry Business Owners;Wholesale traders;;Both
Electrical instruments makers;INDUSTRY;OTHER INDUSTRY;Trade and Industry Business Owners;Manufacturer;;Both
Electrician;INDUSTRY;HANDICRAFT PRODUCTION;Workers;Skilled workers;;Both
Electricity supply worker;INDUSTRY;PUBLIC UTILITY;Workers;Skilled workers;;SMC
Electricity supply workers;INDUSTRY;PUBLIC UTILITY;Workers;Skilled workers;;Both
Electro-plater;INDUSTRY;HANDICRAFT PRODUCTION;Workers;Skilled workers;;Both
Electro-platers;INDUSTRY;HANDICRAFT PRODUCTION;Workers;Skilled workers;;SMC
Embroiderer;INDUSTRY;TEXTILE INDUSTRY;Workers;Skilled workers;;Both
Embroiderers;INDUSTRY;TEXTILE INDUSTRY;Workers;Skilled workers;;SMC
Employment agent;SERVICE;SERVICE;Trade and Industry Business Owners;Small traders;;Both
Employment agents;SERVICE;SERVICE;Trade and Industry Business Owners;Small traders;;SMC
Engineer;;;Professionals and senior executives;Professional;Engineer;Typo_positions
Engineer, machinist and shipbuilder;INDUSTRY;MACHINERY AND METAL PRODUCTS;Professionals and senior executives;Engineers;;Both
Engineers;INDUSTRY;MACHINERY AND METAL PRODUCTS;Professionals and senior executives;Engineers;;Both
Engraver;INDUSTRY;HANDICRAFT PRODUCTION;Workers;Skilled workers;;Both
Entertainers and actors;SERVICE;ENTERTAINMENT SERVICES;Other categories;Artists and other;;Both
Entomologist;SERVICE;EDUCATION AND SCIENCE;Professionals and senior executives;Professors, literary and scientific professions;;Both
Executive Secretary;;;Professionals and senior executives;Organization executive;Secretary;Typo_positions
Factory executives;INDUSTRY;INDUSTRY;Professionals and senior executives;Senior administrative executives;;Both
Factory Representative;;;Professionals and senior executives;Business agent;Department representative;Typo_positions
Factory staff;INDUSTRY;TEXTILE INDUSTRY;Employees;Office workers;;Both
Factory worker;INDUSTRY;INDUSTRY;Workers;Laborers;;SMC
Factory Workers;INDUSTRY;INDUSTRY;Workers;Laborers;;Both
Far Eastern Manager;;;Middle managers;Manager;Local manager;Typo_positions
Farmer;AGRICULTURE AND GARDENING;AGRICULTURE AND GARDENING;Farmers and gardeners;Farmers and gardeners;;Both
Farmers;AGRICULTURE AND GARDENING;AGRICULTURE AND GARDENING;Farmers and gardeners;Farmers and gardeners;;SMC
Farrier;TRADE;HANDICRAFT PRODUCTION;Trade and Industry Business Owners;Craftsmen;;Both
Financial administration staff;SERVICE;FINANCE AND INSURANCE;Employees;Office workers;;Both
Financier;SERVICE;FINANCE AND INSURANCE;Trade and Industry Business Owners;Wholesale traders;;Both
Fire brigade staff;ADMINISTRATION;MUNICIPAL ADMINISTRATION;Other categories;Army and police;;Both
Firemen and stoker;INDUSTRY;INDUSTRY;Workers;Skilled workers;;Both
Fireworks factory worker;INDUSTRY;CHEMICAL INDUSTRY;Workers;Skilled workers;;Both
Fireworks factory workers;INDUSTRY;OTHER INDUSTRY;Workers;Skilled workers;;SMC
Fish monger;TRADE;RETAIL TRADE;Trade and Industry Business Owners;Small traders;;Both
Fish mongers;TRADE;RETAIL TRADE;Trade and Industry Business Owners;Small traders;;SMC
Flags and sail maker;INDUSTRY;TEXTILE INDUSTRY;Trade and Industry Business Owners;Manufacturer;;Both
Florist;TRADE;RETAIL TRADE;Trade and Industry Business Owners;Small traders;;Both
Fortune teller;SERVICE;UNDEFINED;Unemployed;Unemployed;;Both
Fortune tellers;SERVICE;UNDEFINED;Unemployed;Unemployed;;SMC
Freight Agent;;;Professionals and senior executives;Business agent;Department agent;Typo_positions
Freight measurer;SERVICE;SHIPPING;Professionals and senior executives;Professionals;;Both
Frigidaire Division;;;Professionals and senior executives;Business agent;Department agent;Typo_positions
Fruit Stall-holders;TRADE;RETAIL TRADE;Trade and Industry Business Owners;Small traders;;Both
Fuel merchant;TRADE;RETAIL TRADE;Trade and Industry Business Owners;Small traders;;Both
Fuel merchants;TRADE;RETAIL TRADE;Trade and Industry Business Owners;Small traders;;SMC
Furniture manufacturer;INDUSTRY;WOODWORKING INDUSTRY;Trade and Industry Business Owners;Manufacturer;;Both
Furniture manufacturers;INDUSTRY;WOODWORKING INDUSTRY;Trade and Industry Business Owners;Manufacturer;;SMC
Furrier;INDUSTRY;HANDICRAFT PRODUCTION;Trade and Industry Business Owners;Small traders;;Both
Furriers;INDUSTRY;HANDICRAFT PRODUCTION;Trade and Industry Business Owners;Small traders;;SMC
Gaolers and warden;ADMINISTRATION;MUNICIPAL ADMINISTRATION;Workers;Laborers;;Both
Garage owners and assistant;TRADE;TRANSPORTATION;Trade and Industry Business Owners;Small traders;;Both
Garage owners and assistants;TRADE;TRADE;Trade and Industry Business Owners;Small traders;;SMC
Gardener;AGRICULTURE AND GARDENING;AGRICULTURE AND GARDENING;Farmers and gardeners;Farmers and gardeners;;Both
Gardeners;AGRICULTURE AND GARDENING;AGRICULTURE AND GARDENING;Farmers and gardeners;Farmers and gardeners;;SMC
Gas fitter;TRADE;HANDICRAFT PRODUCTION;Workers;Skilled workers;;Both
Gas supply worker;INDUSTRY;PUBLIC UTILITY;Workers;Skilled workers;;SMC
Gas supply workers;INDUSTRY;PUBLIC UTILITY;Workers;Skilled workers;;Both
General Commercial Manager;;;Middle managers;Manager;Department manager;Typo_positions
General Manager;;;Professionals and senior executives;Business executive;General Manager;Typo_positions
General Manager & Chief Engineer;;;Professionals and senior executives;Business executive;General Manager;Typo_positions
General Passenger Agent;;;Professionals and senior executives;Business agent;Department agent;Typo_positions
General Secretary;;;Professionals and senior executives;Organization executive;Secretary;Typo_positions
Gentleman;MISCELLANEOUS CATEGORIES;UNDEFINED;Unemployed;Unemployed;;Both
Geologist;SERVICE;EDUCATION AND SCIENCE;Professionals and senior executives;Professors, literary and scientific professions;;Both
Glassmaker;INDUSTRY;HANDICRAFT PRODUCTION;Workers;Skilled workers;;Both
Glassmakers;INDUSTRY;HANDICRAFT PRODUCTION;Workers;Skilled workers;;SMC
Glover;TRADE;HANDICRAFT PRODUCTION;Workers;Skilled workers;;Both
Golf professionnal;SERVICE;ENTERTAINMENT SERVICES;Other categories;Artists and other;;Both
Governor;;;Professionals and senior executives;Government and administrative official;Governor;Typo_positions
Groom;SERVICE;DOMESTIC SERVICES;Service staff;Other service staff;;Both
Gunsmith;TRADE;RETAIL TRADE;Trade and Industry Business Owners;Small traders;;Both
Hair dressers;TRADE;RETAIL TRADE;Trade and Industry Business Owners;Small traders;;Both
Hairdressers, manicurists and perfumer;TRADE;RETAIL TRADE;Trade and Industry Business Owners;Small traders;;SMC
Handcart coolies;SERVICE;TRANSPORTATION;Workers;Laborers;;Both
Hardware dealer;TRADE;RETAIL TRADE;Trade and Industry Business Owners;Small traders;;Both
Hardware dealers;TRADE;RETAIL TRADE;Trade and Industry Business Owners;Small traders;;SMC
Hatmaker;TRADE;HANDICRAFT PRODUCTION;Workers;Skilled workers;;Both
Hawkers;TRADE;RETAIL TRADE;Workers;Small traders;;Both
Headmaster;;;Professionals and senior executives;Educational executive;Headmaster;Typo_positions
High Advisor to the Ministry of Communications;;;Professionals and senior executives;Expert;Advisor;Typo_positions
Historiographer;SERVICE;EDUCATION AND SCIENCE;Professionals and senior executives;Professors, literary and scientific professions;;Both
Horticulturist;AGRICULTURE AND GARDENING;AGRICULTURE AND GARDENING;Farmers and gardeners;Farmers and gardeners;;Both
Hosier;TRADE;TEXTILE INDUSTRY;Workers;Skilled workers;;Both
Hospital patient;MISCELLANEOUS CATEGORIES;UNDEFINED;Unemployed;Unemployed;;Both
Hospital Pharmacist;;;Professionals and senior executives;Medical executive;Pharmacist;Typo_positions
Hospital staff;SERVICE;DOMESTIC SERVICES;Employees;Office workers;;Both
Hot water seller;TRADE;RETAIL TRADE;Trade and Industry Business Owners;Small traders;;Both
Hot water sellers;TRADE;RETAIL TRADE;Workers;Small traders;;SMC
Hotel runner;SERVICE;DOMESTIC SERVICES;Service staff;Other service staff;;Both
Import Department;;;Professionals and senior executives;Business agent;Department agent;Typo_positions
Importers and exporters;TRADE;RETAIL TRADE;Trade and Industry Business Owners;Wholesale traders;;Both
Ink maker;INDUSTRY;CHEMICAL INDUSTRY;Trade and Industry Business Owners;Small traders;;Both
Ink makers;INDUSTRY;CHEMICAL INDUSTRY;Trade and Industry Business Owners;Small traders;;SMC
Inn and hotel keeper;SERVICE;SERVICE;Trade and Industry Business Owners;Small traders;;Both
Insurance agents staff;SERVICE;FINANCE AND INSURANCE;Employees;Office workers;;Both
Insurance staff;SERVICE;FINANCE AND INSURANCE;Employees;Office workers;;SMC
Interpreter;SERVICE;PROFESSIONAL;Professionals and senior executives;Professors, literary and scientific professions;;Both
Jewellers and silversmith;TRADE;RETAIL TRADE;Trade and Industry Business Owners;Small traders;;Both
Jewellers and silversmiths;TRADE;RETAIL TRADE;Trade and Industry Business Owners;Small traders;;SMC
Joss paper worker;INDUSTRY;HANDICRAFT PRODUCTION;Workers;Skilled workers;;Both
Joss paper workers;INDUSTRY;HANDICRAFT PRODUCTION;Workers;Skilled workers;;SMC
Journalist;SERVICE;PROFESSIONAL;Professionals and senior executives;Professors, literary and scientific professions;;Both
Journalists;SERVICE;PROFESSIONAL;Professionals and senior executives;Professors, literary and scientific professions;;SMC
Judge;ADMINISTRATION;MUNICIPAL ADMINISTRATION;Professionals and senior executives;Professionals;;Both
Judicial officers;ADMINISTRATION;MUNICIPAL ADMINISTRATION;Professionals and senior executives;Professionals;;Both
Laborer;SERVICE;SERVICE;Workers;Laborers;;Both
Land-owner;MISCELLANEOUS CATEGORIES;UNDEFINED;Unemployed;Unemployed;;Both
Laundryman;TRADE;RETAIL TRADE;Trade and Industry Business Owners;Small traders;;Both
Laundrymen;TRADE;RETAIL TRADE;Trade and Industry Business Owners;Small traders;;SMC
Lawyer;SERVICE;PROFESSIONAL;Professionals and senior executives;Professionals;;Both
Lawyers;SERVICE;PROFESSIONAL;Professionals and senior executives;Professionals;;SMC
Leather goods worker;INDUSTRY;INDUSTRY;Workers;Skilled workers;;Both
Leather goods workers;INDUSTRY;INDUSTRY;Workers;Skilled workers;;SMC
Librarian;ADMINISTRATION;MUNICIPAL ADMINISTRATION;Employees;Office workers;;Both
Lighthouse keeper;SERVICE;DOMESTIC SERVICES;Workers;Laborers;;Both
Lime and ash worker;INDUSTRY;CHEMICAL INDUSTRY;Workers;Skilled workers;;Both
Lime and ash workers;INDUSTRY;INDUSTRY;Workers;Laborers;;SMC
Lithographer;INDUSTRY;PAPER AND PRINTING;Workers;Skilled workers;;Both
Livery stable keeper;TRADE;RETAIL TRADE;Trade and Industry Business Owners;Manufacturer;;Both
Locksmith;INDUSTRY;HANDICRAFT PRODUCTION;Workers;Skilled workers;;Both
Lodging house keeper;SERVICE;SERVICE;Trade and Industry Business Owners;Small traders;;Both
Lottery administration staff;SERVICE;SERVICE;Employees;Office workers;;Both
Lumberman;INDUSTRY;WOODWORKING INDUSTRY;Trade and Industry Business Owners;Small traders;;Both
Lumbermen;INDUSTRY;WOODWORKING INDUSTRY;Trade and Industry Business Owners;Small traders;;SMC
Machine factory worker;INDUSTRY;MACHINERY AND METAL PRODUCTS;Workers;Skilled workers;;Both
Machine factory workers;INDUSTRY;MACHINERY AND METAL PRODUCTS;Workers;Skilled workers;;SMC
Manager;;;Middle managers;Manager;Manager;Typo_positions
Manager for China;;;Middle managers;Manager;Local manager;Typo_positions
Managers (unclassified);INDUSTRY;INDUSTRY;Middle managers;Technicians;;Both
Managing Director;;;Professionals and senior executives;Business executive;Managing Director;Typo_positions
Manufacturer;INDUSTRY;INDUSTRY;Trade and Industry Business Owners;Manufacturer;;Both
Marine officer;SERVICE;SHIPPING;Middle managers;Technicians;;Both
Marine superintendent;SERVICE;SHIPPING;Middle managers;Technicians;;Both
Marine surveyor;SERVICE;SHIPPING;Middle managers;Technicians;;Both
Mariner;SERVICE;SHIPPING;Workers;Seamen;;Both
Mason;TRADE;HANDICRAFT PRODUCTION;Trade and Industry Business Owners;Craftsmen;;Both
Masons;TRADE;HANDICRAFT PRODUCTION;Trade and Industry Business Owners;Craftsmen;;SMC
Masseur;SERVICE;DOMESTIC SERVICES;Middle managers;Medical and social service technician;;Both
Masseurs;SERVICE;DOMESTIC SERVICES;Middle managers;Medical and social service technician;;SMC
Master mariner;SERVICE;SHIPPING;Workers;Seamen;;Both
Match worker;INDUSTRY;CHEMICAL INDUSTRY;Workers;Skilled workers;;Both
Match workers;INDUSTRY;CHEMICAL INDUSTRY;Workers;Skilled workers;;SMC
Matmaker;INDUSTRY;HANDICRAFT PRODUCTION;Trade and Industry Business Owners;Manufacturer;;Both
Mayor;;;Professionals and senior executives;Government and administrative official;Municipal official;Typo_positions
Mechanic;INDUSTRY;MACHINERY AND METAL PRODUCTS;Workers;Skilled workers;;Both
Mechanical Supervisor;;;Professionals and senior executives;Business executive;Supervisor;Typo_positions
Medical practitioner;SERVICE;PROFESSIONAL;Professionals and senior executives;Professionals;;Both
Member;;;Professionals and senior executives;Religious official;Religious official;Typo_positions
Member Executive Committee;;;Professionals and senior executives;Business executive;Executive;Typo_positions
Mercantile assistant;TRADE;TRADE;Employees;Trade employees;;Both
Merchant;TRADE;RETAIL TRADE;Trade and Industry Business Owners;Small traders;;Both
Merchants;TRADE;RETAIL TRADE;Trade and Industry Business Owners;Small traders;;SMC
Metal worker;INDUSTRY;MACHINERY AND METAL PRODUCTS;Workers;Skilled workers;;Both
Metal workers;INDUSTRY;MACHINERY AND METAL PRODUCTS;Workers;Skilled workers;;SMC
Milkman;TRADE;RETAIL TRADE;Workers;Skilled workers;;Both
Mill and filature worker;INDUSTRY;TEXTILE INDUSTRY;Workers;Skilled workers;;Both
Mill and filature workers;INDUSTRY;TEXTILE INDUSTRY;Workers;Skilled workers;;SMC
Mill Manager;;;Middle managers;Manager;Department manager;Typo_positions
Miller;INDUSTRY;FOOD AND TOBACCO INDUSTRY;Trade and Industry Business Owners;Manufacturer;;Both
Millwright;INDUSTRY;MACHINERY AND METAL PRODUCTS;Workers;Skilled workers;;Both
Miner;INDUSTRY;INDUSTRY;Workers;Skilled workers;;Both
Mining engineers;INDUSTRY;MACHINERY AND METAL PRODUCTS;Professionals and senior executives;Engineers;;Both
Minister for Sweden;;;Professionals and senior executives;Government and administrative official;Ambassador;Typo_positions
Mint worker;INDUSTRY;MACHINERY AND METAL PRODUCTS;Workers;Skilled workers;;Both
Mint workers;INDUSTRY;MACHINERY AND METAL PRODUCTS;Workers;Skilled workers;;SMC
Missionaries;MISCELLANEOUS CATEGORIES;UNDEFINED;Other categories;Clergymen;;Both
Moneylender;SERVICE;FINANCE AND INSURANCE;Trade and Industry Business Owners;Small traders;;Both
Municipal Employee;ADMINISTRATION;MUNICIPAL ADMINISTRATION;Employees;Office workers;;Both
Municipal Employee (not otherwise enumerated);ADMINISTRATION;MUNICIPAL ADMINISTRATION;Employees;Office workers;;SMC
Municipal Employees (not otherwise enumerated);ADMINISTRATION;MUNICIPAL ADMINISTRATION;Employees;Office workers;;SMC
Musical instruments maker;TRADE;HANDICRAFT PRODUCTION;Trade and Industry Business Owners;Craftsmen;;Both
Musician;SERVICE;ENTERTAINMENT SERVICES;Other categories;Artists and other;;Both
Musicians;SERVICE;ENTERTAINMENT SERVICES;Other categories;Artists and other;;SMC
National Vocational Secretary;;;Professionals and senior executives;Educational executive;Secretary;Typo_positions
Naval and Military officer;ADMINISTRATION;GOVERNMENT;Other categories;Army and police;;Both
Naval and military officers;ADMINISTRATION;GOVERNMENT;Other categories;Army and police;;SMC
Needlemaker;INDUSTRY;MACHINERY AND METAL PRODUCTS;Trade and Industry Business Owners;Manufacturer;;Both
Notary;SERVICE;PROFESSIONAL;Professionals and senior executives;Professionals;;Both
Nurse and midwife;SERVICE;DOMESTIC SERVICES;Middle managers;Medical and social service technician;;Both
Nurses;SERVICE;DOMESTIC SERVICES;Middle managers;Medical and social service technician;;SMC
Official;ADMINISTRATION;GOVERNMENT;Employees;Office workers;;SMC
Official (Public offices (includ. Customs));ADMINISTRATION;GOVERNMENT;Employees;Office workers;;Both
Oil and sauce dealer;TRADE;FOOD AND TOBACCO INDUSTRY;Trade and Industry Business Owners;Wholesale traders;;Both
Oil and sauce dealers;TRADE;RETAIL TRADE;Trade and Industry Business Owners;Small traders;;SMC
Oil refiner;INDUSTRY;CHEMICAL INDUSTRY;Trade and Industry Business Owners;Manufacturer;;Both
Omnibus Co. Staff;SERVICE;TRANSPORTATION;Employees;Office workers;;Both
Optician;TRADE;RETAIL TRADE;Trade and Industry Business Owners;Small traders;;Both
Opticians;TRADE;RETAIL TRADE;Trade and Industry Business Owners;Small traders;;SMC
Organist;SERVICE;ENTERTAINMENT SERVICES;Other categories;Artists and other;;Both
Ornament maker;TRADE;HANDICRAFT PRODUCTION;Trade and Industry Business Owners;Craftsmen;;Both
Overseer and inspector (unclassified);SERVICE;TRANSPORTATION;Middle managers;Technicians;;Both
Packer;INDUSTRY;PAPER AND PRINTING;Workers;Laborers;;Both
Packers;INDUSTRY;PAPER AND PRINTING;Workers;Laborers;;SMC
Painter;TRADE;HANDICRAFT PRODUCTION;Workers;Skilled workers;;Both
Painters;TRADE;HANDICRAFT PRODUCTION;Workers;Skilled workers;;SMC
Paper articles makers;INDUSTRY;PAPER AND PRINTING;Trade and Industry Business Owners;Manufacturer;;Both
Paper hanger;TRADE;HANDICRAFT PRODUCTION;Workers;Skilled workers;;Both
Paper maker;INDUSTRY;PAPER AND PRINTING;Trade and Industry Business Owners;Manufacturer;;Both
Paper merchant;TRADE;PAPER AND PRINTING;Trade and Industry Business Owners;Wholesale traders;;Both
Paper merchants;TRADE;RETAIL TRADE;Trade and Industry Business Owners;Small traders;;SMC
Partner;;;Professionals and senior executives;Professional;Partner;Typo_positions
Partner and Manager;;;Trade and Industry Business Owners;Business owner;Partner;Typo_positions
Pastor;;;Professionals and senior executives;Religious official;Religious official;Typo_positions
Pawnbroker;TRADE;FINANCE AND INSURANCE;Trade and Industry Business Owners;Small traders;;Both
Pawnbrokers;TRADE;FINANCE AND INSURANCE;Trade and Industry Business Owners;Small traders;;SMC
Peddlar;TRADE;RETAIL TRADE;Trade and Industry Business Owners;Small traders;;SMC
Pedlar;TRADE;RETAIL TRADE;Trade and Industry Business Owners;Small traders;;Both
Peking Correspondent;;;Professionals and senior executives;Professional;Journalist;Typo_positions
Pensioner;MISCELLANEOUS CATEGORIES;UNDEFINED;Unemployed;Unemployed;;Both
Persons of independent Means;MISCELLANEOUS CATEGORIES;UNDEFINED;Unemployed;Unemployed;;Both
Phonograph dealer;TRADE;RETAIL TRADE;Trade and Industry Business Owners;Small traders;;Both
Phonograph dealers;TRADE;RETAIL TRADE;Trade and Industry Business Owners;Small traders;;SMC
Photographer;INDUSTRY;PAPER AND PRINTING;Trade and Industry Business Owners;Craftsmen;;Both
Photographers;INDUSTRY;PAPER AND PRINTING;Trade and Industry Business Owners;Craftsmen;;SMC
Physical culturist;SERVICE;ENTERTAINMENT SERVICES;Other categories;Artists and other;;Both
Physical culturists;SERVICE;ENTERTAINMENT SERVICES;Other categories;Artists and other;;SMC
Piano manufacturer;TRADE;HANDICRAFT PRODUCTION;Trade and Industry Business Owners;Small traders;;Both
Piano tuner;TRADE;HANDICRAFT PRODUCTION;Workers;Skilled workers;;Both
Pilot;SERVICE;SHIPPING;Workers;Skilled workers;;Both
Planter;AGRICULTURE AND GARDENING;AGRICULTURE AND GARDENING;Farmers and gardeners;Farmers and gardeners;;Both
Plaster worker;TRADE;HANDICRAFT PRODUCTION;Workers;Skilled workers;;Both
Plumber;TRADE;HANDICRAFT PRODUCTION;Workers;Skilled workers;;Both
Police;ADMINISTRATION;MUNICIPAL ADMINISTRATION;Other categories;Army and police;;Both
Porcelain maker;INDUSTRY;HANDICRAFT PRODUCTION;Trade and Industry Business Owners;Craftsmen;;Both
Porcelain makers;INDUSTRY;HANDICRAFT PRODUCTION;Trade and Industry Business Owners;Craftsmen;;SMC
Postal worker;SERVICE;COMMUNICATION;Employees;Office workers;;Both
Postal workers;SERVICE;COMMUNICATION;Employees;Office workers;;SMC
Poultry and game dealer;TRADE;RETAIL TRADE;Trade and Industry Business Owners;Wholesale traders;;Both
Poultry and game dealers;TRADE;RETAIL TRADE;Trade and Industry Business Owners;Wholesale traders;;SMC
President;;;Professionals and senior executives;Business executive;President;Typo_positions
Printer;INDUSTRY;PAPER AND PRINTING;Workers;Skilled workers;;Both
Printers;INDUSTRY;PAPER AND PRINTING;Workers;Skilled workers;;SMC
Prisoner;MISCELLANEOUS CATEGORIES;UNDEFINED;Unemployed;Unemployed;;Both
Prisoners;MISCELLANEOUS CATEGORIES;UNDEFINED;Unemployed;Unemployed;;SMC
Private Business;;;Trade and Industry Business Owners;Business owner;Business owner;Typo_positions
Private detective;SERVICE;PROFESSIONAL;Professionals and senior executives;Professors, literary and scientific professions;;Both
Procession equipment dealer;TRADE;RETAIL TRADE;Trade and Industry Business Owners;Wholesale traders;;Both
Procession equipment dealers;TRADE;RETAIL TRADE;Trade and Industry Business Owners;Small traders;;SMC
Professor;;;Professionals and senior executives;Professional;Professor;Typo_positions
Professor and teacher;SERVICE;EDUCATION AND SCIENCE;Professionals and senior executives;Professors, literary and scientific professions;;Both
Professor of Surgery;;;Professionals and senior executives;Professional;Professor;Typo_positions
Professors and teacher;SERVICE;EDUCATION AND SCIENCE;Professionals and senior executives;Professors, literary and scientific professions;;SMC
Professors of music;SERVICE;EDUCATION AND SCIENCE;Professionals and senior executives;Professors, literary and scientific professions;;Both
Proprietor;;;Trade and Industry Business Owners;Business owner;Proprietor;Typo_positions
Prospector;SERVICE;PROFESSIONAL;Professionals and senior executives;Engineers;;Both
Public companies agent;INDUSTRY;PUBLIC UTILITY;Employees;Office workers;;Both
Public health officer and worker;ADMINISTRATION;MUNICIPAL ADMINISTRATION;Employees;Office workers;;Both
Public health officers and workers;ADMINISTRATION;MUNICIPAL ADMINISTRATION;Employees;Office workers;;SMC
Public officers (includ. Customs));ADMINISTRATION;GOVERNMENT;Employees;Office workers;;SMC
Publisher;;;Professionals and senior executives;Professional;Publisher;Typo_positions
Quack;SERVICE;UNDEFINED;Unemployed;Unemployed;;Both
Railway official;SERVICE;TRANSPORTATION;Employees;Office workers;;Both
Railway staff;SERVICE;TRANSPORTATION;Employees;Office workers;;Both
Real estate agent (House and land agent);SERVICE;SERVICE;Trade and Industry Business Owners;Wholesale traders;;SMC
Real estate agents;SERVICE;SERVICE;Trade and Industry Business Owners;Wholesale traders;;Both
Regional Secretary;;;Professionals and senior executives;Religious official;Secretary;Typo_positions
Rent collector;SERVICE;SERVICE;Middle managers;Technicians;;Both
Representative;;;Professionals and senior executives;Business agent;Representative;Typo_positions
Representative, Shanghai;;;Professionals and senior executives;Business agent;Local representative;Typo_positions
Restaurant keeper, tea-house and bar tender;TRADE;RETAIL TRADE;Trade and Industry Business Owners;Small traders;;Both
Restaurant keepers;TRADE;RETAIL TRADE;Trade and Industry Business Owners;Small traders;;SMC
Retired;;;Retired;Pensioneer;Pensioneer;Typo_positions
Ricsha puller;SERVICE;TRANSPORTATION;Workers;Laborers;;Both
Ricsha pullers;SERVICE;TRANSPORTATION;Workers;Laborers;;SMC
Rink master;SERVICE;SHIPPING;Unemployed;Unemployed;;Both
Rope maker;INDUSTRY;HANDICRAFT PRODUCTION;Trade and Industry Business Owners;Manufacturer;;Both
Rubber goods worker;INDUSTRY;LEATHER AND RUBBER INDUSTRY;Workers;Skilled workers;;Both
Rubber goods workers;INDUSTRY;LEATHER AND RUBBER INDUSTRY;Workers;Skilled workers;;SMC
Saddler;TRADE;HANDICRAFT PRODUCTION;Trade and Industry Business Owners;Craftsmen;;Both
Sales Manager;;;Middle managers;Manager;Department manager;Typo_positions
Salesman;TRADE;TRADE;Employees;Trade employees;;Both
Salesmen;TRADE;TRADE;Employees;Trade employees;;SMC
Scalemaker;TRADE;HANDICRAFT PRODUCTION;Trade and Industry Business Owners;Manufacturer;;Both
Scalemakers;TRADE;HANDICRAFT PRODUCTION;Trade and Industry Business Owners;Manufacturer;;SMC
Sculptor;SERVICE;ENTERTAINMENT SERVICES;Other categories;Artists and other;;Both
Sculptors;SERVICE;ENTERTAINMENT SERVICES;Other categories;Artists and other;;SMC
Seaman;SERVICE;SHIPPING;Workers;Seamen;;Both
Second hand dealer;TRADE;RETAIL TRADE;Trade and Industry Business Owners;Small traders;;SMC
Second hand goods dealers;TRADE;RETAIL TRADE;Trade and Industry Business Owners;Small traders;;Both
Secretary;;;Professionals and senior executives;Organization executive;Secretary;Typo_positions
Secretary for China;;;Professionals and senior executives;Organization executive;Local Secretary;Typo_positions
Secretary of clubs, etc;SERVICE;SERVICE;Employees;Office workers;;Both
Secretary-Treasurer;;;Professionals and senior executives;Business executive;Secretary;Typo_positions
Senior Partner;;;Professionals and senior executives;Professional;Partner;Typo_positions
Servant;SERVICE;DOMESTIC SERVICES;Service staff;Other service staff;;Both
Servants, domestic;SERVICE;DOMESTIC SERVICES;Service staff;Other service staff;;SMC
Ship agent;TRADE;SHIPPING;Trade and Industry Business Owners;Small traders;;Both
Ship-wright;INDUSTRY;SHIPPING;Trade and Industry Business Owners;Small traders;;Both
Ship-wrights;SERVICE;SHIPPING;Trade and Industry Business Owners;Small traders;;SMC
Shipping master;SERVICE;SHIPPING;Workers;Skilled workers;;Both
Shirtmaker;TRADE;TEXTILE INDUSTRY;Trade and Industry Business Owners;Manufacturer;;Both
Shoe and hat merchants;TRADE;HANDICRAFT PRODUCTION;Workers;Skilled workers;;Both
Shoemaker;INDUSTRY;HANDICRAFT PRODUCTION;Trade and Industry Business Owners;Manufacturer;;Both
Signalman;SERVICE;COMMUNICATION;Employees;Office workers;;Both
Silk inspector;TRADE;TEXTILE INDUSTRY;Middle managers;Technicians;;Both
Silk merchant;TRADE;RETAIL TRADE;Trade and Industry Business Owners;Wholesale traders;;Both
Silk merchants;TRADE;RETAIL TRADE;Trade and Industry Business Owners;Wholesale traders;;SMC
Silk reeler;INDUSTRY;TEXTILE INDUSTRY;Workers;Skilled workers;;Both
Singers and dancers;SERVICE;ENTERTAINMENT SERVICES;Other categories;Artists and other;;Both
Skin inspector;TRADE;LEATHER AND RUBBER INDUSTRY;Middle managers;Technicians;;Both
Soap maker;INDUSTRY;CHEMICAL INDUSTRY;Workers;Skilled workers;;Both
Soap makers;INDUSTRY;CHEMICAL INDUSTRY;Workers;Skilled workers;;SMC
Soldier;ADMINISTRATION;GOVERNMENT;Other categories;Army and police;;Both
Special Representative;;;Professionals and senior executives;Business agent;Representative;Typo_positions
Specialist;SERVICE;PROFESSIONAL;Unemployed;Unemployed;;Both
Spice maker;INDUSTRY;FOOD AND TOBACCO INDUSTRY;Trade and Industry Business Owners;Small traders;;Both
Spice makers;INDUSTRY;FOOD AND TOBACCO INDUSTRY;Trade and Industry Business Owners;Small traders;;SMC
Stamp dealer;TRADE;RETAIL TRADE;Trade and Industry Business Owners;Small traders;;Both
Stationer;TRADE;RETAIL TRADE;Trade and Industry Business Owners;Small traders;;Both
Stationers;TRADE;RETAIL TRADE;Trade and Industry Business Owners;Small traders;;SMC
Statistician;SERVICE;PROFESSIONAL;Professionals and senior executives;Professionals;;Both
Statisticians;SERVICE;PROFESSIONAL;Professionals and senior executives;Professionals;;SMC
Stenographer;SERVICE;SERVICE;Middle managers;Technicians;;Both
Steward;SERVICE;DOMESTIC SERVICES;Service staff;Other service staff;;Both
Stone cutter;TRADE;HANDICRAFT PRODUCTION;Workers;Skilled workers;;Both
Stone cutters;TRADE;HANDICRAFT PRODUCTION;Workers;Skilled workers;;SMC
Store staff;TRADE;RETAIL TRADE;Employees;Trade employees;;Both
Storekeepers;TRADE;RETAIL TRADE;Trade and Industry Business Owners;Small traders;;Both
Storekeepers & assistant;TRADE;RETAIL TRADE;Employees;Trade employees;;SMC
Straw braid inspector;INDUSTRY;TEXTILE INDUSTRY;Middle managers;Technicians;;Both
Student;MISCELLANEOUS CATEGORIES;UNDEFINED;Unemployed;Unemployed;;Both
Students;MISCELLANEOUS CATEGORIES;UNDEFINED;Unemployed;Unemployed;;SMC
Sub-Manager;;;Middle managers;Manager;Manager;Typo_positions
Superintendent;;;Professionals and senior executives;Educational executive;Superintendent;Typo_positions
Supt. Of Hospital;;;Professionals and senior executives;Medical executive;Superintendent;Typo_positions
Surveyor;SERVICE;PROFESSIONAL;Middle managers;Technicians;;Both
Surveyors;SERVICE;PROFESSIONAL;Middle managers;Technicians;;SMC
Tailors;INDUSTRY;HANDICRAFT PRODUCTION;Trade and Industry Business Owners;Small traders;;SMC
Tailors, dressmakers and embroiderer;INDUSTRY;HANDICRAFT PRODUCTION;Trade and Industry Business Owners;Small traders;;Both
Tanner;INDUSTRY;LEATHER AND RUBBER INDUSTRY;Trade and Industry Business Owners;Small traders;;Both
Tattoer;MISCELLANEOUS CATEGORIES;UNDEFINED;Trade and Industry Business Owners;Small traders;;Both
Tax collector;SERVICE;MUNICIPAL ADMINISTRATION;Employees;Office workers;;Both
Tea inspector;INDUSTRY;FOOD AND TOBACCO INDUSTRY;Middle managers;Technicians;;Both
Tea merchant;TRADE;RETAIL TRADE;Trade and Industry Business Owners;Wholesale traders;;Both
Tea merchants;TRADE;RETAIL TRADE;Trade and Industry Business Owners;Wholesale traders;;SMC
Teacher;;;Professionals and senior executives;Professional;Teacher;Typo_positions
Telegraphist;SERVICE;COMMUNICATION;Employees;Office workers;;Both
Telegraphists;SERVICE;COMMUNICATION;Employees;Office workers;;SMC
Telephone Co. Employees;SERVICE;COMMUNICATION;Employees;Office workers;;Both
Telephone engineer;SERVICE;PROFESSIONAL;Professionals and senior executives;Engineers;;Both
Telephone operator;SERVICE;COMMUNICATION;Employees;Office workers;;Both
Telephone operators and staff;SERVICE;COMMUNICATION;Employees;Office workers;;SMC
Tobacco manufacturer;INDUSTRY;FOOD AND TOBACCO INDUSTRY;Trade and Industry Business Owners;Manufacturer;;Both
Tobacconists;TRADE;RETAIL TRADE;Trade and Industry Business Owners;Small traders;;Both
Tooth brush makers;INDUSTRY;OTHER INDUSTRY;Trade and Industry Business Owners;Manufacturer;;Both
Tortoiseshell worker;INDUSTRY;HANDICRAFT PRODUCTION;Workers;Skilled workers;;Both
Toy maker;INDUSTRY;OTHER INDUSTRY;Trade and Industry Business Owners;Manufacturer;;Both
Toy makers;INDUSTRY;OTHER INDUSTRY;Trade and Industry Business Owners;Manufacturer;;SMC
Traffic Accountant;;;Professionals and senior executives;Professional;Accountant;Typo_positions
Trainer (dog, horse, poney);SERVICE;ENTERTAINMENT SERVICES;Other categories;Artists and other;;Both
Tramway official;SERVICE;TRANSPORTATION;Middle managers;Middle administrative managers;;Both
Tramway officials and workers;SERVICE;TRANSPORTATION;Middle managers;Middle administrative managers;;SMC
Translator;SERVICE;PROFESSIONAL;Middle managers;Technicians;;Both
Transportation worker;SERVICE;TRANSPORTATION;Workers;Laborers;;Both
Transportation workers;SERVICE;TRANSPORTATION;Middle managers;Middle administrative managers;;SMC
Traveler (Persons in hotel);MISCELLANEOUS CATEGORIES;UNDEFINED;Unemployed;Unemployed;;SMC
Travelers;MISCELLANEOUS CATEGORIES;UNDEFINED;Unemployed;Unemployed;;Both
Treasurer;;;Professionals and senior executives;Business executive;Treasurer;Typo_positions
Trunk and box maker;INDUSTRY;WOODWORKING INDUSTRY;Workers;Skilled workers;;Both
Trust Dept. Chief;;;Professionals and senior executives;Business executive;Department Chief;Typo_positions
U.S. Commercial Attache;;;Professionals and senior executives;Expert;Commercial Attaché;Typo_positions
Undefined;MISCELLANEOUS CATEGORIES;UNDEFINED;Unemployed;Unemployed;;SMC
Undertaker;TRADE;RETAIL TRADE;Trade and Industry Business Owners;Small traders;;Both
Underwriter;SERVICE;FINANCE AND INSURANCE;Professionals and senior executives;Professionals;;Both
Unemployed;MISCELLANEOUS CATEGORIES;UNDEFINED;Unemployed;Unemployed;;Both
Unstated, family dependents and minor;MISCELLANEOUS CATEGORIES;UNDEFINED;Unemployed;Unemployed;;Both
Unstated, family dependents and minors;MISCELLANEOUS CATEGORIES;UNDEFINED;Unemployed;Unemployed;;SMC
Usher;SERVICE;DOMESTIC SERVICES;Service staff;Other service staff;;Both
Vegetable vendor;TRADE;RETAIL TRADE;Trade and Industry Business Owners;Small traders;;Both
Vegetable vendors;TRADE;RETAIL TRADE;Trade and Industry Business Owners;Small traders;;SMC
Vehicule dealer;TRADE;RETAIL TRADE;Trade and Industry Business Owners;Small traders;;Both
Vehicule dealers;TRADE;RETAIL TRADE;Trade and Industry Business Owners;Small traders;;SMC
Veterinarian;SERVICE;PROFESSIONAL;Professionals and senior executives;Professionals;;Both
Veterinarians;SERVICE;PROFESSIONAL;Professionals and senior executives;Professionals;;SMC
Vice President;;;Professionals and senior executives;Business executive;Vice-President;Typo_positions
Vice-President;;;Professionals and senior executives;Business executive;Vice-President;Typo_positions
Watchmaker;TRADE;HANDICRAFT PRODUCTION;Trade and Industry Business Owners;Small traders;;Both
Watchmakers;TRADE;HANDICRAFT PRODUCTION;Trade and Industry Business Owners;Small traders;;SMC
Watchman;SERVICE;DOMESTIC SERVICES;Workers;Laborers;;Both
Water supply worker;INDUSTRY;PUBLIC UTILITY;Workers;Skilled workers;;Both
Water supply workers;INDUSTRY;PUBLIC UTILITY;Workers;Skilled workers;;SMC
Welder;INDUSTRY;MACHINERY AND METAL PRODUCTS;Workers;Skilled workers;;Both
Well driller;TRADE;HANDICRAFT PRODUCTION;Workers;Skilled workers;;Both
Well drillers;TRADE;HANDICRAFT PRODUCTION;Workers;Skilled workers;;SMC
Wharfinger;SERVICE;SHIPPING;Workers;Seamen;;Both
Wine merchants;INDUSTRY;FOOD AND TOBACCO INDUSTRY;Trade and Industry Business Owners;Small traders;;Both
Wireless operators;SERVICE;COMMUNICATION;Employees;Office workers;;Both
Woollen goods dealers;INDUSTRY;TEXTILE INDUSTRY;Trade and Industry Business Owners;Small traders;;Both
