Univ_ZhT_Strd,Univ_Eng,Status_ZhT,Status_Eng
廈門大學,Amoy University,C,V
北京大學,Beijing University,C,
華中大學,Central China University,C,C
朝陽大學,Chaoyang University,C,C
浙江大學,Chekiang University,C,V
交通大學,Chiao-t'ung University,C,V
交通大學,Chiaotung University,C,V
中山大學,Chung-shan University,C,
大夏大學,Daxia University,C,V
同文書院,Dobun sho-in,C,C
復旦大學,Fudan University,C,C
復旦大學,Futan University,C,V
大夏大學,Great China University,C,C
廣東大學,Guangdong University,C,C
光華大學,Guanghua University,C,
之江大學,Hangzhou University,C,V
香港大學,Hong Kong University,C,V
華中大學,Huachung University,C,V
華中大學,Huazhong University,C,V
交通大學,Jiaotong University,C,C
金陵大學,Jinling College,C,V
金陵大學,Jinling University,C,C
光華大學,Kuang-hua University,C,V
廣東大學,Kwangtung University,C,V
立達學院,Lida College,C,V
立達學院,Lida Institute,C,C
南洋高級商業學校,Nanyang Advanced Business School,C,
青島大學,Qingdao University,C,C
淸華大學,Qinghua University,C,
滬江大學,Shanghai College,C,V
滬江大學,Shanghai University,C,C
聖約翰大學,Shengyuehan University,C,V
東南大學,Southeast University,C,C
聖約翰大學,St John's University,C,C
中山大學,Sun Yat-sen University,C,C
同文書院,Tongwen Shuyuan,C,V
青島大學,Tsingtao University,C,V
東南大學,Tung-nan University,C,V
廈門大學,Xiamen University,C,C
燕京大學,Yanjing University,C,V
燕京大學,Yenching University,C,C
浙江大學,Zhejiang University,C,C
之江大學,ZhIjiang University,C,C
中華大學高中,Zhonghua High School,C,
中華大學,Zhonghua University,C,C
中山大學,Zhongshan University,C,V
塞瑞術斯大學,Ceresus University,D,
朝陽學院,Chaoyang College,V,V
東亞同文書院,Dobun sho-in,V,C
中央研究院,Academia Sinica,,
吉林省阿城縣立師範學校,Acheng County Normal School in Jilin Province,,
空軍將校飛行偵察學校,Air Force General Flight Reconnaissance School,,
空軍大學,Air Force University,,
空軍參謀大學,Air Staff University,,
愛伯汀大學,Albertine University,,
全蘇油田開發研究所,All-Jiangsu Oilfield Development Research Institute,,
安東高級商業職業學校,Andong Advanced Business Vocational School,,
安東縣立甲種商業學校,Andong County Class A Commercial School,,
安東縣立師範學校,Andong County Normal School,,
安東鳳城師範學校,Andong Fengcheng Normal School,,
安東警察學校,Andong Police Academy,,
安東通化師範學校,Andong Tonghua Normal School,,
英華書院,Anglo-Chinese college,,
安徽甲種工業專門學校,Anhui Class A Industrial College,,
安徽第一甲種工業專門學校,Anhui First Class A Industrial Technical School,,
安徽高等學堂,Anhui Higher School,,
安徽法政專門學校,Anhui Institute of Political Science and Law,,
安徽省立第一農業學校,Anhui Provincial First Agricultural School,,
安徽省立第一工業學校,Anhui Provincial First Industrial School,,
安徽省立第二農業學校,Anhui Provincial Second Agricultural School,,
安徽省立第二女子師範學校,Anhui Provincial Second Girls' Normal School,,
安徽省立第二職業學校,Anhui Provincial Second Vocational School,,
安徽公立法政專門學校,Anhui Public School of Law and Politics,,
安徽鄉村師範學校,Anhui Rural Normal School,,
安徽高級師範學校,Anhui Senior Normal School,,
安徽高級蠶絲學校,Anhui Senior Silk School,,
安徽大學,Anhui University,,
安徽女子師範學校,Anhui Women's Normal School,,
安徽宣城師範學校,Anhui Xuancheng Normal School,,
安慶皖江師範專科學校,Anqing Wanjiang Teachers College,,
青山學院大學,Aoyama Gakuin University,,
應用地球物研所,Applied Geophysical Research Institute,,
陸軍炮兵工程學院,Army Artillery Engineering College,,
陸軍炮兵學校,Army Artillery School,,
陸軍航空兵戰術學校,Army Aviation Tactics School,,
陸軍高等經理學校,Army High School of Managers,,
陸軍步兵學校,Army Infantry School,,
陸軍經理學校,Army Manager School,,
陸軍機械化學校,Army Mechanization School,,
陸軍軍醫學校,Army Medical School,,
陸軍士官學校等,Army Non-commissioned Academy,,
陸軍軍官學校,Army Officer School,,
陸軍部先兵學校,Army Pioneer School,,
陸軍軍需學校,Army Quartermaster School,,
陸軍通信兵學校,Army Signal Corps School,,
陸軍參謀大學,Army Staff University,,
陸軍步校,Army Step School,,
陸軍測繪學校,Army Surveying and Mapping School,,
陸軍大學,Army University,,
陸軍獸醫學校,Army Veterinary School,,
炮兵專科學校,Artillery Academy,,
炮兵學校,Artillery school,,
藝術專科學校,arts college,,
震旦大學,Aurora University,,C
自動車學校,Auto school,,
航空機械學校,Aviation Machinery School,,
班納消防工程專科學校,Banna Fire Engineering Vocational College,,
保定農學院,Baoding Agricultural College,,
保定北大農科,Baoding Beijing University Agricultural Science,,
保定甲種工業專門學校,Baoding Class A Industrial College,,
保定留法高等工藝學校,Baoding French Higher Polytechnic School,,
保定軍官學校,Baoding Military Academy,,C
保定師範學校,Baoding Normal School,,
保定第二師範學校,Baoding Second Normal School,,
保定育德學校,Baoding Yude School,,
寶山縣立師範學校,Baoshan County Normal School,,
浸會中學,Baptist Secondary School,,
巴士特衛生院,Bast Health Center,,
法屬東京巴維師範大學,Bawei Normal University,,
北京崇貞女學校,Beijing Chongzhen Girls' School,,
北京公民大學,Beijing Citizen University,,
北京土木工程學校,Beijing Civil Engineering School,,
北京參贊學校,Beijing Counselor School,,
北京方正商業學校,Beijing Fangzheng Business School,,
北京財政商業專門學校,Beijing Financial and Commercial College,,
北京第一助產學校,Beijing First Midwifery School,,
北京外國語專門學校,Beijing foreign language school,,
北京參謀本部航空專門學校,Beijing General Staff Aviation College,,
北京高等法文學校,Beijing Higher French School,,
北京弘慈佛學專校,Beijing Hongci Buddhist College,,
北京弘達學院,Beijing Hongda College,,
北京匯文大學,Beijing Huiwen University,,
北京國學研究所,Beijing Institute of Chinese Studies,,
北京國際大學,Beijing International University,,
北京交通大學,Beijing Jiaotong University,,
北京京華美術學院,Beijing Jinghua Academy of Fine Arts,,
北京京華大學,Beijing Jinghua University,,
北京新聞學校,Beijing Journalism School,,
北京孔德學校,Beijing Kongde School,,
北京法政專門學校,Beijing Law and Politics School,,
北京明德大學,Beijing Mingde University,,
北京蒙藏學校,Beijing Mongolian and Tibetan School,,
北京市立體育專科學校,Beijing Municipal Sports College,,
北京國立農業專門學校,Beijing National Agricultural College,,
北京國立醫學專門學校,Beijing National Medical College,,
北京國立法政專門學校,Beijing National School of Law and Politics,,
北京國立工業專門學校,Beijing National Technical College,,
北京民國大學,Beijing National University,,
北京第一英文學校,Beijing No. 1 English School,,
北京師範大學,Beijing Normal University,,
北京師范大學,Beijing Normal University,,
農工商部立京師高等實業學堂,Beijing Normal University Industrial School,,
北京公益高級職業學校,Beijing Philanthropy Senior Vocational School,,
北京平民大學,Beijing Pingmin University,,
北京警官高等學校,Beijing Police Academy,,
北京私立中央法政專門學校,Beijing Private Central School of Law and Politics,,
北京私立商業專門學校,Beijing Private Commercial College,,
北京私立通才商業專門學校,Beijing Private Generalist Business School,,
北京清河陸軍預備學校,Beijing Qinghe Army Preparatory School,,
北京鐵道管理學院,Beijing Railway Management College,,
北京人佑英文商業專校,Beijing Renyou English Business School,,
北京俄文法政專,Beijing Russian Law and Political College,,
北京鹽務學校,Beijing Salt School,,
北京經文高級學校,Beijing scripture high school,,
北京高級職業學校,Beijing Senior Vocational School,,
北京中德學校,Beijing Sino-German School,,
北京南方大學,Beijing Southern University,,
北京監務專門學校,Beijing Supervisory College,,
北京稅務學校,Beijing Tax School,,
北京臨大,Beijing Temporary University,,
北京協和醫學院,Beijing Union Medical College,,V
北平臨大,Beijing University,,V
國立北京大學,Beijing University,,
北京獸醫專門學校,Beijing Veterinary School,,
北京文匯大學,Beijing Wenhui University,,
北京文治大學,Beijing Wenzhi University,,
北京育英大學,Beijing Yuying University,,
北滿工業大學,Beiman University of Technology,,
北平弘慈佛學專校,Beiping Hongci Buddhist School,,
北平市立體育專科學校,Beiping Municipal Sports College,,
北平私立商業專門學校,Beiping Private Commercial College,,
北平公益高級職業學校,Beiping Public Welfare Senior Vocational School,,
北洋女子師範學校,Beiyang Girls' Normal School,,
北洋法政專門學堂,Beiyang Law and Politics School,,
北洋武備學堂,Beiyang Military Academy,,
北洋大學,Beiyang University,,
北洋大學堂,Beiyang University,,
北洋大學工學院,Beiyang University,,
伯特利產科學校,Bethel Maternity School,,
伯特利醫學學校,Bethel School of Medicine,,
並州大學,Bingzhou University,,
布裏村留法初級工藝學校,Brie Village Elementary School of Arts and Crafts,,
布林馬爾大學,Brynmar University,,
商業專科學校,Business Vocational School,,
扶余私立女子師範講習所,Buyu Private Women's Teacher Training Center,,
康托爾培裏耶稣會文學院,Cantor Perry Jesuit College of Arts,,
中央陸軍軍官學校,Central Army Military Academy,,
中央陸軍軍需學校,Central Army Supply School,,
中央陸軍測量學校,Central Army Surveying School,,
中央航空學校,Central Aviation School,,
中央陸地測量學校,Central Land Survey School,,
中央軍官學校,Central Military Academy,,
中央軍政學校,Central Military and Political School,,
中央軍事政治學校,Central Military Political School,,
中央黨務學校,Central Party School,,
中央警官學校,Central Police Academy,,
中央警察學校,Central Police Academy,,
中央政治學校,Central Political School,,
中央政治工作人員養成所,Central Political Staff Training Institute,,
中央政治大學,Central Political University,,
中央體育專門學校,Central Sports College,,
中央技藝專科學校,Central Technical College,,
中央訓練團當政訓練班,Central Training Corps Political Training Class,,
中訓團當政訓練班,Central Training Corps Political Training Class,,
中央大學,Central University,,
察哈爾農業專科學校,Chahar Agricultural College,,
長春商業學校,Changchun Business School,,
長春留日學生預備學校,Changchun Preparatory School for Students studying in Japan,,
常德湘西優級師範學校,Changde Xiangxi Superior Normal School,,
長沙陸軍軍事政治學校,Changsha Army Military and Political School,,
長沙師范學校,Changsha Normal School,,
昌世中學,Changshi Middle School,,
長辛店京漢鐵路車務見習所,Changxindian Jinghan Railway Train Service Trainee,,
防化學院,Chemical Defense College,,
成都空軍器械學校,Chengdu Air Force Machinery School,,
成都縣立高級中學,Chengdu County High School,,
成都錦江公學,Chengdu Jinjiang University,,
成都機器學堂,Chengdu Machine School,,
成都機械工專,Chengdu Mechanical Engineering College,,
成都師範大學,Chengdu Normal University,,
成都留法勤工儉學預備學校,Chengdu Preparatory School for Work-Study Study in France,,
成都私立明德學院,Chengdu Private Mingde College,,
成都大學,Chengdu University,,
澄裡小學,Chengli Primary School,,
承天中學,Chengtian Middle School,,
晨光大學,Chenguang University,,
澄衷中學,Chengzhong Middle School,,
澄衷學堂,Chengzhong School,,
中國學院,China Academy,,
中華藝術大學,China Art University,,
中國工學大學部,China College of Engineering,,
中國公學大學部,China College University Department,,
中國體操學校,China Gymnastics School,,
中國哈薩克佛醫學校,China Kazakh Buddhist Medical School,,
中華法政大學,China Law and Political University,,
神州法律學院,China Law School,,
中國公學,China Public School,,
中國無線電工程學校,China Radio Engineering School,,
中國無線電專門學校,China Radio School,,
中國新聞學院,China School of Journalism,,
中國無電專門學校,China Telecommunications College,,
中國大學,China University,,
中國女子體育師范,China Women's Sports Normal University,,
中國青年會全國協會體專,China Youth Association National Association Physical Education School,,
中新紡織專科學校,China-Singapore Textile College,,
中國齒科醫學專門學校,Chinese College of Dental Medicine,,
中國紅十字會護士學校,Chinese Red Cross Nursing School,,
持志學院,Chizhi College,,
持治學院,Chizhi College,,
持志學校,Chizhi School,,
持志大學,Chizhi University,,
崇德醫學院,Chongde Medical College,,
重慶法政專門學校,Chongqing Law and Politics College,,
重慶第二女子師範學校,Chongqing No. 2 Girls' Normal School,,
重慶大學,Chongqing University,,
崇正商學校,Chongzheng Business School,,
川東縣立師范學校,Chuandong County Normal School,,
中正醫學院,Chung Cheng Medical College,,
中正大學,Chung Cheng University,,
中華大學,Chung-hua University,,
春申大學,Chunshen University,,
科恩學院,Cohen College,,
專修大學,College,,
藥學專科學校,College of Pharmacy,,
共青團中央團校,Communist Youth League Central School,,
所計算中心,Computing Center,,
建設大學,Construction University,,
大陸商業專門學校,Continental Commercial College,,
大陸大學,Continental University,,
柯勒拉礦業學校,Correra School of Mines,,
聖芳經濟學院,Cuihua Accounting School,,
萃華會計學校,Cuihua Accounting School,,
文化大學,Culture University,,
庫興學院,Cushing College,,
大華醫學校,Dahua Medical School,,
大連商業學校,Dalian Business School,,
大連伏見台公學,Dalian Fushimitai Public School,,
大連高等女學校,Dalian Higher Girls' School,,
大連鐵道教習所,Dalian Railway Institute,,
大連協和實業學校,Dalian Union Industrial School,,
大連女子技藝學校,Dalian Women's Art School,,
湖南省道縣師範學校,Daoxian Normal School of Hunan Province,,
大埔縣立師範學校,Dapu County Normal School,,
高等大同學校,Datong College,,
大同高等學校,Datong Higher School,,
大通師範學堂,Datong Normal School,,
大同大學,Datong University,,
大衛•愛紐斯音樂學院,David Aynius School of Music,,
德爾夫特科技大學,Delft University of Technology,,
墊江書院,Dianjiang Academy,,
第戌大學,Dixu University,,
東斌陸軍學院,Dongbin Army Academy,,
東斌軍事學校,Dongbin Military School,,
東斌學校,Dongbin School,,
東陸大學,Donglu University,,
東亞體育專科學校,Dongya Sports Vocational School,,
德萊伯的西大學,Dreiber's Western University,,
德魯浦科技大學,Drupp University of Technology,,
待爾模大學,Durmo University,,
亞東大學,East Asia University,,
華東體育專門學校,East China Sports College,,
東方大學,Eastern University,,
第八高等學校,Eighth Higher School,,
電機學校,electrical engineering school,,
工部局育才公學,Ellis Kadoorie Public School for Chinese,,
百科學校,Encyclopedia School,,
眼科研究所,Eye Institute,,
遠東大學,Far Eastern University,,
奉天美術專門學校,Fengtian Art College,,
奉天文學專門學校,Fengtian Astronomy College,,
奉天商業專門學校,Fengtian Commercial College,,
奉天水產學校,Fengtian Fisheries School,,
奉天女子職業學校,Fengtian Girls' Vocational School,,
奉天高等女學校,Fengtian High School for Girls,,
奉天高等學堂,Fengtian Higher School,,
奉天實業補修學校,Fengtian Industrial Remedial School,,
奉天日語學校,Fengtian Japanese Language School,,
奉天濟民女子學院,Fengtian Jimin Women's College,,
奉天法政專門學堂,Fengtian Law and Politics School,,
奉天法政專門學校,Fengtian Law and Politics Vocational School,,
奉天國立農業大學,Fengtian National Agricultural University,,
奉天培英專門學校,Fengtian Peiying College,,
奉天警官學校,Fengtian Police Officer School,,
奉天省立商業學校,Fengtian Provincial Commercial School,,
奉天省立第五師範學校,Fengtian Provincial Fifth Normal School,,
奉天省立第一師範學校,Fengtian Provincial First Normal School,,
奉天省立第四師範學校,Fengtian Provincial Fourth Normal School,,
奉天省立女子師範學校,Fengtian Provincial Girls' Normal School,,
奉天省立海城師範學校,Fengtian Provincial Haicheng Normal School,,
奉天省立文學專門學校,Fengtian Provincial Literature Vocational School,,
奉天省立師範學校,Fengtian Provincial Normal School,,
奉天省立第三師範學校,Fengtian Provincial Third Normal School,,
奉天省立兩級師範高等專修科,Fengtian Provincial Two-level Normal Higher Education Course,,
奉天公立外國語專門學校,Fengtian Public Foreign Language College,,
奉天公學校,Fengtian Public School,,
奉天公立法政專門學校,Fengtian Public School of Law and Politics,,
奉天公立工業專門學校,Fengtian Public Technical College,,
奉天文會書院,Fengtian Society College,,
奉天同文商業學校,Fengtian Tongwen Business School,,
奉天兩級師范學校,Fengtian Two-level Normal School,,
奉天西安師範學校,Fengtian Xi'an Normal School,,
奉天義縣師範陸軍教道隊,Fengtianyi County Normal Army Teaching Team,,
馮庸大學,Fengyong University,,
野戰炮校,Field Artillery School,,
第一高等學校,First Higher School,,
第一步兵學校,First Infantry School,,
第一醫學院,First medical school,,
自然博物院魚類研究室,Fish Research Laboratory of Natural Museum,,
聖芳濟學院,Franciscan College,,
輔仁大學,Fu-jen University,,
復旦實驗中學,Fudan Experimental High School,,
福建國學專修學校,Fujian Chinese Studies School,,
福建集美學校,Fujian Jimei School,,
福建武備學堂,Fujian Military Academy,,
福建水師學堂,Fujian Naval Academy,,
福建省立農學院,Fujian Provincial Agricultural College,,
福建省立第一女子師範學校,Fujian Provincial First Girls' Normal School,,
福建省立高等師範學校,Fujian Provincial Higher Normal School,,
福建省立工業職業學校,Fujian Provincial Industrial Vocational School,,
福建省立醫學院,Fujian Provincial Medical College,,
福建公立法政專門學校,Fujian Public Law and Politics Vocational School,,
福建第二師教道團,Fujian Second Teacher Mission,,
福建船政學堂,Fujian Shipping School,,
福建體育學校,Fujian Sports School,,
福建工業專門學校,Fujian Technical College,,
福建協和大學,Fujian Union University,,
福建學院,Fujian University,,
福建延平醫專,Fujian Yanping Medical College,,
奉天省撫順縣警務局,Fushun County Police Bureau,,
撫順礦山學校,Fushun Mining School,,
輔延女子師範學校,Fuyan Girls' Normal School,,
福州博濟會醫學講習所,Fuzhou Boji Medical Seminar,,
福州東贏學校,Fuzhou Dongying School,,
福州格致書院,Fuzhou Gezhi Academy,,
福州南華大學,Fuzhou Nanhua University,,
福州海軍學校,Fuzhou Naval School,,
蓋平縣立師範學校,Gaiping County Normal School,,
蓋平公學校,Gaiping public school,,
崗山第六高等學校,Gangshan Sixth High School,,
甘肅省畜牧學校,Gansu Animal Husbandry School,,
甘肅甲工學校,Gansu Jiagong School,,
甘肅學院,Gansu University,,
格致公學,Gezhi Academy,,
格致書院,Gezhi College,,
鞏縣女子師範,Gongxian Women's Normal School,,
廣安縣立中學,Guang'an County Middle School,,
粵阿厚書院,Guangdong Ahou College,,
廣東陸軍講武堂,Guangdong Army Lecture Hall,,
粵軍軍官講習所,Guangdong Army Officers' Workshop,,
廣東陸軍測量學校,Guangdong Army Survey School,,
廣東甲種商業學校,Guangdong Class A Business School,,
廣東大沙頭航空學校,Guangdong Dashatou Aviation School,,
廣東方言館,Guangdong Dialect Museum,,
廣東小學,Guangdong Elementary School,,
廣東守備軍幹部教道隊,Guangdong Garrison Army Cadre Teaching Taoism Team,,
廣東官立法政學堂,Guangdong Government Law and Politics School,,
廣東光華醫學院,Guangdong Guanghua Medical College,,
廣東高等實業學校,Guangdong Higher Industrial School,,
廣東高等警官學校,Guangdong Higher Police Academy,,
廣東高等學堂,Guangdong Higher School,,
廣東江村師範學校,Guangdong Jiangcun Normal School,,
廣東新聞學院,Guangdong Journalism Institute,,
廣東法官學校,Guangdong Judges School,,
廣東地政工作人員養成所,Guangdong Land Management Staff Training Institute,,
廣東梅縣農業學校,Guangdong Meixian Agricultural School,,
廣東軍官學校,Guangdong Military Academy,,
廣東軍警教練所,Guangdong Military Police Training Institute,,
廣東軍事政治學校,Guangdong Military Political School,,
廣東南越大學,Guangdong Nanyue University,,
廣東國民大學,Guangdong National University,,
廣東海軍學校,Guangdong Naval Academy,,
廣東番禺師範學校,Guangdong Panyu Normal School,,
廣東培正學院,Guangdong Peizheng College,,
廣東小學教員訓練所,Guangdong Primary School Teacher Training Institute,,
廣東省立第一甲種工業學校,Guangdong Provincial First Class A Industrial School,,
廣東省立女子師範學校,Guangdong Provincial Girls' Normal School,,
廣東省立工業專科學校,Guangdong Provincial Industrial College,,
廣東省立工業專業學校,Guangdong Provincial Industrial Vocational School,,
廣東省立教忠學校,Guangdong Provincial Jiaozhong School,,
廣東省立警監專門學校,Guangdong Provincial Police Supervision School,,
廣東省立勷勤大學,Guangdong Provincial Xiangqin University,,
廣東公立法政專門學校,Guangdong Public School of Law and Politics,,
廣東順德浪華學院,Guangdong Shunde Langhua College,,
廣東台山縣立師範學校,Guangdong Taishan County Normal School,,
廣東協和大學,Guangdong Union University,,
廣東無線電報學校,Guangdong Wireless Telegraph School,,
廣東婦孺產科專門學校,Guangdong Women and Children Obstetrics Specialized School,,
廣東耶教學堂,Guangdong Yale Church,,
廣東肇慶中學,Guangdong Zhaoqing Middle School,,
廣東知用大學,Guangdong Zhiyong University,,
廣濟縣中學,Guangji County Middle School,,
廣濟縣立中學,Guangji County Middle School,,
廣文學堂,Guangwen xuetang,,
廣西航空運動學校,Guangxi Aviation Sports School,,
廣西中央軍事第一分校,Guangxi Central Military First Branch,,
廣西高等學堂,Guangxi Higher School,,
廣西地方武裝團體訓練員養成所,Guangxi local armed group trainer training center,,
廣西師範學校,Guangxi Normal School,,
廣西省立醫學院,Guangxi Provincial Medical College,,
廣西公立法政專門學校,Guangxi Public School of Law and Politics,,
廣西大學,Guangxi University,,
廣雅書院,Guangya College,,
廣州高級會計學校,Guangzhou Advanced Accounting School,,
廣州英文專門學校,Guangzhou English College,,
廣州建華工程學校,Guangzhou Jianhua Engineering School,,
廣州中學,Guangzhou Middle School,,
廣州市立商業專門學校,Guangzhou Municipal Commercial College,,
廣州市立職業學校,Guangzhou Municipal Vocational School,,
廣州府中學,Guangzhou Prefectural Middle School,,
廣州私立美術學校,Guangzhou Private Art School,,
廣州柔濟醫學校,Guangzhou Rouji Medical School,,
廣州圖強產科專科學校,Guangzhou Tuqiang Obstetrics College,,
廣州大學,Guangzhou University,,
廣州獸醫牧畜學校,Guangzhou Veterinary Animal Husbandry School,,
廣州夏葛醫科大學,Guangzhou Xiage Medical University,,
貴陽醫學院,Guiyang Medical College,,
貴州崇武學校,Guizhou Chongwu School,,
貴州法政專門學校,Guizhou Law and Politics College,,
貴州講武堂,Guizhou Lecture Hall,,
貴州軍官學校,Guizhou Military Academy,,
貴州省立女子師範學校,Guizhou Provincial Girls' Normal School,,
貴州大學,Guizhou University,,
國華中學,Guohua Middle School,,
海倫師範學校,Hailun Normal School,,
海濤中學,Haitao Middle School,,
涵德商校,Hande Business School,,
杭州藝專,Hangzhou Art College,,
杭州甲種工業學校,Hangzhou Class A Industrial School,,
杭州第一師範學校,Hangzhou No. 1 Normal School,,
杭州私立弘道女學,Hangzhou Private Hongdao Girls' School,,
杭州高級英語學校,Hangzhou Senior English School,,
杭州高級師範學校,Hangzhou Senior Normal School,,
漢口博學書院,Hankou Boxue Academy,,
漢口明德大學,Hankou Mingde University,,
漢口心勉女子中學,Hankou Xinmian Girls' Middle School,,
浩然學校,Haoran School,,
哈爾濱學院,Harbin College,,
哈爾濱大陸學院,Harbin Continental College,,
哈爾濱高等警察學校,Harbin Higher Police School,,
哈爾濱工業大學,Harbin Institute of Technology,,
哈爾濱日語學校,Harbin Japanese Language School,,
哈爾濱法政大學,Harbin Law and Political University,,
哈爾濱龍江學院,Harbin Longjiang University,,
哈爾濱醫學校,Harbin Medical School,,
哈爾濱鐵路學院,Harbin Railway Institute,,
哈爾濱俄文法專,Harbin Russian Grammar,,
哈爾濱中俄工業大學,Harbin Sino-Russian University of Technology,,
中國哈佛醫學院,Harvard Medical School,,
希敦飛機實驗學校,Hayden Aircraft Experimental School,,
河北美術專門學校,Hebei Academy of Fine Arts,,
河北定縣平民教育專科學校,Hebei Dingxian Civilian Education College,,
河北工業學院,Hebei Institute of Technology,,
河北法商學院,Hebei Law and Business School,,
河北醫學院,Hebei Medical College,,
河北第六女子師範學校,Hebei No. 6 Girls' Normal School,,
河北省立農學院,Hebei Provincial Agricultural College,,
河北省立水產專科學校,Hebei Provincial Fisheries College,,
河北省立法商學院,Hebei Provincial Law and Business College,,
河北省立師範學校,Hebei Provincial Normal School,,
河北省立民眾教育實驗學校,Hebei Provincial People's Education Experimental School,,
河北省立第二職業學校,Hebei Provincial Second Vocational School,,
河北省立女子學院,Hebei Provincial Women's College,,
河北省立女子師範學院,Hebei Provincial Women's Teachers College,,
河北公立法政專門學校,Hebei Public School of Law and Politics,,
河北三女子師範文化裁縫學校,Hebei Three Girls Normal Culture Tailoring School,,
河北大學,Hebei University,,
黑龍江第一工科學校,Heilongjiang First Engineering School,,
黑龍江第一女子師範學校,Heilongjiang No. 1 Girls' Normal School,,
黑龍江省寧安師範專科學校,Heilongjiang Province Ning'an Teachers College,,
黑龍江省立師範學校,Heilongjiang Provincial Normal School,,
黑龍江省公立法政專門學校,Heilongjiang Provincial School of Law and Politics,,
河南福中礦務學校,Henan Fuzhong Mining School,,
河南省焦作工學院,Henan Jiaozuo Institute of Technology,,
河南師範學校,Henan Normal School,,
河南省立第一甲種工業學校,Henan Provincial First Class A Industrial School,,
河南省立第一女子師範學校,Henan Provincial First Girls' Normal School,,
河南省立第一高中,Henan Provincial First High School,,
河南省立第三師範學校,Henan Provincial Third Normal School,,
河南公立農業專門學校,Henan Public Agricultural College,,
河南公立法政專門學校,Henan Public School of Law and Politics,,
河南留學歐美預備學校,Henan study abroad in Europe and the United States,,
河南大學,Henan University,,
河南水利工程專門學校,Henan Water Conservancy Engineering College,,
河南省衛輝高等專門法文學校,Henan Weihui Higher Specialized French School,,
高等美術學校,Higher Art School,,
香港官立實業專科大學,Hong Kong Government Polytechnic University,,
香港法政學院,Hong Kong Law School,,
宏才大學,Hongcai University,,
紅蘭女學校,Honglan Girls' School,,
紅旗空軍學院,Hongqi Air Force Academy,,
黃埔軍校,Huangpu Military Academy,,
華仁學院,Huaren College,,
華亞預備學校,Huaya Preparatory School,,
華洋汽車工程學校,Huayang Automotive Engineering School,,
華中美術專科學校,Huazhong Academy of Fine Arts,,
湖北陸軍軍醫學堂,Hubei Army Military Medical School,,
湖北官立法政學堂,Hubei Government Law and Politics School,,
湖北高等農林學校,Hubei Higher Agriculture and Forestry School,,
湖北教育學院,Hubei Institute of Education,,
湖北師範學校,Hubei Normal School,,
湖北私立法政專門學校,Hubei Private School of Law and Politics,,
湖北省立高級商業學校,Hubei Provincial Advanced Commercial School,,
湖北省立高級工業學校,Hubei Provincial Advanced Industrial School,,
湖北省立第一師范,Hubei Provincial First Normal School,,
湖北省立法政專門學校,Hubei Provincial Law and Politics Vocational School,,
湖北省立師范學校,Hubei Provincial Normal School,,
湖北省立警官學校,Hubei Provincial Police Academy,,
湖北省警官學校,Hubei Provincial Police Academy,,
湖北省統計班,Hubei Provincial Statistics Class,,
湖北省立文科大學,Hubei Provincial University of Arts and Sciences,,
湖北公立外國語專門學校,Hubei Public Foreign Language College,,
湖北公立法政專門學校,Hubei Public Law and Politics Vocational School,,
湖北省立法政大學,Hubei University of Law and Politics,,
湖北文德書院,Hubei Wende Academy,,
湖北武備學堂,Hubei Wubei School,,
滬海商專學校,Huhai Commercial Vocational School,,
湖南孔道大學,Hunan Kongdao University,,
湖南樂群會計專門學校,Hunan Lequn Accounting College,,
湖南文藝書院,Hunan Literature and Art Academy,,
湖南機專,Hunan Machinery College,,
湖南軍官學校,Hunan Military Academy,,
湖南陸軍講武堂,Hunan Military Academy,,
湖南師范,Hunan Normal University,,
湖南私立群治法政專門學校,Hunan Private Qunzhi Law and Politics Vocational School,,
湖南省立第一女子師範學校,Hunan Provincial First Girls' Normal School,,
湖南省立第一工業學校,Hunan Provincial First Industrial School,,
湖南省立第一師範學校,Hunan Provincial First Normal School,,
湖南省立女子師範學校,Hunan Provincial Girls' Normal School,,
湖南省立高等師範學校,Hunan Provincial Higher Normal School,,
湖南省立第二師範學校,Hunan Provincial Second Normal School,,
湖南省立第六中學,Hunan Provincial Sixth Middle School,,
湖南公立工業專門學校,Hunan Public Industrial College,,
湖南公立法政專門學校,Hunan Public School of Law and Politics,,
湖南高級職業學校,Hunan Senior Vocational School,,
湖南大學,Hunan University,,
滬江大學文學院,Hushu University School of Literature,,
京師法律學堂,Imperial Law School of Beijing,,
京師大學堂,Imperial University of Beijing,,
茵城大學,Incheng University,,
實業學校,Industrial School,,
步兵專校,Infantry Academy,,
步兵學校,Infantry school,,
核物理研究所,Institute of Nuclear Physics,,
熱帶醫學及衛生學研究院,Institute of Tropical Medicine and Hygiene,,
國際大學中國學院,International University Chinese College,,
意奧蘭尼學校,Iolani School,,
陸軍士官學校,Japanese Military Academy (Shikan gakko),,
日德醫學院,Japanese-German Medical School,,
江北縣立中學,Jiangbei County Middle School,,
江都縣立師範學校,Jiangdu County Normal School,,
江南高等學堂,Jiangnan Higher School,,
江南法學院,Jiangnan Law School,,
江南陸軍講武堂,Jiangnan Military Academy,,
江南大學,Jiangnan University,,
江寧中學,Jiangning Middle School,,
江蘇高等學堂,Jiangsu Higher School,,
江蘇教育學院,Jiangsu Institute of Education,,
江蘇法政大學,Jiangsu Law and Political University,,
江蘇醫學院,Jiangsu Medical College,,
江蘇醫科大學,Jiangsu Medical University,,
江蘇警官學校,Jiangsu Police Academy,,
江蘇省立農業學校,Jiangsu Provincial Agricultural School,,
江蘇省立商業學校,Jiangsu Provincial Business School,,
江蘇省立常州中學,Jiangsu Provincial Changzhou Middle School,,
江蘇省立第五中學,Jiangsu Provincial Fifth Middle School,,
江蘇省立第五師范學校,Jiangsu Provincial Fifth Normal School,,
江蘇省立第一商業學校,Jiangsu Provincial First Commercial School,,
江蘇省立水產學校,Jiangsu Provincial Fisheries School,,
江蘇省立第四中學,Jiangsu Provincial Fourth Middle School,,
江蘇省立第四師范學校,Jiangsu Provincial Fourth Normal School,,
江蘇省立淮陰農業學校,Jiangsu Provincial Huaiyin Agricultural School,,
江蘇省立淮陰師範學校,Jiangsu Provincial Huaiyin Normal School,,
江蘇省立工業學校,Jiangsu Provincial Industrial School,,
江蘇省立寧屬優級師范,Jiangsu Provincial Ningzhou Superior Normal School,,
江蘇省立師範學校,Jiangsu Provincial Normal School,,
江蘇省立民眾教育院,Jiangsu Provincial People's Education Institute,,
江蘇省立第二農業學校,Jiangsu Provincial Second Agricultural School,,
江蘇省立第二師范學校,Jiangsu Provincial Second Normal School,,
江蘇省立蠶絲專科學校,Jiangsu Provincial Silk College,,
江蘇省立第六中學,Jiangsu Provincial Sixth Middle School,,
江蘇省立蘇州農業學校,Jiangsu Provincial Suzhou Agricultural School,,
江蘇公立醫學專門學校,Jiangsu Public Medical College,,
江蘇公立南京工業專門學校,Jiangsu Public Nanjing Industrial College,,
江蘇公立蘇州工業專門學校,Jiangsu Public Suzhou Industrial College,,
江西陸軍講武堂,Jiangxi Army Lecture Hall,,
江西高等學堂,Jiangxi Higher School,,
江西九江但福德醫院護士學校,Jiangxi Jiujiang Danford Hospital Nursing School,,
江西法政專門學校,Jiangxi Law and Politics Vocational School,,
江西私立法政專門學校,Jiangxi Private School of Law and Politics,,
江西省立農藝專科學校,Jiangxi Provincial Agricultural College,,
江西省立助產學院,Jiangxi Provincial College of Midwifery,,
江西省立第五師範學校,Jiangxi Provincial Fifth Normal School,,
江西省立第一師範學校,Jiangxi Provincial First Normal School,,
江西省立第一職業學校,Jiangxi Provincial First Vocational School,,
江西省立工業專科學校,Jiangxi Provincial Industrial College,,
江西省立醫學專科學校,Jiangxi Provincial Medical College,,
江西省立鄉村師範學校,Jiangxi Provincial Rural Normal School,,
江西省立第七師範學校,Jiangxi Provincial Seventh Normal School,,
江西省立第六師範學校,Jiangxi Provincial Sixth Normal School,,
江西省立第三師範學校,Jiangxi Provincial Third Normal School,,
江西省立獸醫專科學校,Jiangxi Provincial Veterinary College,,
江西公立農業專門學校,Jiangxi Public Agricultural College,,
江西公立商業專門學校,Jiangxi Public Commercial College,,
江西公立工業專校,Jiangxi Public Industrial School,,
江西公立法政專門學校,Jiangxi Public Industrial School,,
江西女子職業學校,Jiangxi Women's Vocational School,,
江陰縣立師範學校,Jiangyin County Normal School,,
交通大學北平分校,Jiaotong University Beijing Branch,,
交通大學唐山工學院,Jiaotong University Tangshan Institute of Technology,,
焦作工學院,Jiaozuo Institute of Technology,,
嘉義高工學校,Jiayi High School of Technology,,
嘉應大學,Jiaying University,,
吉長鐵路學校,Jichang Railway School,,
吉林梨樹師範學校,Jilin Lishu Normal School,,
吉林省立第一師範學校,Jilin Provincial First Normal School,,
吉林省立第四師範學校,Jilin Provincial Fourth Normal School,,
吉林省立女子師範學校,Jilin Provincial Girls' Normal School,,
吉林省立工業學校,Jilin Provincial Industrial School,,
吉林省立醫學校,Jilin Provincial Medical School,,
吉林省立師範學校,Jilin Provincial Normal School,,
吉林省公署警務廳,Jilin Provincial Office Police Department,,
吉林省立警官學校,Jilin Provincial Police Academy,,
吉林省立第二師範學校,Jilin Provincial Second Normal School,,
吉林省立第三師範學校,Jilin Provincial Third Normal School,,
吉林公立法政專門學校,Jilin Public School of Law and Politics,,
吉林同文工業學校,Jilin Tongwen Industrial School,,
吉林大學,Jilin University,,
濟南軍學,Jinan Military Science,,
暨南大學,Jinan University,,
曁南大學,Jinan University,,
金城女子專門學校,Jincheng Girls' College,,
金川江防軍軍官學校,Jinchuan River Defense Military Academy,,
競立學校,Jingli Institute,,
京師同文館,Jingshi Language Institute,,
金陵機器局,Jinling Machinery Bureau,,
金陵軍官學校,Jinling Military Academy,,
金陵女子大學,Jinling Women's College,,
金州農業學校,Jinzhou Agricultural School,,
錦州農業學校,Jinzhou Agricultural School,,
錦州師範學校,Jinzhou Normal School,,
金州地方警察學校,Jinzhou Police Academy,,
錦州女子高校,Jinzhou Women's College,,
啓耳大學,Kaier University,,
開封高級職業學校,Kaifeng Senior Vocational School,,
開封大學堂,Kaifeng University,,
開原公學校,Kaiyuan public school,,
經緯學校,Keei School,,
匡溪藝術學院,Kuangxi Academy of Art,,
雲南省昆華高等工業學校,Kunhua Higher Technical School of Yunnan Province,,
勞動大學,Labor University,,
湖濱大學,Lakeside University,,
雷士德工學院,Leishi Institute of Technology,,
雷士德工藝學院,Lester Institute,,
兩湖書院,Lianghu Academy,,
兩湖優級師范學校,Lianghu Superior Normal School,,
兩江女子體育師範學校,Liangjiang Women's Sports Normal School,,
濂溪師范學校,Lianxi Normal School,,
遼寧公主嶺農業學校,Liaoning Gongzhuling Agricultural School,,
遼寧高等女子學校,Liaoning Higher Girls' School,,
遼寧桓仁縣師範學校,Liaoning Huanren County Normal School,,
遼寧開原師範學校,Liaoning Kaiyuan Normal School,,
遼寧醫學院,Liaoning Medical College,,
遼寧私立坤光女子學校,Liaoning Private Kunguang Girls' School,,
遼寧省立第一工科學校,Liaoning Provincial First Engineering School,,
遼寧省立第一師範學校,Liaoning Provincial First Normal School,,
遼寧省立女子師範學校,Liaoning Provincial Girls' Normal School,,
遼寧省立文學專門校,Liaoning Provincial Literature College,,
遼寧省立第三師範學校,Liaoning Provincial Third Normal School,,
遼寧同善醫科專門學校,Liaoning Tongshan Medical College,,
遼寧同澤學校,Liaoning Tongze School,,
遼陽日本甲種商業學校,Liaoyang Japanese Class A Business School,,
遼陽師範學校,Liaoyang Normal School,,
遼陽女子師範學校,Liaoyang Women's Normal School,,
遼源師範學校,Liaoyuan Normal School,,
自由學園北京生活學校,Liberty Academy Beijing Life School,,
山西省立川至醫學專科學校,Lichuanzhi Medical College,,
遼東省立復縣師範學校,Lifu County Normal School in Liaodong Province,,
醴陵遵道大學,Liling Zundao University,,
廣東佛學院嶺東學院,Lingdong College of Guangdong Buddhist University,,
嶺南大學,Lingnan University,,
臨江師範學院,Linjiang Normal University,,
六合縣立中學,Liuhu County Middle School,,
立信會計專科學校,Lixin Accounting Vocational School,,
龍門師範學堂,Longmen Normal School,,
洛維其騎兵學校,Loweche Cavalry School,,
洛威治軍校,Lowwich Military Academy,,
潞河書院,Luhe Academy,,
盧那察爾斯基戲劇學院,Lunacharsky Drama Academy,,
廬山訓練團,Lushan Training Corps,,
旅順高等公學校,Lüshun High School,,
旅順高等女學校,Lüshun High School for Girls,,
旅順師範學校,Lüshun Normal School,,
旅順警察練習所,Lüshun Police Training Center,,
旅順工科大學,Lüshun University of Technology,,
澳門明德產科專校,Macau Mingde Obstetrics College,,
機床工具學院,Machine Tool College,,
機床研究院,Machine Tool Research Institute,,
大陸商專,Mainland Business School,,
滿洲大陸專門學校,Manchuria Continental College,,
滿洲大同學院,Manchuria Datong University,,
滿洲英語專門學校,Manchuria English College,,
滿洲醫科大學,Manchuria Medical University,,
滿洲法政學院,Manchurian College of Law and Politics,,
馬列學院,Marxist College,,
馬列主義研究院,Marxist-Leninist Institute,,
馬列主義研究室,Marxist-Leninist Research Office,,
法師養成校,Master training school,,
法師大學,Master University,,
機械化騎兵專門學校,Mechanized Cavalry Academy,,
醫科大學,Medical University,,
梅縣縣立師範學校,Meixian County Normal School,,
蒙旗師範學校,Mengqi Normal School,,
軍校特訓班,Military Academy Special Training Class,,
軍醫學校,Military Medical School,,
軍事學校,Military school,,
軍需學校,Military Supply School,,
軍事訓練班,Military training class,,
明光高中,Mingguang High School,,
明強中學,Mingqiang Middle School,,
內政部警官學校,Minister of Interior Police School,,
交通部電報高等學堂,Ministry of Communications and Telegraph College,,
交通部立上海工業專門學校,Ministry of Communications Shanghai Institute of Technology,,
財政部財政專門學校,Ministry of Finance Finance College,,
外交部俄文法政專門學校,Ministry of Foreign Affairs Russian Law and Politics Vocational School,,
內政部警官高等學校,Ministry of Internal Affairs Police College,,
司法部立司法講習所,Ministry of Justice Law Training Institute,,
岷江大學,Minjiang University,,
民立中學,Minli Middle School,,
民立高中,Minli Senior High School,,
閩南佛學院,Minnan Buddhist College,,
蒙古崇正師範學校,Mongolia Chongzheng Normal School,,
蒙古學院,Mongolian Academy,,
蒙古指導訓練所,Mongolian Guidance and Training Institute,,
蒙古青年學校,Mongolian Youth School,,
慕漢尼航空學校,Muhani Aviation School,,
音樂專科學校,Music Academy,,
南昌師範學校,Nanchang Normal School,,
南昌大學,Nanchang University,,
南充文商專門學校,Nanchong Commerce and Trade School,,
南京美術專門學校,Nanjing Academy of Fine Arts,,
南京中央體育專門學校,Nanjing Central Sports College,,
南京文藝專科學校,Nanjing College of Literature and Art,,
南京大陸商業專門學校,Nanjing Continental Commercial College,,
南京高等商業學院,Nanjing Higher Commercial College,,
南京高等師范學校,Nanjing Higher Normal School,,
南京軍官學校,Nanjing Military Academy,,
南京臨大,Nanjing Temporary University,,
南京女子法政講習所,Nanjing Women's Law and Politics Workshop,,
南京女子體育師範學校,Nanjing Women's Sports Normal School,,
南開大學,Nankai University,,
南京大學,Nanking University,,
南通農科大學,Nantong Agricultural University,,
南通甲種農業學校,Nantong Class A Agricultural School,,
南通學院,Nantong College,,
南通縣立女子師範學校,Nantong County Girls' Normal School,,
南通私立紡織專門學校,Nantong Private Textile College,,
南通代用師範學校,Nantong Substitute Normal School,,
南通大學,Nantong university,,
南洋高級商科學校,Nanyang Advanced Business School,,V
南洋高級商業專門學校,Nanyang Advanced Commercial School,,
南陽高級商業學校,Nanyang Advanced Commercial School,,
南陽中學,Nanyang High School,,
南洋陸師學堂,Nanyang Lushi College,,
南洋醫學院,Nanyang Medical College,,
南洋中學,Nanyang Middle School,,
南洋公學,Nanyang Public School,,
南洋路礦學校,Nanyang Road and Mining School,,
南洋路廣專門學校,Nanyang Road Guang Vocational School,,
南洋路礦專校,Nanyang Road Mining School,,
南洋路礦專門學校,Nanyang Road Mining Vocational School,,
南洋路鏞專門學校,Nanyang Road Yong Vocational School,,
南洋大學,Nanyang University,,
南國藝術學院,National Art Academy,,
國立北京美術專門學校,National Beijing Academy of Fine Arts,,
國立北京藝術專門學校,National Beijing Art College,,
國立北京法政大學,National Beijing University of Law and Politics,,
國立北京工業大學,National Beijing University of Technology,,
國立北京女子大學,National Beijing Women's University,,
國防醫學院,National Defense Medical College,,
民國女子工藝學校,National Girls' Craft School,,
國立廣東法科學院,National Guangdong Academy of Law,,
國立廣東高等師範學校,National Guangdong Higher Normal School,,
國立杭州藝術專科學校,National Hangzhou Art College,,
國立統計學院,National Institute of Statistics,,
國立音樂專科學校,National Music Conservatory,,
國立西北大學,National Northwest University,,
全國人員訓練所,National Personnel Training Institute,,
國家物理實驗室,National Physical Laboratory,,
國立政治大學,National Political University,,
國家血清研究所,National Serum Institute,,
國立沈陽高等師範學校,National Shenyang Higher Normal School,,
民國大學,National University,,
國立商科大學,National University of Commerce,,
國立武昌高等師範學校,National Wuchang Higher Normal School,,
海軍兩棲作戰參謀班,Naval Amphibious Operations Staff,,
海軍高級專科學校,Naval High School,,
海軍水雷學校,Naval Mine School,,
海軍雷電學校,Naval Raiden School,,
海軍學校,Naval school,,
海軍魚雷航海信號槍炮學校,Naval Torpedo Nautical Signal Gun School,,
海軍大學,Naval University,,
海軍魚雷槍炮學校,Navy torpedo gun school,,
納薩瑞斯女子大學,Nazareth Women's University,,
日本大學,Nihon University,,
寧波中山公學,Ningbo Zhongshan Public School,,
寧屬師范學堂,Ningfu Normal School,,
寧垣法政學校,Ningyuan Law and Politics School,,
師範學院,Normal university,,
華北法商學院,North China Law Business School,,
華北協和女醫校,North China Union Medical College for Women,,
北京華北大學,North China University,,
北滿師範大學,North Manchuria Normal University,,
北滿鐵路技術傳習所,North Manchurian Railway Technical Training Institute,,
東北陸軍講武堂,Northeast Army Lecture Hall,,
東北航警學校,Northeast Aviation Police School,,
東北交通大學,Northeast Jiaotong University,,
東北商船專科學校,Northeast Merchant Marine College,,
東北講武堂,Northeast Military Academy,,
東北大學,Northeast University,,
北方高等學校,Northern higher school,,
西北農學院,Northwest Agricultural College,,
西北陸軍幹部學校,Northwest Army Cadre School,,
西北陸軍教練所,Northwest Army Training Institute,,
西北工學院,Northwest Institute of Technology,,
西北師範學院,Northwest Normal University,,
西北軍官教導團,Northwest Officers' Teaching Corps,,
西北大學,Northwest University,,
西北醫學院,Northwestern Medical School,,
西北聯合大學,Northwestern Union University,,
兵工學校,Ordnance School,,
東方學院,Oriental Academy,,
東方藝專,Oriental Art School,,
東方語言學院,Oriental Language Institute,,
東方語文專科學校,Oriental Language School,,
太平洋學院,Pacific College,,
帕爾瑪學校,Palma School,,
潘陽英國長老會醫科專門學校,Panyang Presbyterian Medical College,,
愛國女學校,patriotic girls' school,,
愛國女校,Patriotic Girls' School,,
培華學校,Peihua School,,
彭德山學院,Pengdeshan College,,
彼得堡大學,Petersburg University,,
平陽縣高等學堂,Pingyang County College of Higher Learning,,
奉天省公署警務廳,Police Department of Fengtian Provincial Office,,
黑龍江省公署警務廳,Police Department of Heilongjiang Provincial Office,,
政治大學,Political University,,
滿洲留學生豫備學校,Preparatory School for International Students in Manchuria,,
私立奉天醫科專門學校,Private Fengtian Medical College,,
私立福建法政專門學校,Private Fujian School of Law and Politics,,
私立廣東公醫醫學專門學校,Private Guangdong Public Medical College,,
私立江蘇女子職業學校,Private Jiangsu Women's Vocational School,,
私立立信會計專科學校,Private Lixin Accounting Vocational School,,
私立南通醫學專門學校,Private Nantong Medical College,,
私立輕陽學院,Private Qingyang College,,
私立蘇州美術專科學校,Private Suzhou Academy of Fine Arts,,
私立同濟醫工專門學校,Private Tongji Medical and Engineering College,,
私立武昌藝術專科學校,Private Wuchang Art College,,
私立武昌文華圖書館學專科學校,Private Wuchang Wenhua College of Library Science,,
私立無錫國學專修學校,Private Wuxi Chinese Studies School,,
私立豫章法政專門學校,Private Yuzhang College of Law and Politics,,
私立正風文學院,Private Zhengfeng Literature College,,
私立仲愷農工學校,Private Zhongkai Agricultural and Industrial School,,
省立女子高等學校,Provincial Girls' Higher School,,
省立淮陽師範學校,Provincial Huaiyang Normal School,,
普洱中華學校,Pu'er Chinese School,,
浦東中學,Pudong Middle School,,
齊魯大學,Qilu University,,
啟明女校發文專科,Qiming Girls' School Specialized Department,,
啟明女學,Qiming Women's School,,
青島學院商業學校,Qingdao College Business School,,
青島高等女學校,Qingdao Higher Girls' School,,
青島醫學專門學校,Qingdao Medical College,,
青島中德大學,Qingdao Sino-German University,,
淸華學校,Qinghua University,,V
青山學院,Qingshan College,,
清源師範學校,Qingyuan Normal School,,
齊齊哈爾高等師範專科學校,Qiqihar Higher Teachers College,,
齊齊哈爾工業學校,Qiqihar Industrial School,,
齊齊哈爾日語專修學校,Qiqihar Japanese Language School,,
齊齊哈爾女子國民高校,Qiqihar Women's National High School,,
啟秀女中,Qixiu Girls' High School,,
啟秀女學,Qixiu Girls' School,,
群治大學,Qunzhi University,,
鐵道學院,Railway Institute,,
正則預備學校,Regular prep school,,
正則學校,Regular school,,
瑞特大學,Reiter University,,
革命軍第二十四軍軍事政治學校,Revolutionary Army 24th Army Military and Political School,,
濱江工科學校,Riverside Engineering School,,
濱江法學院,Riverside Law School,,
濱江大學,Riverside University,,
路礦學堂,Road Mine School,,
如皋女子師範學校,Rugao Girls' Normal School,,
盧瑟福研究所石溪大學,Rutherford Institute Stony Brook University,,
三江省地方警察學校,Sanjiang Provincial Police School,,
醫學進修學院,School of Continuing Medicine,,
戲劇學院,School of Drama,,
與光學儀器學院,School of Optical Instruments,,
理化專科學校,School of Physics and Chemistry,,
熱帶衛生學院,School of Tropical Hygiene,,
數理專修學校,Science and Mathematics Specialized School,,
第七高等學校,Seventh Higher School,,
陜西省立師範專科學校,Shaanxi Provincial Teachers College,,
山東高等學堂,Shandong Higher Academy,,
山東省立第一師範學校,Shandong Provincial First Normal School,,
山東省立女子師範學校,Shandong Provincial Girls' Normal School,,
山東省立競進女校幼稚師範學校,Shandong Provincial Jingjin Girls' School Kindergarten Normal School,,
山東省立中學,Shandong Provincial Middle School,,
山東省立第一女子師範學校,Shandong Provincial No. 1 Normal School for Girls,,
山東省立第二女子師範學校,Shandong Provincial Second Girls' Normal School,,
山東公立農業專門學校,Shandong Public Agricultural College,,
山東公立商業專門學校,Shandong Public Commercial College,,
山東公立工業專門學校,Shandong Public Industrial College,,
山東公立醫學專門學校,Shandong Public Medical College,,
山東公立礦業專門學校,Shandong Public Mining College,,
山東公立法政專門學校,Shandong Public School of Law and Politics,,
山東鄉村建設學院,Shandong Rural Construction College,,
山東大學,Shandong University,,
山東文華女學校,Shandong Wenhua Girls' School,,
山東煙台甲種商業學校,Shandong Yantai Class A Commercial School,,
上海文學院,Shanghai Academy of Arts,,
上海美術專科學校,Shanghai Academy of Fine Arts,,
上海商學院,Shanghai Business School,,
上海廣方言館,Shanghai Cantonese Dialect Institute,,
上海商業專門學校,Shanghai Commercial College,,
上海文化學院,Shanghai Cultural Institute,,
上海海關稅務學校,Shanghai Customs Taxation School,,
上海電氣測量學堂,Shanghai Electric Measurement School,,
郵傳部立上海高等實業學堂,Shanghai Higher Industrial School,,
上海電學院,Shanghai Institute of Electrical Engineering,,
上海法政學院,Shanghai Institute of Law and Politics,,
上海新聞學院,Shanghai Journalism Institute,,
上海法學院,Shanghai Law School,,
上海雷氏德工程專科學院,Shanghai Lester Engineering College,,
上海國語模範學校,Shanghai Mandarin Model School,,
上海醫學院,Shanghai Medical College,,
上海市立工業專科學校,Shanghai Municipal Industrial College,,
上海市立體育專科學校,Shanghai Municipal Sports College,,
上海市立師範專科學校,Shanghai Municipal Teachers College,,
上海市立吳淞水產專科學校,Shanghai Municipal Wusong Fisheries College,,
上海音樂專科學校,Shanghai Music College,,
上海國民大學,Shanghai National University,,
上海兵工專門學校,Shanghai Ordnance Technical College,,
上海私立美術專門學校,Shanghai Private Art School,,
上海私立岡德產科學校,Shanghai Private Gund Obstetrics School,,
上海私立同德醫學專門學校,Shanghai Private Tongde Medical College,,
上海私立亞東醫科專門大學,Shanghai Private Yadong Medical University,,
三育大學,Shanghai Sanyu University,,
上海中法通惠商工學校,Shanghai Sino-French Tonghui Business School,,
上海技藝大學,Shanghai Technical University,,
上海臨大,Shanghai Temporary University,,
上海大學,Shanghai University,,
滬江商學院,Shanghai University Business School,,
上海法政大學,Shanghai University of Political Science and Law,,
上海藝術大學,Shanghai University of the Arts,,
上海中醫大學,Shanghai University of Traditional Chinese Medicine,,
上海韋治大學,Shanghai Wedge University,,
上海女子醫學院,Shanghai Women's Medical College,,
上海知行大學,Shanghai Zhixing University,,
上海中華高級商業學校,Shanghai Zhonghua Senior Business School,,
上海中山學院,Shanghai Zhongshan University,,
尚賢書院,Shangxian College,,
汕頭日語學院,Shantou Japanese Language Institute,,
山西高等師範學校,Shanxi Higher Normal School,,
山西教育學院,Shanxi Institute of Education,,
山西法學院,Shanxi Law School,,
山西武備學堂,Shanxi Military Academy,,
山西省立教育學院,Shanxi Provincial Education Institute,,
山西省立第一師範學校,Shanxi Provincial First Normal School,,
山西省立法政專門學校,Shanxi Provincial Institute of Political Science and Law,,
山西省立第一女子師範學校,Shanxi Provincial No. 1 Normal School for Girls,,
山西公立農業專門學校,Shanxi Public Agricultural College,,
山西公立商業專門學校,Shanxi Public Commercial College,,
山西公立工業專門學校,Shanxi Public Industrial College,,
山西公立法政專門學校,Shanxi Public School of Law and Politics,,
山西學兵團,Shanxi School Corps,,
山西太原女子師範學校,Shanxi Taiyuan Girls' Normal School,,
山西大學,Shanxi University,,
山西運城警校,Shanxi Yuncheng Police Academy,,
山右大學,Shanyou University,,
聖甸翰大學,Shengdianhan University,,
申江商業專門學校,Shenjiang Commercial Vocational School,,
申新公學,Shenshin Public School,,
沈陽醫學院,Shenyang Medical College,,
神州女學校,Shenzhou Girls' School,,
神州法政專門學校,Shenzhou Law and Politics Vocational School,,
神州大學,Shenzhou University,,
時化商專,Shihua Commercial School,,
支那學堂,Shina Academy,,
雙城師範講習所,Shuangcheng Teachers' Workshop,,
四川農學院,Sichuan Agricultural College,,
四川甲種工業學校,Sichuan Class A Industrial School,,
四川高等學堂,Sichuan Higher School,,
四川實業學校,Sichuan Industrial School,,
四川法政專門學校,Sichuan Institute of Political Science and Law,,
四川講武堂,Sichuan Lecture Hall,,
四川講武學校,Sichuan Military School,,
四川泯江大學,Sichuan Minjiang University,,
四川內江女子師範,Sichuan Neijiang Women's Normal School,,
四川省立教育學院,Sichuan Provincial Education College,,
四川省立第一師範學校,Sichuan Provincial First Normal School,,
四川省立第四師範學校,Sichuan Provincial Fourth Normal School,,
四川公立外國語專門學校,Sichuan Public Foreign Language College,,
四川公立工業專門學校,Sichuan Public Industrial College,,
四川公立法政專門學校,Sichuan Public School of Law and Politics,,
四川公立國學專門學校,Sichuan Public School of Sinology,,
四川大學,Sichuan University,,
四川誌城法政專門學校,Sichuan Zhicheng School of Law and Politics,,
矽酸鹽研究院,Silicate Research Institute,,
辛普森大學,Simpson University,,
中法工學院,Sino-French Institute of Technology,,
中法大學,Sino-French University,,
日華學院,Sino-Japanese College,,
東吳大學,Soochow University,,C
東方勞動者共產主義大學,Soochow University,,
華南女子文理學院,South China Women's Liberal Arts College,,
興安南省陸軍幼年學校,South Hinggan Army Infant School,,
南滿洲工業專門學校,South Manchuria Technical College,,
滿鐵公學堂,South Manchurian Railway Comapny College,,
川南經緯學堂,South Sichuan Jingwei School,,
東南醫學院,Southeast Medical College,,
東南體專等校,Southeast Sports School,,
東南女子體育師範學校,Southeast Women's Sports Normal School,,
東南女子體育專科學校,Southeast Women's Sports Vocational School,,
南方大學,Southern University,,
西南聯合大學,Southwest Associated University,,
西南聯大,Southwest Associated University,,
體育學校,Sports school,,
聖芳濟高等商業專科學校,St. Francis Xavier College of Business,,
聖瑪利亞女校,St. Mary's School for Girls,,
參謀學院,Staff College,,
石溪大學,Stony Brook University,,
潛艇兵,Submariner,,
綏化師範學校,Suihua Normal School,,
蘇鬆太道立龍門師范學堂,Sushongtai Road Longmen Normal School,,
蘇州中華體育專門學校,Suzhou Chinese Sports College,,
蘇州蕩口鎮華氏私立實用農業學校,Suzhou Dangkou Town Huashi Private Practical Agricultural School,,
蘇州醫學專門學校,Suzhou Medical College,,
蘇州大學,Suzhou University,,
蘇州女子師範學校,Suzhou Women's Normal School,,
敘利恩繪畫研究所,Syrian painting institute,,
台南神學校,Tainan Theological School,,
台北高等學校,Taipei high school,,
台北帝國大學,Taipei Imperial University,,
台北工業學院,Taipei Institute of Technology,,
台北醫學專門學校,Taipei Medical College,,
台灣省立農學院,Taiwan Provincial Agricultural College,,
台灣省立工學院,Taiwan Provincial Institute of Technology,,
台灣省立師範學院,Taiwan Provincial Teachers College,,
台灣大學,Taiwan University,,
唐山工業學校,Tangshan Industrial School,,
戰車學校,Tank school,,
塔郎脫高等林學院,Tarantau College of Higher Forestry,,
農産部茶場,Tea Farm of the Ministry of Agriculture,,
電信學校,Telecom School,,
滕縣美立華北學院,Tengxian Meili North China College,,
特志大學,Tezhi University,,
革命軍第二師教道團修,The Second Division of the Revolutionary Army,,
東三省軍士教道隊,Three Northeastern Province Sergeant Missionary Team,,
天津美術館附設西畫研究所,Tianjin Art Museum Western Painting Research Institute,,
天津商業學校,Tianjin Business School,,
天津棉業專門學校,Tianjin Cotton Industry College,,
天津華東日語專門學校,Tianjin East China Japanese Language College,,
天津高等師範學校,Tianjin Higher Normal School,,
天津弘德商科高級職業學校,Tianjin Hongde Business Advanced Vocational School,,
天津工商學院,Tianjin Industrial and Commercial College,,
天津法政專門學校,Tianjin Law and Politics College,,
天津醫學堂,Tianjin Medical School,,
天津海軍學校,Tianjin Naval Academy,,
天津新學書院,Tianjin New Knowledge Academy,,
天津新醫學校,Tianjin New Medical School,,
天津私立達生助產學校,Tianjin Private Dasheng Midwifery School,,
天津省立水產學校,Tianjin Provincial Fisheries School,,
天津公安局警察練習所,Tianjin Public Security Bureau Police Practice Center,,
天津工業專門學校,Tianjin Technical College,,
天津貞淑高等女學校,Tianjin Zhenshu High School for Girls,,
鐵嶺日語學堂,Tieling Japanese Language School,,
鐵嶺日語學校,Tieling Japanese School,,
鐵嶺師範學校,Tieling Normal School,,
鐵嶺協和學校,Tieling Union School,,
同德醫學院,Tongde Medical College,,
同濟大學,Tongji University,,
清華大學,Tsinghua University,,V
友聯學校,Union School,,
萬國齒科專校,Universal Dental School,,
香港大學,University of Hong Kong,,
瓦沙女子大學,Vassar Women's University,,
維多利亞大學,Victoria University,,
維斯特拉高級軍官學校,Vistra Senior Military Academy,,
王瑞嫻音樂館,Wang Ruixian Music Hall,,
皖江法政專門學校,Wanjiang College of Law and Politics,,
水利局立河海工程專門學校,Water Conservancy Bureau Li River and Sea Engineering College,,
維新學院,Weixin College,,
溫江大學,Wenjiang University,,
文生高等英文學校,Wensheng Higher English School,,
文治大學,Wenzhi University,,
溫州師範學校,Wenzhou Normal School,,
華西協合大學,West China Union University,,
華西大學,West China University,,
懷德女子師範學校,Wilder Girls' Normal School,,
維利弗治總醫院,Williford General Hospital,,
女子師範大學,Women's Normal University,,
女子師範學院,Women's Teachers College,,
半工半讀,Work and study program,,
武昌佛學院,Wuchang Buddhist College,,
武昌甲種工業學校,Wuchang Class A Industrial School,,
武昌國立商業專門學校,Wuchang National Commercial College,,
武昌商科大學,Wuchang School of Commerce,,
武昌大學,Wuchang University,,
武昌文華大學,Wuchang Wenhua University,,
武昌中華大學,Wuchang Zhonghua University,,
武漢大學,Wuhan University,,
武進縣立師范學校,Wujin County Normal School,,
吳淞中國公學大學部,Wusong China Public School University Department,,
吳淞水產學校,Wusong Fisheries School,,
吳淞復旦公學,Wusong Fudan Public School,,
吳淞商船學校,Wusong Merchant Shipping School,,
無錫美術專門學校,Wuxi Art College,,
無錫女子師範學校,Wuxi Girls' Normal School,,
無錫國術專修學校,Wuxi National Martial Arts Vocational School,,
無錫公立工商專科學校,Wuxi Public Business College,,
梧州幹部學校,Wuzhou Cadre School,,
梧州建道女子師範學校,Wuzhou Jiandao Girls' Normal School,,
湘雅醫學院,Xiangya Medical College,,
湘雅醫科大學,Xiangya Medical University,,
湘雅產科學校,Xiangya Obstetrics School,,
仙居縣立師範學校,Xianju County Normal School,,
西豐縣立高級師範學校,Xifeng County Senior Normal School,,
西康技藝專科學校,Xikang Technical College,,
興安軍官學校,Xing'an Military Academy,,
興安第一師範學校,Xing'an No. 1 Normal School,,
興安公學堂,Xing'an Public School,,
興津園藝試驗場,Xingjin Horticulture Test Field,,
新華藝專,Xinhua Art College,,
新華藝術專科學校,Xinhua Art Vocational School,,
新京文化商業學校,Xinjing Culture and Business School,,
新京文化國民高等學校,Xinjing Culture National High School,,
新京教員養成所,Xinjing Faculty Training Institute,,
新京工業學院,Xinjing Institute of Technology,,
新京留學生豫備學校,Xinjing International Students Preparatory School,,
新京公學校,Xinjing Public School,,
新京第二國民高等學校,Xinjing Second National High School,,
新民師範學校,Xinmin Normal School,,
新民大學,Xinmin University,,
新聲女子職業學校,Xinsheng Girls' Vocational School,,
新陽學院,Xinyang College,,
心遠大學,Xinyuan University,,
熊嶽城滿鐵農業學校,Xiongyuecheng Mantie Agricultural School,,
宣化師範學校,Xuanhua Normal School,,
徐匯公學,Xuhui Public School,,
徐家匯公學,Xujiahui Public School,,
徐梁畫院,Xuliang Painting Academy,,
雅禮大學,Yali University,,
延吉師範學校,Yanji Normal School,,
煙台海軍學校,Yantai Naval School,,
煙台益文商專科學校,Yantai Yiwen Commercial College,,
藥治大學,Yaoshi University,,
宜昌華美書院,Yichang Huamei Academy,,
穎布露農學院,Ying Brou Agricultural College,,
營口商業學校,Yingkou Business School,,
營口師範學校,Yingkou Normal School,,
英士大學,Yingshi University,,
宜興農林學校,Yixing Agriculture and Forestry School,,
苑街華僑女子醫專,Yuan Street Overseas Chinese Women's Medical College,,
粵漢鐵路電務講習所,Yue-han Railway Electricity Workshop,,
雲南陸軍講武堂,Yunnan Army Lecture Hall,,
雲南甲種工業學校,Yunnan First Class Industrial School,,
雲南軍事教道隊,Yunnan Military Taoist Team,,
雲南市政府技術人員養成所,Yunnan Municipal Government Technical Personnel Training Institute,,
雲南師範學校,Yunnan Normal School,,
雲南省公費留美預備班,Yunnan Province Preparatory Class to Study in the United States,,
雲南省立第一師範學校,Yunnan Provincial First Normal School,,
雲南省立法政專門學校,Yunnan Provincial Law and Politics Vocational School,,
雲南公立法政專門學校,Yunnan Public School of Law and Politics,,
雲南大學,Yunnan University,,
雲南省女子師範學校,Yunnan Women's Normal School,,
育青中學,Yuqing Middle School,,
郁文大學,Yuwen University,,
張方速記學校,Zhang Fang Stenography School,,
昭武農業學校,Zhaowu Agricultural School,,
浙江自治專學院,Zhejiang Autonomous College,,
浙江甲種工業學校,Zhejiang Class A Industrial School,,
浙江高等學校,Zhejiang College,,
浙江廣濟醫專,Zhejiang Guangji Medical College,,
浙江醫藥專科學校,Zhejiang Medical College,,
浙江武備學堂,Zhejiang Military Academy,,
浙北職業學校,Zhejiang North Vocational School,,
浙江高等警官學校,Zhejiang Police Academy,,
浙江省立高級蠶桑科,Zhejiang Provincial Advanced Sericulture,,
浙江省立商業學校,Zhejiang Provincial Business School,,
浙江省立商業專科學校,Zhejiang Provincial Commercial Vocational School,,
浙江省立第八師範,Zhejiang Provincial Eighth Normal School,,
浙江省立第五師範學校,Zhejiang Provincial Fifth Normal School,,
浙江省立第五師范,Zhejiang Provincial Fifth Normal School,,
浙江省立第一師範學校,Zhejiang Provincial First Normal School,,
浙江省立第一師范學校,Zhejiang Provincial First Normal School,,
浙江省立水產學校,Zhejiang Provincial Fisheries School,,
浙江省立女子師範學校,Zhejiang Provincial Girls' Normal School,,
浙江省立法政專門學校,Zhejiang Provincial Law and Politics Vocational School,,
浙江省立地方自治學校,Zhejiang Provincial Local Autonomous School,,
浙江省立醫藥專科學校,Zhejiang Provincial Medical College,,
浙江省立助產學校,Zhejiang Provincial Midwifery School,,
浙江省立第九師範學校,Zhejiang Provincial Ninth Normal School,,
浙江省立師范學校,Zhejiang Provincial Normal School,,
浙江省立治蟲人員養成所,Zhejiang Provincial Pest Control Personnel Training Institute,,
浙江省立警官學校,Zhejiang Provincial Police Academy,,
浙江省立第十師範學校,Zhejiang Provincial Tenth Normal School,,
浙江省立第三師范,Zhejiang Provincial Third Normal School,,
浙江省立女子產科職校,Zhejiang Provincial Women's Obstetrics Vocational School,,
浙江省立女子蠶桑講習所,Zhejiang Provincial Women's Sericulture Workshop,,
浙江公立農業專門學校,Zhejiang Public Agricultural College,,
浙江公立工業專門學校,Zhejiang Public Industrial College,,
浙江公立醫學專門學校,Zhejiang Public Medical College,,
浙江公立法政專門學校,Zhejiang Public School of Law and Politics,,
浙江紹興縣立女子師範學校,Zhejiang Shaoxing County Girls' Normal School,,
浙江體育專門學校,Zhejiang Sports College,,
浙江兩級師範學校,Zhejiang Two-level Normal School,,
浙江永康縣立中學,Zhejiang Yongkang County Middle School,,
震旦學院,Zhendan College,,
正風文學院,Zhengfeng College of Literature,,
正商中學,Zhengshang Middle School,,
鎮江師範學校,Zhenjiang Normal School,,
鎮江女子職業學校,Zhenjiang Women's Vocational School,,
直隸第一女子師範學校,Zhili First Women's Normal School,,
直隸高等工業學堂,Zhili Higher Industrial School,,
直隸高等學堂,Zhili Higher School,,
直隸省立第一師範學校,Zhili Provincial First Normal School,,
直隸省立第二師範學校,Zhili Provincial Second Normal School,,
直隸公立農業專門學校,Zhili Public Agricultural College,,
直隸公立工業專門學校,Zhili Public Industrial College,,
直隸公立醫學專門學校,Zhili Public Medical College,,
直隸公立法政專門學校,Zhili Public School of Law and Politics,,
持誌學院,Zhizhi College,,
中華職業學校,Zhonghua Vocational School,,
仲愷農業工程學院,Zhongkai University of Agriculture Engineering,,
中山縣立中學,Zhongshan County Middle School,,
中州大學,Zhongzhou University,,
莊河縣立師範學校,Zhuanghe County Normal School,,
資寧軍官學校,Zining Military Officer School,,
資中縣立中,Zizhong County Middle School,,
上南洋中學,,,
上海中學,,,
上海中法專門學校,,,
上海中華公學,,,
上海中華商業專門學校,,,
上海中華會計學校,,,
上海中華職商學校,,,
上海中華職業學校,,,
上海中華藝術大學,,,
上海中西女塾,,,
上海交大管理學院,,,
上海交治大學,,,
上海倉聖明智學校,,,
上海勞工醫院護校,,,
上海南方職校,,,
上海商業學校,,,
上海商科大學,,,
上海大同中學,,,
上海大同大學,,,
上海大德助產校,,,
上海天主堂法文公書館,,,
上海天游學院,,,
上海女子中學,,,
上海專科師范學校,,,
上海工運訓練所,,,
上海市北中學,,,
上海建華工專,,,
上海建華電校,,,
上海政法大學,,,
上海政法學院,,,
上海會計專修學校,,,
上海民國大學,,,
上海江南學院,,,
上海法政學校,,,
上海法政專門學校,,,
上海法文書館,,,
上海法科大學,,,
上海無線電專校,,,
上海特志學院,,,
上海獸醫專科學校,,,
上海甲種商業學校,,,
上海監務專校,,,
上海美術專門學校,,,
上海英華書院,,,
上海電報傳習所,,,
上海電報學堂,,,
上海電報專門學校,,,
上海電報高等學堂,,,
上海青年中學,,,
上海青年會中學,,,
上海青年會學校,,,
上海青年高級中學,,,
上海體育專門學校,,,
上虞私立平昌小學,,,
並州學院,,,
中俄工業大學,,,
中公大學部,,,
中國工藝專門學校,,,
中國統計學社附設統計學校,,,
中國陸地測量學校,,,
中國陸軍軍官學校,,,
中央合作研究班,,,
中央國術館教授班,,,
中央國醫館特別研究班,,,
中央實驗中學,,,
中央實驗小學,,,
中央干訓團,,,
中央從政高等考試,,,
中央憲兵學校,,,
中央政府附設蒙藏學校,,,
中央政治學院,,,
中央政治專門學校,,,
中央政法專門學校,,,
中央法政專門學校,,,
中央測量學校,,,
中央當務學校,,,
中央當部從政人員考試,,,
中央組委會當訓班,,,
中央訓練團,,,
中央訓練團財政金融人員訓練班,,,
中央訓練團青干班,,,
中央訓練閣社會工作人員訓練班,,,
中央訓訓團黨爭訓練班,,,
中央護士學校,,,
中央軍隊黨政人員訓練班,,,
中央陸地測量專科學校,,,
中央陸軍大學,,,
中山大學附中,,,
中山女子師范學校,,,
中山縣民族師范,,,
中山縣立警官傳習所,,,
中山體育專科學校,,,
中山鳳山甲種商業學校,,,
中德中學,,,
中德高級助產職業學校,,,
中政高等科,,,
中東高等法政專科,,,
中法中學,,,
中英大學,,,
中華職校會計科,,,
中訓團社訓班,,,
中訓團高級班,,,
中訓團黨政班,,,
中訓團黨政班八期,,,
中訓團黨政訓練班,,,
丹陽中學,,,
丹陽縣立乙種工業大學,,,
丹陽縣立甲種師范學校,,,
丹陽縣立高小,,,
丹陽高中,,,
九江第三中學,,,
九江聖約翰學校,,,
事需學校,,,
五卅中學,,,
五城學堂,,,
五城舊制中學,,,
井州大學,,,
亞克醫科大學,,,
交通傳習所,,,
交通行政講習所,,,
交通部上海電信學校,,,
交通部報務考試,,,
交通部技訓所,,,
交通部行政講習所,,,
京兆女子師范,,,
京兆第二中學,,,
京師公立第一中學,,,
京師公立第三中學,,,
京師公立第十八高小,,,
京師公立第四師范,,,
京師政學堂,,,
京師法政學堂,,,
京師私立安徽中學,,,
京師范學館,,,
京師講學館,,,
京師譯館,,,
京張電報專門學校,,,
京滬滬杭甬鐵路車務訓練班,,,
京漢鐵路車務見習所,,,
仙台大學,,,
仲愷農工學校,,,
俄文法政專門學校,,,
保定優級師范學校,,,
保定培德舊制中學,,,
保定法律學堂,,,
保定法政學堂,,,
保定軍官學,,,
保定陸軍速成學堂第三班,,,
光中醫院,,,
光華大學附高中,,,
內務部統計講習所,,,
內務部警官高等學校,,,
內政部各省市戶籍干部人員訓練班,,,
內政部地方模范自治講習所,,,
內政部縣市行政講習班,,,
全國合作人員訓練所,,,
全國財務人員訓練所,,,
全椒中學,,,
兩廣優級師范,,,
兩廣方言學堂,,,
兩廣高等工業學堂,,,
兩江優級師范學堂,,,
兩江優級師范學校,,,
兩江師范學校,,,
兩江法政學堂,,,
兩江督標高等巡警學堂,,,
兩江高巡學堂,,,
兩湖大學及法政學堂,,,
兩湖文高等學校,,,
兩湖第一師范學校,,,
兩湖高等職業專門學校,,,
八旗中學,,,
公益中學,,,
公益聯合學校,,,
公立四川大學法政學院,,,
公立宜興中學,,,
公立杭州法政專門學校,,,
公立法專,,,
公立法政專門學校,,,
兵工專門學校,,,
別急講事館,,,
劉陽金江高等小學,,,
勃蒙大學,,,
務本女子大學,,,
務本甲種職業學校,,,
勵志中學,,,
勷勤大學,,,
勻庭中學,,,
化石橋法政專門學校,,,
化石橋私立法政專校,,,
北京？文學校,,,
北京一中,,,
北京中央大學,,,
北京中央政治學校,,,
北京中央法政專科學校,,,
北京中央法政專門學校,,,
北京交通行政講習所,,,
北京公立法政專校,,,
北京司法講習所,,,
北京司法部甄拔司法人員試驗,,,
北京商業學校,,,
北京商業專校,,,
北京商業專門學校,,,
北京國務專門學校,,,
北京國民大學,,,
北京地方公學,,,
北京大學中學,,,
北京大學俄文法政學院附中,,,
北京大學女子文理學院,,,
北京女子大學,,,
北京女子文理學院,,,
北京女子高等師范學校,,,
北京工業大學,,,
北京工業專本學校,,,
北京工業專門學校,,,
北京市立會計學校,,,
北京市立第五中學,,,
北京市立高級工業職業學校,,,
北京市立高級職校,,,
北京師范學堂,,,
北京政法大學,,,
北京政法專門學校,,,
北京文學校,,,
北京新式速記傳習所,,,
北京民國學院,,,
北京法商學院,,,
北京法律學堂,,,
北京法政大學,,,
北京法政學校,,,
北京法政專校,,,
北京法政專門學堂,,,
北京法政講習所,,,
北京法文大學,,,
北京畿輔實業學校,,,
北京發專,,,
北京瞿氏夫婦醫院附設產科學校,,,
北京私立中央大學,,,
北京私立中法大學,,,
北京私立求賢中學,,,
北京私立鐵路大學校,,,
北京稅務專門學校,,,
北京第一中學,,,
北京籌邊高等學校,,,
北京美專學校,,,
北京美術學校,,,
北京美術學院,,,
北京美術專校,,,
北京蒙藏專門學校,,,
北京藝術專門學校,,,
北京西郊公立第一中學,,,
北京話中央政治專門學校,,,
北京講學館,,,
北京財政商業專科學校,,,
北京財政部會計傳習所,,,
北京財政部財政講習所,,,
北京軍政無線電校,,,
北京農業專門學校,,,
北京郵電專門學校,,,
北京醫學專校,,,
北京醫學專門學校,,,
北京鐵路大學,,,
北京鐵路學院,,,
北京陸軍第一預備學校,,,
北京陸軍軍需學校,,,
北京體專,,,
北京高等專門稅務學校,,,
北京高等師范學校,,,
北京高等警務學堂,,,
北京高級商業學校,,,
北京高級師范學校,,,
北京鹽務專門學校,,,
北方軍事政治學校,,,
北洋海軍醫學校,,,
北洋醫學院,,,
北洋高等巡官學堂,,,
北碚立信會計學校,,,
匯文中學,,,
匯文大學,,,
匯文書院,,,
協和大學,,,
協和女師,,,
協和醫學院,,,
南京一中,,,
南京三民中學,,,
南京中學,,,
南京中學校,,,
南京中華女中,,,
南京五卅中學,,,
南京公立工業專門學校,,,
南京匯文女子高中,,,
南京商師附中,,,
南京工業專門學校,,,
南京市女子中學,,,
南京市立小學,,,
南京市立第一中學高中部,,,
南京市立第一女子高中,,,
南京市立第一高中,,,
南京市立職業學校,,,
南京市立職業學校會計班,,,
南京市青年會高中,,,
南京文化學院,,,
南京法政學堂,,,
南京法政學校,,,
南京法政講習所,,,
南京甲種工業學校,,,
南京私立會計專門學校,,,
南京第一女子中學,,,
南京美專,,,
南京講武學堂,,,
南京警官學校,,,
南京軍官教育團,,,
南京軍需學校,,,
南京巡警學堂,,,
南京鍾英中學,,,
南京陸軍小學,,,
南京青年會中學,,,
南京青年會中學高中,,,
南京青年會初中,,,
南京青年會學校,,,
南京青年會求實中學,,,
南京青年會華文速記專科,,,
南京首都女中,,,
南京體育師范學校,,,
南京鼓樓醫院,,,
南偉烈中學,,,
南昌法政專校,,,
南昌私立大同中學,,,
南昌豫章舊制中學,,,
南昌高等師范學校,,,
南明中學,,,
南泉鄉村師范速成班,,,
南洋方言學堂,,,
南洋炮兵,,,
南洋講武堂,,,
南洋霹靂育才學校,,,
南洋高級商校,,,
南海中學,,,
南海崇德書院,,,
南滿醫學院,,,
南菁中學,,,
南華大學,,,
南通中學,,,
南通大學醫學院,,,
南通女子師范,,,
南通師范,,,
南通紡織專門學校,,,
南通警務學校,,,
南通農學院,,,
南通農業專門學校,,,
南開中學,,,
南開中學高中部,,,
南開學校,,,
南開高中,,,
南陽大學,,,
南陽方？學,,,
南陽高級商業專門學校,,,
南青舊制學校,,,
印度大學,,,
參謀大學,,,
參謀本部中央陸地測量學校,,,
參謀本部邊務研究所,,,
台山縣立中學,,,
台山鳳崗書院,,,
合作人員訓練所研究班,,,
合作社研究所,,,
合肥省立盧州師范,,,
合肥縣立城東高小,,,
吉林法政學堂,,,
吉林省法政專門學校,,,
吉林陸軍小學,,,
同文中學,,,
同文高等學校,,,
同濟中學,,,
吳川縣立中學,,,
吳江中學,,,
吳江縣立舊制中學,,,
吳江育英高中,,,
吳淞中國公學,,,
吳淞商船專科學校,,,
吳淞海軍學校,,,
吳縣晏成中學,,,
吳興私立東吳第三中學,,,
吳興縣立女中,,,
周南女校,,,
周南高中,,,
呼涂克圖,,,
哈爾泊中俄法科大學,,,
哈爾濱俄文法政大學,,,
唐山路鑛学校,,,
商科專業學校,,,
嘉興女中,,,
嘉興秀州書院,,,
嘉興私立秀州小學,,,
四川上升法政學校,,,
四川公學,,,
四川商專,,,
四川夔州聯中,,,
四川外國語學院,,,
四川大學附屬高中部,,,
四川川東聯立師范學校,,,
四川復性學院,,,
四川成都法政專門學校,,,
四川文學院,,,
四川文書專門學校,,,
四川文理學院,,,
四川江津正則會計學校,,,
四川法政學堂,,,
四川璧山縣立中學,,,
四川省教育學校,,,
四川省立中學,,,
四川省立嘉陵高級中學,,,
四川省立奉蔇中學,,,
四川省立成都女子師范,,,
四川省立第一女子師范學校高中,,,
四川省立第一工科高中,,,
四川省立第一師范,,,
四川省立第三師范學校,,,
四川省立第六中學,,,
四川省立綿陽中學,,,
四川省立資中中學,,,
四川省立農林職業學校,,,
四川省立重慶高級商科學校,,,
四川省立重慶高級工業職業學校,,,
四川省立龍潭中學高師,,,
四川省縣政人員訓練所,,,
四川省訓練團第十五區訓練班財務組,,,
四川省通才師范,,,
四川私立法政專門學校,,,
四川聯合中學,,,
四川西南公學,,,
四川財務人員訓練所,,,
四川財政專門學校,,,
四川通省師范學堂,,,
四川鐵道學堂,,,
四川陸軍講武堂軍校高級教育班中訓團,,,
四川陸軍軍醫學校,,,
四川高等國醫學校,,,
四川高等學校,,,
四川高等工業學校,,,
四川高等巡警學堂,,,
國中大學堂,,,
國學專修學校,,,
國學專校,,,
國學研究社,,,
國家警官學校,,,
國府參軍處典禮局司儀人員訓練班,,,
國民大學,,,
國民學院,,,
國民東南大學,,,
國民法政大學,,,
國民聯軍第四路軍官教遵團,,,
國民革命軍總司令部政治部政治人員養成所,,,
國立大學,,,
國立工業專門學校,,,
國立師范大學,,,
地政人員訓練所第一期,,,
坤成小學,,,
執信中學,,,
培根職業學校,,,
士官學校,,,
壽邊高等學校,,,
壽邊高等專門學校,,,
夏口縣立模范小學,,,
外交部俄文專修館,,,
大公中學,,,
大同中學,,,
大埔縣立中學,,,
大夏中學,,,
大夏附中,,,
大學,,,
大學院行政法專研,,,
大正大學,,,
大興縣立初中,,,
大道法政學院,,,
大麓中學,,,
大麓高中,,,
天津工商大學,,,
天津模范第一小學,,,
天津水產專門學校,,,
天津法商學院,,,
天津甲種商業學校,,,
天津電報學堂,,,
太倉中學,,,
太原三晉高級中學,,,
奉化錦溪中學,,,
奉天初級師范,,,
奉天專門工業學校,,,
奉天農林專門學校,,,
奉賢縣中,,,
奧爾干太學,,,
如皋私立商業學校,,,
如皋自治研究所,,,
威茲堡醫科大學,,,
孫逸仙大學,,,
學部游學考試覆試,,,
學部留學試驗獎給法政,,,
學部試驗獎給法政科,,,
安定中學校,,,
安徽中學,,,
安徽優級師范,,,
安徽全椒縣立舊制中學,,,
安徽公學,,,
安徽公立碧陽師范,,,
安徽六縣聯立中學,,,
安徽六邑中學,,,
安徽合肥正誼中學,,,
安徽合肥縣立中學,,,
安徽大學堂,,,
安徽大學文學院,,,
安徽大學法學院,,,
安徽太平中學,,,
安徽官立法政學堂,,,
安徽政治學校,,,
安徽東南法政專門學校,,,
安徽桐城中學,,,
安徽法政學堂,,,
安徽淮西中學,,,
安徽省一女中高師科,,,
安徽省立一中,,,
安徽省立一師講習科,,,
安徽省立公職制革科,,,
安徽省立地方行政所,,,
安徽省立大公中學,,,
安徽省立安慶高級中學,,,
安徽省立工業學校,,,
安徽省立師范,,,
安徽省立徽州師范,,,
安徽省立法政專科學校,,,
安徽省立法政專門學校,,,
安徽省立甲種工業學校,,,
安徽省立盧州師范,,,
安徽省立第一中學,,,
安徽省立第一高級師范,,,
安徽省立第二中學,,,
安徽省立第五中學,,,
安徽省立第五師范,,,
安徽省立第六中學,,,
安徽省立第六師范,,,
安徽省立第六師范學校,,,
安徽省立農業職業學校,,,
安徽省立高中師范,,,
安徽省立高級中學,,,
安徽省立鳳陽高中,,,
安徽省第一女師,,,
安徽省第五中學,,,
安徽第九師范,,,
安徽第五師范,,,
安徽聖保高中,,,
安徽蕪湖蕪關中學,,,
安徽警察學校,,,
安徽陸軍將校學校,,,
安徽靈璧縣立師范,,,
安徽高等學堂第二類,,,
安徽高等學校,,,
安徽鳳陽中學,,,
安慶中學,,,
安慶六一中學校,,,
安慶六邑中學,,,
安慶師范,,,
安新縣立師范,,,
安陽高中,,,
宗文中學,,,
宗漢會計學校,,,
定海高中,,,
宛平師范學堂,,,
宜漢中學,,,
宜興女師,,,
宜興縣立文廟小學,,,
宜都縣立中學,,,
宜都縣立尚實中學,,,
宜都縣立高等小學,,,
家塾,,,
富陽新關村美新小學,,,
實業商業學校,,,
實科學校,,,
寧佛大學研究院,,,
寧波三一中學,,,
寧波商業學校,,,
寧波師范,,,
寧波效實中學,,,
寧波法政學校,,,
寧波甲種商業學校,,,
寧波裴迪中學,,,
寧波警察學堂,,,
寧波高業專門學校,,,
寧縣立甲科商業校,,,
寶山縣立師范學校,,,
寶業部禾稻檢驗人員訓練班,,,
專科以上學校,,,
專門法政,,,
小站隨營學校,,,
尚德中學,,,
尚志甲種商業學校,,,
就業訓導班,,,
屈地市航空學校,,,
山東並目學校,,,
山東中學,,,
山東十一中學,,,
山東商業大學,,,
山東客籍高等學堂,,,
山東師范學校,,,
山東惠民高中,,,
山東法政學院高等訓練班,,,
山東法政專門學校,,,
山東泰安鄉師,,,
山東濟南商專,,,
山東濟南正誼中學,,,
山東甲種商業專門學校,,,
山東省無線電專門學校,,,
山東省當政軍干部學校,,,
山東省立模范學校,,,
山東省立法政專門學校,,,
山東省立礦業專門學校,,,
山東省立第一中學,,,
山東省立第三中學,,,
山東省立第二中學,,,
山東省立第五中學,,,
山東省立第十中學,,,
山東省立第四中學,,,
山東省立第四師范,,,
山東省立臨沂高中,,,
山東省第十中學,,,
山東省臨時政治學院,,,
山東郎村建設研究按,,,
山東鄉村建設研究部,,,
山東陸軍學校,,,
山東高等專門學校,,,
山東齊魯大學醫學院,,,
山西優級師范,,,
山西大學堂中學,,,
山西省立商業專門學校,,,
山西省立國民師范,,,
山西省立師范學校,,,
山西省立法學院,,,
山西省立無線電學校,,,
山西省立第三中學,,,
山西省立農業專科學校,,,
山西行政研究所,,,
山西行政訓練所,,,
山西陸軍小學,,,
山西高等學堂,,,
岡州中學,,,
岳陽縣立中學,,,
岳陽美立湖濱高中,,,
崇德高中,,,
崇慶中學,,,
崇文中學,,,
崞縣中學,,,
嵩陽中學,,,
嶺南中學,,,
巔南大學,,,
川＊中學,,,
川北聯立高中學校,,,
川南國立師范,,,
川南私立高級師范,,,
川東縣立師范,,,
巢縣弘文中學,,,
巢縣縣立高小,,,
工程學校,,,
工程專門學校,,,
巴縣中學,,,
巴縣惠民鄉第三高小,,,
巴縣縣立中學,,,
巴黎國際學院,,,
巴黎工程大學,,,
巴黎法政大學,,,
巴黑森林專科,,,
師範學校,,,
師范,,,
師范大學,,,
師范學院,,,
常寧會通法政學校,,,
常州中學,,,
常德縣立一中,,,
常德高中,,,
常熟縣立第一高等小學,,,
平民大學,,,
平民學院,,,
平漢路事務見習所,,,
平漢鐵路車務見習所,,,
度支部計學館,,,
廈門同文書院,,,
廣兩方言高等專門學堂,,,
廣州培正中學校,,,
廣州女子師范,,,
廣州工業專門學校,,,
廣州市立師范學校,,,
廣州市立第二十八小學,,,
廣州河南競存商業學校,,,
廣州法學院,,,
廣州法政專門學校,,,
廣州知用中學,,,
廣州統計專校,,,
廣東兩廣師范學校,,,
廣東商業專門學校,,,
廣東國民學校,,,
廣東國立大學,,,
廣東女子師范,,,
廣東寧陽書院,,,
廣東將弁學堂,,,
廣東嶺南中學,,,
廣東師范學校,,,
廣東時敏中學,,,
廣東普寧縣第三區立高級小學,,,
廣東書院,,,
廣東江門景賢中學,,,
廣東法學院,,,
廣東法政學堂,,,
廣東法政學校,,,
廣東法政專門學校,,,
廣東法科學院,,,
廣東番禺師范,,,
廣東省科吏館,,,
廣東省立一女師高中師范科,,,
廣東省立勷勤大學商學院,,,
廣東省立勷勤大學工學院,,,
廣東省立商專,,,
廣東省立嶺東商業學校,,,
廣東省立工業專門學校,,,
廣東省立文理學院,,,
廣東省立第二中學,,,
廣東省立第五中學,,,
廣東省立第四中學,,,
廣東省課吏館,,,
廣東知用高中,,,
廣東統計學校,,,
廣東航空學校,,,
廣東警官學校,,,
廣東財政應會計人員講習班,,,
廣東農業改進所,,,
廣東陸軍中醫公學,,,
廣東陸軍學校,,,
廣東陸軍體育學校,,,
廣東高等學校,,,
廣東高等師范學校,,,
廣濟大公中學,,,
廣濟永興甲種農業學校,,,
廣濟縣大公中學,,,
廣益中學,,,
廣益女子中學,,,
廣符縣立中學,,,
廣西博白縣立鄉村小學教養所,,,
廣西法政學堂,,,
廣西法政專門學校,,,
廣西省立師范學校,,,
廣西第一師范,,,
廣資縣立師范,,,
廣雅中學,,,
廬江縣立第八小學,,,
延陵中學,,,
建國桂軍軍官學校,,,
建國法政專門學校,,,
建華高中,,,
弘道女子高中,,,
張才速記學校,,,
彭縣立中學,,,
很難省立第一中學校,,,
後藏邊務大學,,,
徐州培心中心,,,
徐州私立徐中,,,
復初中學,,,
復旦大學高中部,,,
德茂思大學,,,
心達大學,,,
心遠中學,,,
志遠中學,,,
恩施中學,,,
愛奧華大學,,,
愛山書院,,,
愛荷華州立農工大學,,,
慈保大學,,,
慈溪縣立錦望學校,,,
懷寧縣中,,,
成公高中,,,
成美中學,,,
成都保干班,,,
成都儲才學校,,,
成都光華大學,,,
成都大學中學,,,
成都天府高中,,,
成都天賦中學高中部,,,
成都師范大學,,,
成都建國高中,,,
成都志誠高級商業,,,
成都敬業中學,,,
成都民立大學,,,
成都華西協和高中,,,
成都華陽縣立中學,,,
成都蜀華中學,,,
成都鈱江大學,,,
成都高師,,,
戰干團政訓班,,,
扶翰中學,,,
扶輪中學,,,
扶雅中學,,,
折蚌寺那讓巴,,,
拉卜楞大寺,,,
拉薩哲蚌寺,,,
拉薩漢藏文拔萃大學,,,
拔貢,,,
持志大學高中,,,
揚丹美漢中學,,,
揚州中學,,,
揚州兩淮中學,,,
揚州數學專修科,,,
揚州數學專科,,,
揚州第八中學,,,
支那內學院法相大學,,,
政治經濟研究院,,,
啟明中學,,,
啟黃中學,,,
教育部國語速記講習所,,,
教育部戰指處計政班,,,
教育部第二屆會計人員訓練班,,,
教育部計政班,,,
教育部計正班,,,
教育部電化教育訓練班,,,
文學院,,,
文治中學,,,
文理科大學,,,
文科大學,,,
文華圖書專科學校,,,
文華圖書館學專校,,,
文華學院,,,
文華高中,,,
文華高中部,,,
新安縣立中學,,,
新書大學院,,,
新民傳習所,,,
新民會計專修館,,,
新生活服務聯動團干部訓練班,,,
新疆學院,,,
新疆省立俄文法政學院,,,
新疆高等學堂,,,
新編第六軍軍官訓練班校官組,,,
新華中學,,,
新華商業專門學校,,,
新華藝術院,,,
旅皖第二公學,,,
昂適工業大學,,,
明德中學,,,
明德大學,,,
明德女子中學,,,
明德高級中學,,,
明欣大學,,,
明義醫科專門學校,,,
明與大學,,,
春元中學,,,
晉城濩澤中學,,,
晏城中學,,,
晏成中學,,,
晏成高中,,,
普勵門學堂,,,
普寧鯉湖高等小學,,,
普林士頓大學,,,
普益中學,,,
景觀高等學堂,,,
晴川中學,,,
暹羅士乃多醫學院,,,
會習法政,,,
會計人員傳習所,,,
朝北經心書院,,,
本旗崇政學堂,,,
本經大學堂譯學館,,,
本部田訓所,,,
本部財務人員訓練班,,,
本部部立法政專門,,,
本院氣候訓練班,,,
札什倫布哲西札大學,,,
杉江中學,,,
杭州公立法政學院,,,
杭州共和法政學校,,,
杭州宏道女中,,,
杭州師范學校,,,
杭州師范專修科,,,
杭州省立女師,,,
杭州青波中學,,,
杭州高中,,,
杭縣師范,,,
東亞體專,,,
東京女子大學第二部,,,
東京高等蠶絲學校,,,
東北中學,,,
東北中山中學,,,
東北大學教育學院,,,
東北大學法學院,,,
東北講武堂速成班,,,
東北農學院,,,
東南中學,,,
東台維東小學,,,
東吳中學,,,
東吳大學第二中學高中,,,
東方中學,,,
東方美術專科學校,,,
東林書院,,,
東省特別區商業專門學校,,,
東運中學,,,
枝江師范學校,,,
柯倫治工程行,,,
格魯大學,,,
桂山中學,,,
桂林國民學校,,,
桃塢中學,,,
桐城縣中學,,,
桐生高等工業學校,,,
桐縣中學,,,
楚怡中學,,,
楚怡甲種工業學校,,,
楚才中學,,,
榮昌縣立初中,,,
樂群會計專校,,,
檢察院會計員養成所,,,
檢查干班,,,
檳城私立商業專修學堂,,,
正誼中學,,,
正風高中,,,
武大研究所,,,
武嶺農業職業學校,,,
武昌三一中學,,,
武昌中學,,,
武昌中山大學,,,
武昌中華大學舊制中學,,,
武昌商業專門學校,,,
武昌商業職業學校,,,
武昌商科大學校專門部,,,
武昌師范大學,,,
武昌文學中學,,,
武昌文華中學,,,
武昌求是中學,,,
武昌法政專校,,,
武昌甲種商業學校,,,
武昌省立中學,,,
武昌省立師范,,,
武昌藝術專門學校,,,
武昌道師范學堂,,,
武昌陸軍第二預備學校,,,
武昌高等學校,,,
武昌高等工業學堂,,,
武昌高等師范學校,,,
武昌高級商職校,,,
武漢會計專校,,,
武漢警官學校,,,
武進中學,,,
武進寄園文學院,,,
武進工專,,,
武進師範學堂,,,
武進私立培梓中學,,,
武進縣女子師范學校,,,
武進縣立第一乙種農校,,,
民元湖北高等巡警學堂,,,
民四川法政學堂,,,
民國政法大學,,,
民國法律學校中訓團,,,
民國法政大學,,,
民國監獄學校,,,
民智中學,,,
民治新聞專科學校,,,
民生計理學校,,,
求精中學,,,
求精中學高中部,,,
求精商學院,,,
求賢中學,,,
江北師范學校,,,
江北陸軍速成學校,,,
江南學院,,,
江南實業學堂,,,
江南格致書院,,,
江南毓秀女校,,,
江南水師學堂,,,
江南法律專門學校,,,
江南法政學堂,,,
江南法政學校,,,
江南講武堂野戰炮兵科,,,
江南警察教練所,,,
江南巡警學堂,,,
江南開通法政學校,,,
江南陸師學堂,,,
江南高等商業學校,,,
江南高等學校,,,
江寧縣立中學,,,
江寧縣立師范學校,,,
江寧縣立師范講習所,,,
江寧縣立第二高等小學,,,
江漢中學,,,
江漢大學,,,
江漢高中,,,
江蘇中學,,,
江蘇代用甲種商業學校,,,
江蘇兩級師范學堂,,,
江蘇公立南京專門學校,,,
江蘇公立工業專門學校,,,
江蘇公立法政專門學校,,,
江蘇六中,,,
江蘇南通女子師范學校,,,
江蘇商專學校,,,
江蘇商業中學,,,
江蘇太倉中學,,,
江蘇女子蠶業高級學校,,,
江蘇宜興彭城中學,,,
江蘇師范學堂,,,
江蘇師范學校,,,
江蘇憲兵學校,,,
江蘇文化學院,,,
江蘇景魯商業學校,,,
江蘇武備速成學堂,,,
江蘇江北法政專門學校,,,
江蘇法政專門學校,,,
江蘇省立上海中學,,,
江蘇省立中學,,,
江蘇省立二中,,,
江蘇省立二女師,,,
江蘇省立二師,,,
江蘇省立五師,,,
江蘇省立八中,,,
江蘇省立南京女子中學,,,
江蘇省立南通中學,,,
江蘇省立南青公學,,,
江蘇省立大學,,,
江蘇省立學院,,,
江蘇省立宜興農林科職業學校,,,
江蘇省立師范學校,,,
江蘇省立徐州中學,,,
江蘇省立揚州中學,,,
江蘇省立揚州高中,,,
江蘇省立教育學院,,,
江蘇省立江䁇中學,,,
江蘇省立法政學校,,,
江蘇省立洛社鄉村師范學校,,,
江蘇省立淮陰中學,,,
江蘇省立無錫師范學校,,,
江蘇省立無錫高級中學,,,
江蘇省立第一中學,,,
江蘇省立第一師范學校,,,
江蘇省立第一法政專門學校,,,
江蘇省立第七中學,,,
江蘇省立第七師范,,,
江蘇省立第七師范學校,,,
江蘇省立第三師范,,,
江蘇省立第九中學,,,
江蘇省立第九師范學校,,,
江蘇省立第二中學,,,
江蘇省立第二女子師范,,,
江蘇省立第八中學,,,
江蘇省立第八師范,,,
江蘇省立第六師范學校,,,
江蘇省立農業專門學校,,,
江蘇省立醫政學校,,,
江蘇省立醫政學院,,,
江蘇省立鎮江高中,,,
江蘇省立高等學堂,,,
江蘇省立高級助產學校,,,
江蘇省警官學校,,,
江蘇省警察學校,,,
江蘇第一代用女子中學,,,
江蘇第一代用師范學校,,,
江蘇縣中高中部,,,
江蘇蠶業專門學校,,,
江蘇警察傳習所,,,
江蘇銅山縣立中學,,,
江蘇陸軍小學,,,
江蘇陸軍教育團,,,
江蘇陸軍第三師軍官團,,,
江蘇陸軍講武堂,,,
江蘇陸軍軍官輔助教育團,,,
江蘇高等學校,,,
江蘇高等實業學校,,,
江蘇高等警察學校,,,
江西中學,,,
江西優級師范學堂,,,
江西公立法律專門學校,,,
江西公立法政專門甲班,,,
江西官立政法學堂,,,
江西師范學校,,,
江西法官養成所,,,
江西法政專科學校,,,
江西洪都中學,,,
江西省立公專學校,,,
江西省立南昌第二中學,,,
江西省立第一中學,,,
江西省立第一高等師范,,,
江西省立第三中學,,,
江西省立第二職業學校,,,
江西省立第八中學,,,
江西省立第四中學,,,
江西省立第四師范,,,
江西省立蘇州女師,,,
江西省立農業專門學校,,,
江西私立章江法政專門學校,,,
江西蠶桑專門學校,,,
江西計政人員訓練所會計甲班,,,
江西豫章法政專門學校,,,
江西農業專門學校,,,
江西陸軍測繪學校,,,
江西高等商業學校,,,
江西高等農業學校森林專科,,,
江西高等巡警學堂,,,
江陰勵寶中學,,,
江陰南蕢中心,,,
江霍畢金斯大學,,,
汲縣後期師范學校,,,
沅陵中學,,,
沈陽高級師范學校,,,
河北中學高中部,,,
河北北京道濟醫院高級護士學校,,,
河北唐山開灤中學,,,
河北唐山開灤高級護士學校,,,
河北固城鄉村師范,,,
河北工業專門學校,,,
河北武清縣立中學,,,
河北法政專門學校,,,
河北省冀縣師范,,,
河北省天津法商學院,,,
河北省立一中,,,
河北省立大名女子師范,,,
河北省立工業學院,,,
河北省立師范學校,,,
河北省立師范學院,,,
河北省立第一師范學校,,,
河北省立第七師范,,,
河北省立第三中學,,,
河北省立雁文中學,,,
河北省訓政學院,,,
河北第二師范,,,
河北第六女子師范,,,
河北通縣縣立師范學校,,,
河南中山大學,,,
河南國術館,,,
河南培文學院,,,
河南客籍學校,,,
河南省政府黨政特訓班,,,
河南省立中學,,,
河南省立百泉民眾師范學院,,,
河南省立第一高級中學,,,
河南省立第三師范,,,
河南省立第二中學,,,
河南省立第二高中,,,
河南省立第十一中學校,,,
河南省立第十六中學,,,
河南省立農專,,,
河南省立鄉縣師范,,,
河南省立高級師范學校,,,
河南省財政人員養成所,,,
河南私立群治法政學校,,,
河南育才館,,,
河南警官學校,,,
河南財政學校,,,
河南高中,,,
河南黨政訓練班,,,
河南黨際兵工分？醫院,,,
河東中學,,,
河海工科大學,,,
河海工程專門學校,,,
河間縣立中學,,,
治平中學,,,
泉州官立中學,,,
法制實物講習所,,,
法學院,,,
法官訓練所,,,
法屬東京河內巴淮學堂,,,
法律學校,,,
法律專科,,,
法律專門學校,,,
法政大學,,,
法政學校,,,
法政專校,,,
法政專門學校,,,
法文學部,,,
法科大學,,,
泰縣時敏中學,,,
津浦車務訓練班,,,
津浦鐵路學堂,,,
浙江三中,,,
浙江中醫專校,,,
浙江兩級師范學校,,,
浙江公立商業專門學校,,,
浙江共和法政學校,,,
浙江十中,,,
浙江吳與三余學社,,,
浙江商學院,,,
浙江商業學校,,,
浙江大陸高級測量科職業學校,,,
浙江女師,,,
浙江官立法政學校,,,
浙江工專學校,,,
浙江干部學校,,,
浙江愛華,,,
浙江永嘉甄海中學,,,
浙江法專,,,
浙江法政講習所,,,
浙江海寧州中學堂,,,
浙江測量學院暨農業專門校,,,
浙江甲科工業學校,,,
浙江甲種商校,,,
浙江監獄學校,,,
浙江監獄專門學校,,,
浙江相湖鄉師,,,
浙江省地方自治專修學校,,,
浙江省杭州師范學校,,,
浙江省立中學,,,
浙江省立寧波中學,,,
浙江省立寧波第四中學高中部,,,
浙江省立工專,,,
浙江省立教育學院,,,
浙江省立杭州高級中學,,,
浙江省立甲科商業學校,,,
浙江省立甲科工業學校,,,
浙江省立甲種商業學校,,,
浙江省立第一中學,,,
浙江省立第三中學,,,
浙江省立第三師范學校,,,
浙江省立第二中學,,,
浙江省立第八中學,,,
浙江省立第十一中學,,,
浙江省立第十一師范,,,
浙江省立第十中學,,,
浙江省立第十師范附屬小學,,,
浙江省立第四中學,,,
浙江省立第四師範,,,
浙江省立衛生試驗科,,,
浙江省立農業實驗學校,,,
浙江省立農業推廣專門學校,,,
浙江省立高級中學,,,
浙江省第立五中學,,,
浙江省警官學校,,,
浙江省高等學堂,,,
浙江私立德政專門學校,,,
浙江私立法政專門學校,,,
浙江紹興第五中學,,,
浙江紹興護士學校,,,
浙江職業學校,,,
浙江舊制中學,,,
浙江英文專修學校,,,
浙江諸暨這中學,,,
浙江財務人員養成所,,,
浙江財務學校,,,
浙江鄞縣敦實中學,,,
浙江醫學專校,,,
浙江醫藥專校,,,
浙江陸地測量學校,,,
浙江陸軍弁目學堂,,,
浙江陸軍測繪學校,,,
浙江陸軍測量學校,,,
浙江陸軍測量專校,,,
浙江陸軍講武堂,,,
浙江陸軍軍學補習所,,,
浙江高等學堂,,,
浙江高等鐵路學校,,,
浙江鹺務小學,,,
浙贛路無線電訓練班,,,
海事縣立舊制中學,,,
海軍水電學校,,,
海軍第三艦隊軍官班,,,
海軍飛潛學校,,,
涪陵師范學校,,,
淮南法政專門學校,,,
淮安中學,,,
淮安府中學堂,,,
淮西女高中,,,
淮西高級中學,,,
淮陰中學,,,
清華中學,,,
清華學堂,,,
清華學校,,,
湖北一中,,,
湖北商業學校,,,
湖北大學,,,
湖北宗漢會計專校,,,
湖北工業專門學校,,,
湖北師范學校,,,
湖北文官養成所,,,
湖北方言學堂,,,
湖北日新中學,,,
湖北會計學校,,,
湖北江漢法政大學,,,
湖北江漢法政專門學校,,,
湖北法律專科,,,
湖北理化專科學校,,,
湖北省公立外國語專門學校,,,
湖北省干訓團會計班,,,
湖北省教育學院,,,
湖北省立一小鐘南中學,,,
湖北省立中學,,,
湖北省立九中學,,,
湖北省立六中學,,,
湖北省立外國語專門學校,,,
湖北省立女子師范學校,,,
湖北省立存古,,,
湖北省立武昌中學,,,
湖北省立武昌高中,,,
湖北省立法科大學,,,
湖北省立甲種工業學校,,,
湖北省立第一中學,,,
湖北省立第一商業職業學校,,,
湖北省立第一師范學校,,,
湖北省立第一高級中學,,,
湖北省立第七師范,,,
湖北省立第三中學,,,
湖北省立第九中學,,,
湖北省立第二中學,,,
湖北省立第二高級中學,,,
湖北省立第八中學,,,
湖北省立農學院,,,
湖北省立農業專科學校,,,
湖北省立高商學校,,,
湖北省立高等師范附屬中學,,,
湖北省立高級師范,,,
湖北私立養正書社,,,
湖北第三區啟黃中學,,,
湖北職中高級商業職校,,,
湖北自強學堂,,,
湖北襄陽鹿門舊制中學,,,
湖北財務人員訓練所,,,
湖北軍官學校,,,
湖北鄂城縣立中學,,,
湖北陸軍測繪專門學校,,,
湖北陸軍特別學校,,,
湖北陸軍第三中學,,,
湖北陸軍講武堂,,,
湖北陸軍軍需學校,,,
湖北章楚高級中學,,,
湖北高級工業學校,,,
湖北黃華師范,,,
湖南乾城縣立高等小學,,,
湖南信義中學,,,
湖南修業中學,,,
湖南修業學校,,,
湖南優級師范,,,
湖南全省優級師范學堂,,,
湖南兩路師范學校,,,
湖南公立法律專科學校,,,
湖南公立第一法政專門學校,,,
湖南公裡速記專校,,,
湖南商業學校,,,
湖南地方自治訓練所,,,
湖南地方行政干部學校會計班,,,
湖南培英高等學堂中訓團黨政班,,,
湖南工業學校,,,
湖南工業專門學校,,,
湖南師範,,,
湖南常德中學,,,
湖南平江縣立師范學校,,,
湖南廣益高中,,,
湖南廣雅中學,,,
湖南建國法政專門學校,,,
湖南愛國法政學校,,,
湖南文史專科,,,
湖南文藝高級中學,,,
湖南旅滬職業學校,,,
湖南會計傳習所,,,
湖南會通法政專門,,,
湖南會通法校,,,
湖南武供學堂,,,
湖南民生計理學校,,,
湖南民生計理專校,,,
湖南法官養成所,,,
湖南法政紳校,,,
湖南省商業專業學校,,,
湖南省立中學,,,
湖南省立商專,,,
湖南省立常德中學,,,
湖南省立第一中學,,,
湖南省立第一女子師范,,,
湖南省立第一師范學校,,,
湖南省立第一師范附屬小學,,,
湖南省立第一高中,,,
湖南省立第二師范學校,,,
湖南省立第二聯合學校,,,
湖南省立統計專科學校,,,
湖南省立農校,,,
湖南省立長郡中學,,,
湖南省立高工,,,
湖南省立高級商專,,,
湖南省第一女子師范學校,,,
湖南私立克澤高中,,,
湖南私立愛國法政專門學校,,,
湖南私立遠材法政專門學校,,,
湖南第七中學軍校高教班,,,
湖南育＊高中,,,
湖南警官學校,,,
湖南運材法政專門學校,,,
湖南達材法政專門學校,,,
湖南長沙樂群會計專修學校,,,
湖南高等學堂,,,
湖南高等職業學堂,,,
湖南高級師范學堂,,,
湖南鴻文學院,,,
湖廣大學,,,
湖湘法政專門學校,,,
湖郡女中,,,
湘潭縣立中學,,,
湘省行政干部學校會計蕃計班,,,
湘鄉縣立中學,,,
湘陰中學,,,
溧陽同濟中學,,,
滬中央政校,,,
滬北英專,,,
滬江大學.,,,
漢口博學書院高中,,,
漢口商業專門學校,,,
漢口商科大學,,,
漢口宗漢會計學校,,,
漢口市十地清丈人員養成所,,,
漢口市地政人員訓練班,,,
漢口法文專門學校,,,
漢川縣中學,,,
漢陽高級工業職業學校,,,
潘陽高等師范,,,
潛化中學,,,
潤商中學,,,
潤州中學,,,
潤州學校,,,
潮州法政講習所中訓團當政訓練班,,,
濂溪中學,,,
濟南大學,,,
濟南客藉學校,,,
濩澤中學,,,
瀘縣中學,,,
灤縣師范學校,,,
無線電專門學校,,,
無錫中學,,,
無錫商工中學,,,
無錫國學專修學校,,,
無錫國學專科學校,,,
無錫實業學校,,,
無錫師范學校,,,
無陽國學專修學校,,,
煙台市立第二高中,,,
煙台海軍練營,,,
煙台益文商業專校,,,
煙台益文商業專科,,,
煙台益文學校高中,,,
煙台私立中學,,,
特務旅軍事連,,,
獄雲中學,,,
璧山系中學,,,
甘肅公立法政專門學校,,,
甘肅學院會計訓練班,,,
甘肅省立學院,,,
甘肅省立師范學校,,,
甘肅省立第九師范學校,,,
甘肅高等學校,,,
甲種工業學校,,,
番禹公立中學,,,
番禺八桂中學,,,
番陽高等師范,,,
當政軍人事管理人員訓練班,,,
皇仁書院,,,
皖北法政大學,,,
皖南高級中學,,,
皖旅鄂中學,,,
皖省會計人員實習所,,,
益智中學,,,
監利縣高等小學,,,
監務專門學校,,,
直棣法政學堂,,,
直棣法政專門學校,,,
直棣高等師范,,,
直隸法律專門學校,,,
直隸法政專門學校,,,
直隸省立二中,,,
直隸第一中學,,,
直隸第三中學,,,
省立一師學校,,,
省立上海中學,,,
省立第九中學,,,
省立第九師范學校,,,
省立第二女高,,,
省立第二職業專校,,,
省立第六高中,,,
省立聯合學校,,,
省立講習所,,,
省立銅仁師范高師,,,
睢寧縣立高級小學,,,
磋欠總經堂,,,
社會教育學院,,,
福州公學,,,
福州甲種商業學校,,,
福州私立開智小學,,,
福州職業學校,,,
福州英華書院,,,
福州高級中學,,,
福建上杭中學,,,
福建協和學院,,,
福建商業學校,,,
福建師范學堂,,,
福建建？師范學校,,,
福建晉江法政自治研究所,,,
福建桃淑女子中學,,,
福建法學院,,,
福建省立中學,,,
福建省立商業專門學校,,,
福建省立甲種商業學校,,,
福建省立福州中學,,,
福建省立福州第一中學,,,
福建省立第一中學校,,,
福建省立第一師范學校,,,
福建省立第二師范學校,,,
福建省立第八中學,,,
福建省立高等工業學校,,,
福建私立法政專門學校,,,
福建經學會高等班,,,
福建職業學校,,,
福建造船學堂,,,
福建閩南中學,,,
福建陸地測量學校,,,
福建陸軍武供學堂,,,
福建集美師范,,,
福建霞蒼工業專科學校,,,
福建馬尾海軍學校,,,
福建馬尾船政水師學校,,,
萬國函授,,,
萬縣縣立鄉村師范學校,,,
私塾,,,
私立上海中學,,,
秋尼史工科大學,,,
稅務專門學校,,,
程度大學,,,
種英中學,,,
立教大學,,,
童軍體育專科學校,,,
第一戰區干部訓練團,,,
第三中學,,,
第三戰區將校團,,,
第九中學,,,
第二中學,,,
第二中學高中,,,
第二屆高考會計人員,,,
第二集團軍總司令部軍需訓練班,,,
第五陸軍軍事政治校,,,
第十五區聯立中學,,,
粞干大學,,,
粵軍第二軍官團校官班,,,
粵軍軍官團軍官班,,,
糧食部督糧助理人員訓練班,,,
紅會總會護校,,,
紹興稽山高級中學,,,
統計人員訓練班,,,
綏遠中山學院,,,
綏遠蒙藏學校,,,
經國政學校,,,
經濟講習會通訊講習,,,
緬甸美以美會,,,
縣立鐘吾小學,,,
群治法政專門學校,,,
考試院普通考試,,,
而加省大學,,,
聖彼得堡商大,,,
聖心書院,,,
聖若瑟書院,,,
聖茲堡大學,,,
聖路加中學,,,
育傑中學,,,
育才商業專門學校,,,
育杰高中,,,
育英學校,,,
興賢大學,,,
航海育材公學,,,
船政學堂,,,
英文商業學校,,,
英皇書院,,,
茂名中學,,,
茂坡？秀小學,,,
荊南中學,,,
莫斯科福朗斯陸軍大學,,,
華中公學,,,
華北協和大學,,,
華北大學,,,
華北學院師范科,,,
華北學院教育專科,,,
華北工學院,,,
華北藥學會藥學專校,,,
華南中學,,,
華強中學,,,
華東法政大學,,,
華西協和大學,,,
華西工商科學校,,,
萍鄉縣立中學,,,
葉縣初級師范,,,
蒙藏委員會蒙藏訓練班,,,
蒲坂中學,,,
蓮池書院,,,
蕉嶺中學,,,
蕙蘭中學,,,
蕙蘭高中,,,
蕪湖女子高中學校,,,
蕪湖聖雅各中學,,,
薩克遜大學,,,
藏文大學,,,
藏文學堂,,,
藝術專門學校,,,
藩陽私立成城中學,,,
藩陽高等師范學校,,,
藹都和大學,,,
蘄春師範學堂,,,
蘇州中學,,,
蘇州工業專門學校,,,
蘇州省立第二工校,,,
蘇州美術專科學校,,,
蘇州美術專門學校,,,
蘇皖聯立政治學院,,,
蘇省鐵路學堂建筑班,,,
蘇省鐵路專門學堂,,,
蘭州中山大學,,,
蘭州電報學校,,,
蘭陵商業會計學校,,,
行建中學,,,
行政人員訓練班,,,
衡湘高中,,,
衡陽岳屏書院,,,
衡陽船山中學,,,
裡昂宗職專科,,,
襄城縣專心中學,,,
西北中山大學,,,
西北商科大學,,,
西北農林專校,,,
西安中山大學,,,
西安溥臣會計補習學校,,,
西安省立中學,,,
西康西昌小學,,,
西藏藏文傳習所,,,
西路師范學堂,,,
記錄公立法政專門學校,,,
諸暨縣立中學,,,
諸暨縣立舊制中學,,,
諾維治騎兵學校,,,
警官高等學校,,,
警校教育班,,,
譯學館,,,
豫章法政專門學校,,,
財務人員養成所,,,
財政學會會計學校,,,
財政廳附設財政講習所,,,
財政部全國財務人員訓練所,,,
財政部會計傳習所,,,
財政部查干班,,,
財政部田賦人員訓練所,,,
財政部監務專門學校,,,
財政部稅務署稅務人員養成所,,,
貴州優級師范學堂,,,
貴州官立法政講習所,,,
貴州師范法政學校,,,
貴州法政學校,,,
貴州省立大學,,,
貴州省立高中,,,
貴陽中學高中,,,
貴陽師范學院,,,
資中縣立職業學校,,,
贛省官立法政學堂,,,
赤城公學,,,
軍事委員會交通研究院,,,
軍事委員會干訓,,,
軍令部佔地參謀訓練班,,,
軍令部情報參謀訓練班,,,
軍令部講電訓練班,,,
軍委會干訓一團,,,
軍委會戰干一團,,,
軍委會政訓研究班,,,
軍官學校,,,
軍官講習班,,,
軍政部榮譽軍人職員訓練所會計班,,,
軍政部獸醫學校,,,
軍政部譯述講習所,,,
軍政部軍需學校,,,
軍校,,,
軍校政訓研究班,,,
軍校軍官教育隊,,,
軍校軍訓班,,,
軍校高教班,,,
軍械班,,,
軍需實施學校,,,
輔德中學,,,
農商部地質研究所,,,
農政專門學校,,,
農林專校,,,
農業大學,,,
農業專門學校,,,
通才商業專門學校,,,
通海甲種學校,,,
通縣潞河中學,,,
速記傳習所,,,
速記學堂,,,
達德中學,,,
達才中學校,,,
遵義舊制中學,,,
遼寧女子中學,,,
遼寧法政專門學校,,,
遼寧省全省警官傅習所,,,
遼寧省立第三高級中學,,,
遼寧省立第二工科專門學校,,,
遼寧省聯巔縣初級師范,,,
邊疆學校師范專修科,,,
邊疆教育干部人員訓練班,,,
邑庠生兩淮師范,,,
邵陽縣立舊制中學,,,
郁文學院,,,
郎西森林水利大學,,,
郵傳部交通傳習所,,,
郵傳部交通講習所,,,
郵電專門學校,,,
鄆城清華中學,,,
鄖陽中學,,,
鄞縣縣立醫院醫學講學班,,,
鄰水公灘鄉小學,,,
酆都師范,,,
重慶中學,,,
重慶公立法政專門學校,,,
重慶商船專科學校,,,
重慶大公職業學校,,,
重慶廣誼高級會計學校,,,
重慶會計專科學校,,,
重慶求精商業專科學校,,,
重慶私立正中會計學校,,,
重慶私立治平中學,,,
重慶聯立高中,,,
重慶西南美專校,,,
重慶軍官講武堂,,,
重症校地政學院,,,
金華中學高中部,,,
金華作新中學,,,
金華成美女中,,,
金華福音護校,,,
金陵中學,,,
金陵基督中學,,,
金陵女子文理學院,,,
金陵法政專門學校法律特別科,,,
銅梁中學,,,
銅梁縣立高級中學,,,
銓敘部人事人員訓練班,,,
銘賢中學,,,
銘賢大學,,,
錦堂學校,,,
錦陽縣立中學,,,
鍾英中學,,,
鎮江中學,,,
鐘英中學會計師補習學校,,,
長壽縣立中學,,,
長春商埠中學,,,
長業公學高中中訓團黨政班,,,
長沙協均中學,,,
長沙大麓高中,,,
長沙福湘女中,,,
長沙第一師范,,,
長沙縣立師范,,,
長沙育英師范,,,
長沙藝芳女子中學,,,
長沙豫章小學,,,
長沙郡高中,,,
長郡中學,,,
門與大學,,,
開士工業專門學校,,,
開封培文學院,,,
開封師范學校,,,
開封濟汴高中部,,,
開封豫中中學,,,
開封高中,,,
開物中學,,,
防空學校,,,
陝西三原第三師范,,,
陝西公立法政專門學校,,,
陝西大學,,,
陝西宏道大學堂,,,
陝西師范學校,,,
陝西戰時行政人員訓練班,,,
陝西景龍中學,,,
陝西武備學堂,,,
陝西民立中學,,,
陝西汾陽銘義商校,,,
陝西省公立法政專門學校,,,
陝西省立商業專科學校,,,
陝西省立法學院,,,
陝西省立第一中學,,,
陝西省立第一師范學校,,,
陝西省立第三中學,,,
陝西省立第三師范,,,
陝西省立第二中學,,,
陝西省立第二師范,,,
陝西省立蒲城中學高中,,,
陝西省立運城高中,,,
陝西軍官學校,,,
陝西陸地測量學校,,,
陸大特別班,,,
陸軍學校,,,
陸軍測量學堂,,,
陸軍測量學校,,,
陸軍炮兵射擊學校,,,
陸軍速成學校,,,
陸軍騎兵專科,,,
隨縣縣立小學,,,
雅理大學,,,
雨江法政學校,,,
雲南師范,,,
雲南昭通中學,,,
雲南省當部新軍會干訓班,,,
雲南省立一師高級部,,,
雲南省立昆華師范高級部,,,
雲南省立第一中學,,,
雲南省立第一工業學校,,,
雲南省立高等師范,,,
雲南省立麓江高中,,,
雲南省立麓江高師,,,
雲南第二師范,,,
雲南講武堂,,,
雲南高等學堂,,,
雲高革埠英皇乙活高商專校,,,
青島商學院,,,
青島市特別高等專門學校,,,
青島市立李村師范學校,,,
青島海軍學校,,,
青年會高中,,,
韶州講武學堂,,,
順天中學,,,
順天學校,,,
順天高中,,,
順天高等學堂,,,
順慶嘉陵高中,,,
顏山中學高中,,,
首都？兵學校軍官班,,,
首都女子法政講習所,,,
首都臨時普通考試及格,,,
高中,,,
高峰中學,,,
高等學校,,,
高等警官學堂,,,
高等巡警正科,,,
高級中學,,,
高級商科,,,
高級美術學校,,,
高級護士學校,,,
高要縣立中學,,,
鮑江華英學院,,,
鹽務學校,,,
麓江高中,,,
黃埔海軍學校,,,
黃川縣立中學,,,
黃縣志成中學,,,
黑龍江省法政專門學校,,,
黑龍江省立一中,,,
黑龍江省立法政專門學校,,,
墨國國立商業學校,,,
墨西哥高等商務學校,,,
黨政軍人事管理人員訓練班,,,
龍門師范,,,
