man_made features ;level 1;level 2;level 3;level 4;level 5;level 6;level 7;level 8
manmade features ;institutional site ;educational facility ;school;private school;religious school;kindergarden;;buddhist
manmade features ;institutional site ;educational facility ;school;private school;religious school;primary school;;buddhist
manmade features ;institutional site ;educational facility ;school;private school;religious school;secondary school;;buddhist
manmade features ;institutional site ;educational facility ;school;private school;religious school;vocational school;;buddhist
manmade features ;institutional site ;educational facility ;school;private school;religious school;kindergarden;;catholic
manmade features ;institutional site ;educational facility ;school;private school;religious school;primary school;;catholic
manmade features ;institutional site ;educational facility ;school;private school;religious school;secondary school;;catholic
manmade features ;institutional site ;educational facility ;school;private school;religious school;vocational school;;catholic
manmade features ;institutional site ;educational facility ;school;private school;religious school;seminary;;catholic
manmade features ;institutional site ;educational facility ;school;private school;religious school;kindergarden;;jewish
manmade features ;institutional site ;educational facility ;school;private school;religious school;primary school;;jewish
manmade features ;institutional site ;educational facility ;school;private school;religious school;secondary school;;jewish
manmade features ;institutional site ;educational facility ;school;private school;religious school;kindergarden;;muslim
manmade features ;institutional site ;educational facility ;school;private school;religious school;primary school;;muslim
manmade features ;institutional site ;educational facility ;school;private school;religious school;secondary school;;muslim
manmade features ;institutional site ;educational facility ;school;private school;religious school;kindergarden;;protestant
manmade features ;institutional site ;educational facility ;school;private school;religious school;primary school;;protestant
manmade features ;institutional site ;educational facility ;school;private school;religious school;secondary school;;protestant
manmade features ;institutional site ;educational facility ;school;private school;religious school;vocational school;;protestant
manmade features ;agricultural site ;dairy;;;;;;
manmade features ;agricultural site ;farm;;;;;;
manmade features ;agricultural site ;orchard;;;;;;
manmade features ;agricultural site ;nursery;;;;;;
manmade features ;agricultural site ;field;;;;;;
manmade features ;administrative facility;court house ;;;;;;
manmade features ;administrative facility;court house ;municipal court;;;;;
manmade features ;administrative facility;court house ;provincial court;;;;;
manmade features ;administrative facility;city hall;town hall;;;;;
manmade features ;administrative facility;city hall;district city hall;;;;;
manmade features ;administrative facility;city hall;;neighborhood office (jiedao banshichu);;;;
manmade features ;administrative facility;city hall;municipal service;;;;;
manmade features ;administrative facility;county seat; magistrate;;;;;
manmade features ;administrative facility;police;police station;;;;;
manmade features ;administrative facility;police;;police sub-station;;;;
manmade features ;administrative facility;police;police dormitory;;;;;
manmade features ;administrative facility;fire brigade;firemen station;;;;;
manmade features ;administrative facility;customs;customes station;;;;;
manmade features ;administrative facility;post office building ;post office;;;;;
manmade features ;administrative facility;post office building ;telegraph;;;;;
manmade features ;administrative facility;;;;;;;
manmade features ;administrative facility;;;;;;;
manmade features ;administrative facility;;;;;;;
manmade features ;administrative facility;ministry;foreign affairs;diplomatic representation;embassy;;;
manmade features ;administrative facility;ministry;foreign affairs;diplomatic representation;consulate;;;
manmade features ;administrative facility;ministry;foreign affairs;diplomatic representation;foreign agency;;;
manmade features ;administrative facility;ministry;foreign affairs;;local office;;;
manmade features ;administrative facility;ministry;interior;;;;;
manmade features ;administrative facility;ministry;finance;;;;;
manmade features ;administrative facility;ministry;education;;;;;
manmade features ;administrative facility;ministry;;;;;;
manmade features ;administrative facility;ministry;;;;;;
manmade features ;administrative facility;ministry;;;;;;
manmade features ;administrative facility;ministry;;;;;;
manmade features ;military facility;military base;air force base;;;;;
manmade features ;military facility;military base;naval base;;;;;
manmade features ;military facility;camp ;barrack;;;;;
manmade features ;military facility;;;;;;;
manmade features ;military facility;;;;;;;
manmade features ;military facility;military installation;artillery range;;;;;
manmade features ;military facility;military installation;shelter;;;;;
manmade features ;military facility;military installation;maneuver area;;;;;
manmade features ;military facility;military installation;ammunition depot;;;;;
manmade features ;military facility;arsenal;;;;;;
manmade features ;military facility;headquarter;officers' residence;;;;;
manmade features ;military facility;;;;;;;
manmade features ;military facility;;;;;;;
manmade features ;commercial establishment;finance;modern bank;;;;;
manmade features ;commercial establishment;finance;traditional bank;;;;;
manmade features ;commercial establishment;finance;traditional bank;qianzhuang;;;;
manmade features ;commercial establishment;finance;pawnshop;;;;;
manmade features ;commercial establishment;service;office building;;;;;
manmade features ;commercial establishment;service;insurance company;life insurance company;;;;
manmade features ;commercial establishment;service;insurance company;property insurance company;;;;
manmade features ;commercial establishment;service;insurance company;liability insurance company;;;;
manmade features ;commercial establishment;service;auction company;;;;;
manmade features ;commercial establishment;service;real estate agency;;;;;
manmade features ;commercial establishment;service;maritime agency;;;;;
manmade features ;commercial establishment;service;customs;;;;;
manmade features ;commercial establishment;service;transport company;rail transport;tramway;;;
manmade features ;commercial establishment;service;transport company;sea transport;;;;
manmade features ;commercial establishment;service;transport company;air transport;;;;
manmade features ;commercial establishment;service;transport company;road transport;;;;
manmade features ;commercial establishment;service;import-export company;;;;;
manmade features ;commercial establishment;service;warehouses;;;;;
manmade features ;commercial establishment;service;leisure ;sports;;;;
manmade features ;commercial establishment;service;leisure ;film company;;;;
manmade features ;commercial establishment;service;health service;physician;;;;
manmade features ;commercial establishment;service;health service;dentist;;;;
manmade features ;commercial establishment;service;legal service;lawyer;;;;
manmade features ;commercial establishment;service;funeral parlor;;;;;
manmade features ;commercial establishment;retail business;market;marketplace;;;;
manmade features ;commercial establishment;retail business;shopping mall;shopping center;;;;
manmade features ;commercial establishment;retail business;store;shop;;;;
manmade features ;commercial establishment;retail business;store;food shop;;;;
manmade features ;commercial establishment;retail business;store;food shop;butcher;;;
manmade features ;commercial establishment;retail business;store;food shop;bakery;;;
manmade features ;commercial establishment;retail business;store;food shop;beverage;;;
manmade features ;commercial establishment;retail business;store;textile;;;;
manmade features ;commercial establishment;retail business;store;textile;clothing;;;
manmade features ;commercial establishment;retail business;store;textile;cotton goods;;;
manmade features ;commercial establishment;retail business;store;textile;silk shop;;;
manmade features ;commercial establishment;retail business;store;textile;tailor;;;
manmade features ;commercial establishment;retail business;store;body accesory;;;;
manmade features ;commercial establishment;retail business;store;body accesory;jewelry;;;
manmade features ;commercial establishment;retail business;store;body accesory;shoe;;;
manmade features ;commercial establishment;retail business;store;body care;;;;
manmade features ;commercial establishment;retail business;store;body care;hairdresser;;;
manmade features ;commercial establishment;retail business;store;body care;beauty parlor;;;
manmade features ;commercial establishment;retail business;store;body care;public bath;;;
manmade features ;commercial establishment;retail business;store;pharmacy;;;;
manmade features ;commercial establishment;retail business;store;pharmacy;western-style;;;
manmade features ;commercial establishment;retail business;store;pharmacy;Chinese-style;;;
manmade features ;commercial establishment;retail business;store;laboratory;;;;
manmade features ;commercial establishment;retail business;store;cultural product;;;;
manmade features ;commercial establishment;retail business;store;cultural product;bookshop;;;
manmade features ;commercial establishment;retail business;store;cultural product;stationary;;;
manmade features ;commercial establishment;retail business;store;cultural product;antique shop;;;
manmade features ;commercial establishment;retail business;store;cultural product;photography;;;
manmade features ;commercial establishment;retail business;store;cultural product;music;;;
manmade features ;commercial establishment;retail business;store;houseware;;;;
manmade features ;commercial establishment;retail business;store;furniture;;;;
manmade features ;commercial establishment;retail business;store;lumber;;;;
manmade features ;commercial establishment;retail business;store;lumber;occidental furniture shop;;;
manmade features ;commercial establishment;retail business;store;lumber;Chinese furniture shop;;;
manmade features ;commercial establishment;retail business;store;funeral store;;;;
manmade features ;commercial establishment;retail business;restaurant & bar;;;;;
manmade features ;commercial establishment;retail business;restaurant & bar;restaurant;;;;
manmade features ;commercial establishment;retail business;restaurant & bar;bar;brewery;;;
manmade features ;commercial establishment;retail business;restaurant & bar;bar;winery;;;
manmade features ;commercial establishment;retail business;restaurant & bar;bar;tavern;;;
manmade features ;commercial establishment;retail business;restaurant & bar;bar;;;;
manmade features ;commercial establishment;retail business;restaurant & bar;teahouse;;;;
manmade features ;commercial establishment;retail business;restaurant & bar;coffee shop;;;;
manmade features ;commercial establishment;retail business;lodging;;;;;
manmade features ;commercial establishment;retail business;lodging;guesthouse;;;;
manmade features ;commercial establishment;retail business;lodging;hotel;;;;
manmade features ;commercial establishment;retail business;lodging;boarding house;;;;
manmade features ;commercial establishment;retail business;craftsmen;;;;;
manmade features ;commercial establishment;retail business;craftsmen;cobbler;;;;
manmade features ;commercial establishment;retail business;craftsmen;stone-cutter;;;;
manmade features ;commercial establishment;retail business;craftsmen;car repair;;;;
manmade features ;commercial establishment;retail business;craftsmen;prosthesis;;;;
manmade features ;industrial site ;retail business;craftsmen;;;;;
manmade features ;industrial site ;factory;;;;;;
manmade features ;industrial site ;factory;chemical industry;;;;;
manmade features ;industrial site ;factory;chemical industry;cosmectics ;;;;
manmade features ;industrial site ;factory;chemical industry;wax & soap;;;;
manmade features ;industrial site ;factory;chemical industry;matches;;;;
manmade features ;industrial site ;factory;chemical industry;paint;;;;
manmade features ;industrial site ;factory;chemical industry;laundry (industrial);;;;
manmade features ;industrial site ;factory;chemical industry;other chemicals;;;;
manmade features ;industrial site ;factory;coal & mineral processing;;;;;
manmade features ;industrial site ;factory;coal & mineral processing;coal;coal briquette;;;
manmade features ;industrial site ;factory;coal & mineral processing;;;;;
manmade features ;industrial site ;factory;coal & mineral processing;stone;;;;
manmade features ;industrial site ;factory;coal & mineral processing;brick;;;;
manmade features ;industrial site ;factory;coal & mineral processing;;;;;
manmade features ;industrial site ;factory;coal & mineral processing;non metallic minerals;cement;;;
manmade features ;industrial site ;factory;coal & mineral processing;non metallic minerals;ceramics;;;
manmade features ;industrial site ;factory;electric equipment;;;;;
manmade features ;industrial site ;factory;electric equipment;instrument & meter;;;;
manmade features ;industrial site ;factory;electric equipment;medical instrument;;;;
manmade features ;industrial site ;factory;electric equipment;camera;;;;
manmade features ;industrial site ;factory;electronic optical & telecommunications equipment;;;;;
manmade features ;industrial site ;factory;food industry;;;;;
manmade features ;industrial site ;factory;food industry;food;;;;
manmade features ;industrial site ;factory;food industry;food;oil mill;;;
manmade features ;industrial site ;factory;food industry;food;rice flour mill;;;
manmade features ;industrial site ;factory;food industry;food;wheat flour mill;;;
manmade features ;industrial site ;factory;food industry;food;canned food;;;
manmade features ;industrial site ;factory;food industry;food;sugar mill;;;
manmade features ;industrial site ;factory;food industry;food;slaughterhouse;;;
manmade features ;industrial site ;factory;food industry;beverage;;;;
manmade features ;industrial site ;factory;food industry;beverage;beer;;;
manmade features ;industrial site ;factory;food industry;beverage;mineral water;;;
manmade features ;industrial site ;factory;food industry;beverage;wine;;;
manmade features ;industrial site ;factory;food industry;beverage;soya milk;;;
manmade features ;industrial site ;factory;food industry;beverage;soda;;;
manmade features ;industrial site ;factory;food industry;beverage;juice;;;
manmade features ;industrial site ;factory;furniture manufacturing;;;;;
manmade features ;industrial site ;factory;leather & shoe industry;;;;;
manmade features ;industrial site ;factory;leather & shoe industry;leather;;;;
manmade features ;industrial site ;factory;leather & shoe industry;shoe;;;;
manmade features ;industrial site ;factory;machinery manufacturing;;;;;
manmade features ;industrial site ;factory;machine maintenance;;;;;
manmade features ;industrial site ;factory;metal product;;;;;
manmade features ;industrial site ;factory;metal product;surgical instrument;;;;
manmade features ;industrial site ;factory;metallurgy;furnace;;;;
manmade features ;industrial site ;factory;metallurgy;forge;;;;
manmade features ;industrial site ;factory;metallurgy;foundary;;;;
manmade features ;industrial site ;factory;nonmetal mineral product;;;;;
manmade features ;industrial site ;factory;nonmetal mineral product;glassware;;;;
manmade features ;industrial site ;factory;nonmetal mineral product;porcelain;;;;
manmade features ;industrial site ;factory;nonmetal mineral product;;;;;
manmade features ;industrial site ;factory;nonmetal mineral product;;;;;
manmade features ;industrial site ;factory;paper making;;;;;
manmade features ;industrial site ;factory;paper making;paper mill;paper box;;;
manmade features ;industrial site ;factory;paper making;;;;;
manmade features ;industrial site ;factory;petroleum processing;"oil refinery;gas-oil separation plant";;;;
manmade features ;industrial site ;factory;pharmaceutical industry;;;;;
manmade features ;industrial site ;factory;printing;;;;;
manmade features ;industrial site ;factory;rubber & plastic product;;;;;
manmade features ;industrial site ;factory;rubber & plastic product;rubber product;;;;
manmade features ;industrial site ;factory;rubber & plastic product;plastic product;;;;
manmade features ;industrial site ;factory;cultural & sports good;;;;;
manmade features ;industrial site ;factory;textile;textile factory;;;;
manmade features ;industrial site ;factory;textile;textile factory;cotton mill;;;
manmade features ;industrial site ;factory;textile;textile factory;silk filature;;;
manmade features ;industrial site ;factory;textile;textile factory;silk weaving;;;
manmade features ;industrial site ;factory;textile;textile factory;wool textile;;;
manmade features ;industrial site ;factory;textile;textile factory;rug factory;;;
manmade features ;industrial site ;factory;textile;textile factory;deying factory;;;
manmade features ;industrial site ;factory;clothing;;;;;
manmade features ;industrial site ;factory;clothing;garment factory;;;;
manmade features ;industrial site ;factory;clothing;uniform factory;;;;
manmade features ;industrial site ;factory;clothing;knitting factory;;;;
manmade features ;industrial site ;factory;timber processing;;;;;
manmade features ;industrial site ;factory;timber processing;sawmill;;;;
manmade features ;industrial site ;factory;timber processing;furniture;;;;
manmade features ;industrial site ;factory;tobacco processing;;;;;
manmade features ;industrial site ;factory;transportation equipment;;;;;
manmade features ;industrial site ;factory;transportation equipment;ricksha;;;;
manmade features ;industrial site ;factory;transportation equipment;automobile & truck;;;;
manmade features ;industrial site ;factory;transportation equipment;train;;;;
manmade features ;industrial site ;factory;transportation equipment;shipyard;;;;
manmade features ;industrial site ;factory;other industry;;;;;
manmade features ;industrial site ;factory;other industry;umbrella;;;;
manmade features ;industrial site ;factory;other industry;thermos bottle;;;;
manmade features ;industrial site ;factory;other industry;gas lamps;;;;
manmade features ;industrial site ;factory;other industry;gramophone;;;;
manmade features ;industrial site ;factory;storage  ;;;;;
manmade features ;industrial site ;factory;storage  ;warehouse;storehouse;;;
manmade features ;industrial site ;factory;storage  ;warehouse;godown;;;
manmade features ;industrial site ;factory;storage  ;cold storage;;;;
manmade features ;industrial site ;factory;storage  ;;;;;
manmade features ;industrial site ;factory;storage  ;gas lamp;;;;
manmade features ;industrial site ;public utility;storage  ;;;;;
manmade features ;industrial site ;public utility;power generation site ;;;;;
manmade features ;industrial site ;public utility;power generation site ;gas works;;;;
manmade features ;industrial site ;public utility;power generation site ;gas tower;;;;
manmade features ;industrial site ;public utility;power generation site ;power plant;;;;
manmade features ;industrial site ;public utility;power generation site ;nuclear plant;;;;
manmade features ;industrial site ;public utility;waterworks ;water plant;;;;
manmade features ;industrial site ;public utility;waterworks ;water treatment plant;;;;
manmade features ;industrial site ;public utility;waterworks ;water treatment plant;filtration plant;;;
manmade features ;industrial site ;public utility;waterworks ;water treatment plant;sewage treatment plant;;;
manmade features ;industrial site ;public utility;waterworks ;water tank;;;;
manmade features ;industrial site ;public utility;waterworks ;water well;;;;
manmade features ;industrial site ;public utility;waterworks ;water tower;;;;
manmade features ;industrial site ;public utility;refuse disposal site;waste disposal site;;;;
manmade features ;industrial site ;public utility;refuse disposal site;incinerator;;;;
manmade features ;industrial site ;public utility;refuse disposal site;landfill;dump;;;
manmade features ;industrial site ;public utility;refuse disposal site;landfill;sanitary landfill;;;
manmade features ;industrial site ;public utility;refuse disposal site;wrecking yard;;;;
manmade features ;industrial site ;public utility;refuse disposal site;wrecking yard;scrap yard;;;
manmade features ;industrial site ;public utility;refuse disposal site;slag heap;;;;
manmade features ;industrial site ;public utility;refuse disposal site;;;;;
manmade features ;industrial site ;public utility;refuse disposal site;;;;;
manmade features ;institutional site ;public utility;refuse disposal site;;;;;
manmade features ;institutional site ;welfare facility;refuse disposal site;;;;;
manmade features ;institutional site ;welfare facility;home;;;;;
manmade features ;institutional site ;welfare facility;orphanage;;;;;
manmade features ;institutional site ;welfare facility;old-people home;;;;;
manmade features ;institutional site ;welfare facility;women's refuge;;;;;
manmade features ;institutional site ;welfare facility;refugee camp;;;;;
manmade features ;institutional site ;correctional facility ;;;;;;
manmade features ;institutional site ;correctional facility ;detention camp;;;;;
manmade features ;institutional site ;correctional facility ;detention camp;laojiao camp;;;;
manmade features ;institutional site ;correctional facility ;juvenile facility;;;;;
manmade features ;institutional site ;correctional facility ;labor camp;laogai camp;;;;
manmade features ;institutional site ;correctional facility ;penal farm;;;;;
manmade features ;institutional site ;correctional facility ;prison;;;;;
manmade features ;institutional site ;correctional facility ;reformatory;;;;;
manmade features ;institutional site ;educational facility ;school;;;;;
manmade features ;institutional site ;educational facility ;school;private school;;;;
manmade features ;institutional site ;educational facility ;school;private school;religious school;;;
manmade features ;institutional site ;educational facility ;school;private school;religious school;;;
manmade features ;institutional site ;educational facility ;school;private school;religious school;kindergarden;;
manmade features ;institutional site ;educational facility ;school;private school;religious school;primary school;;
manmade features ;institutional site ;educational facility ;school;private school;religious school;secondary school;;
manmade features ;institutional site ;educational facility ;school;private school;religious school;secondary school;junior high school;
manmade features ;institutional site ;educational facility ;school;private school;religious school;secondary school;senior high school;
manmade features ;institutional site ;educational facility ;school;private school;religious school;vocational school;;
manmade features ;institutional site ;educational facility ;school;private school;religious school;;;
manmade features ;institutional site ;educational facility ;school;private school;religious school;seminary;;
manmade features ;institutional site ;educational facility ;school;private school;religious school;seminary;;
manmade features ;institutional site ;educational facility ;school;private school;secular school;seminary;;
manmade features ;institutional site ;educational facility ;school;private school;secular school;kindergarden;;
manmade features ;institutional site ;educational facility ;school;private school;secular school;primary school;;
manmade features ;institutional site ;educational facility ;school;private school;secular school;secondary school;;
manmade features ;institutional site ;educational facility ;school;private school;secular school;vocational school;;
manmade features ;institutional site ;educational facility ;school;private school;benevolent school ;;;
manmade features ;institutional site ;educational facility ;school;private school;benevolent school ;kindergarden;;
manmade features ;institutional site ;educational facility ;school;private school;benevolent school ;primary school;;
manmade features ;institutional site ;educational facility ;school;private school;benevolent school ;secondary school;;
manmade features ;institutional site ;educational facility ;school;private school;benevolent school ;vocational school;;
manmade features ;institutional site ;educational facility ;school;private school;guild school (including school by professional association);;;
manmade features ;institutional site ;educational facility ;school;private school;guild school (including school by professional association);primary school;;
manmade features ;institutional site ;educational facility ;school;private school;guild school (including school by professional association);secondary school;;
manmade features ;institutional site ;educational facility ;school;private school;guild school (including school by professional association);vocational school;;
manmade features ;institutional site ;educational facility ;school;private school;;;;
manmade features ;institutional site ;educational facility ;school;public school;;;;
manmade features ;institutional site ;educational facility ;school;public school;military school;;;
manmade features ;institutional site ;educational facility ;school;public school;municipal school;;;
manmade features ;institutional site ;educational facility ;school;public school;provincial school;;;
manmade features ;institutional site ;educational facility ;school;public school;provincial school;primary school;;
manmade features ;institutional site ;educational facility ;school;public school;provincial school;secondary school;;
manmade features ;institutional site ;educational facility ;school;public school;provincial school;secondary school;junior high school;
manmade features ;institutional site ;educational facility ;school;public school;provincial school;secondary school;senior high school;
manmade features ;institutional site ;educational facility ;school;public school;provincial school;vocational school;;
manmade features ;institutional site ;educational facility ;school;public school;provincial school;vocational school;agricultural school;
manmade features ;institutional site ;educational facility ;school;public school;provincial school;vocational school;technical school;
manmade features ;institutional site ;educational facility ;school;public school;provincial school;vocational school;training centers;
manmade features ;institutional site ;educational facility ;school;academy;;;;
manmade features ;institutional site ;educational facility ;school;association;;;;
manmade features ;institutional site ;educational facility ;university;;;;;
manmade features ;institutional site ;educational facility ;university;private university;;;;
manmade features ;institutional site ;educational facility ;university;private university;religious university;;;
manmade features ;institutional site ;educational facility ;university;private university;religious university;catholic university;;
manmade features ;institutional site ;educational facility ;university;private university;religious university;protestant university;;
manmade features ;institutional site ;educational facility ;university;private university;secular university;;;
manmade features ;institutional site ;educational facility ;university;public university;;;;
manmade features ;institutional site ;educational facility ;university;public university;national university;;;
manmade features ;institutional site ;educational facility ;university;public university;municipal university;;;
manmade features ;institutional site ;educational facility ;university;public university;college;;;
manmade features ;institutional site ;educational facility ;university;public university;dazhuan;;;
manmade features ;institutional site ;medical facility ;asylum;;;;;
manmade features ;institutional site ;medical facility ;hospital;;;;;
manmade features ;institutional site ;medical facility ;hospital;Chinese-style hospital;;;;
manmade features ;institutional site ;medical facility ;hospital;Western-style hospital;;;;
manmade features ;institutional site ;medical facility ;hospital;clinic;;;;
manmade features ;institutional site ;medical facility ;hospital;sanatorium;;;;
manmade features ;institutional site ;medical facility ;hospital;dispensary (medical);;;;
manmade features ;institutional site ;medical facility ;hospital;maternity;;;;
manmade features ;institutional site ;medical facility ;infirmary;;;;;
manmade features ;institutional site ;medical facility ;nursing home;;;;;
manmade features ;institutional site ;medical facility ;convalescent center;;;;;
manmade features ;institutional site ;medical facility ;physician;;;;;
manmade features ;institutional site ;medical facility ;physician;Chinese-style physician;;;;
manmade features ;institutional site ;medical facility ;physician;Western-style physician;;;;
manmade features ;institutional site ;medical facility ;laboratory;;;;;
manmade features ;institutional site ;medical facility ;dentist;;;;;
manmade features ;institutional site ;library building ;;;;;;
manmade features ;institutional site ;library building ;archives;;;;;
manmade features ;institutional site ;library building ;library;;;;;
manmade features ;institutional site ;museum building ;;;;;;
manmade features ;institutional site ;museum building ;art gallery;;;;;
manmade features ;institutional site ;museum building ;museum;;;;;
manmade features ;institutional site ;research facility ;;;;;;
manmade features ;institutional site ;research facility ;laboratory;;;;;
manmade features ;institutional site ;research facility ;observatory;;;;;
manmade features ;institutional site ;research facility ;research center;;;;;
manmade features ;institutional site ;research facility ;weather station;;;;;
manmade features ;religious facility ;;;;;;;
manmade features ;religious facility ;church;;;;;;
manmade features ;religious facility ;church;catholic;;;;;
manmade features ;religious facility ;church;protestant;;;;;
manmade features ;religious facility ;church;orthodox;;;;;
manmade features ;religious facility ;church;anglican;;;;;
manmade features ;religious facility ;convent;;;;;;
manmade features ;religious facility ;convent;catholic;;;;;
manmade features ;religious facility ;convent;buddhist;;;;;
manmade features ;religious facility ;convent;daoist;;;;;
manmade features ;religious facility ;monastery;;;;;;
manmade features ;religious facility ;monastery;catholic;;;;;
manmade features ;religious facility ;monastery;buddhist;;;;;
manmade features ;religious facility ;monastery;daoist;;;;;
manmade features ;religious facility ;mosque;;;;;;
manmade features ;religious facility ;synagogue;;;;;;
manmade features ;religious facility ;temple;;;;;;
manmade features ;religious facility ;temple;buddhist;;;;;
manmade features ;religious facility ;temple;daoist;;;;;
manmade features ;religious facility ;temple;shinto;;;;;
manmade features ;religious facility ;temple;folk religion;;;;;
manmade features ;religious facility ;temple;confucian;;;;;
manmade features ;religious facility ;pagoda;;;;;;
manmade features ;religious facility ;pagoda;buddhist;;;;;
manmade features ;religious facility ;mission headquarter;;;;;;
manmade features ;religious facility ;mission headquarter;catholic;;;;;
manmade features ;religious facility ;mission headquarter;protestant;;;;;
manmade features ;residential site ;;;;;;;
manmade features ;residential site ;apartment building;;;;;;
manmade features ;residential site ;high-rise building;;;;;;
manmade features ;residential site ;dormitory;;;;;;
manmade features ;residential site ;lilong;;;;;;
manmade features ;residential site ;slum;barrack;;;;;
manmade features ;residential site ;slum;hut;;;;;
manmade features ;residential site ;palace;;;;;;
manmade features ;residential site ;rowhouse;;;;;;
manmade features ;residential site ;villa;;;;;;
manmade features ;community facility;native-place association;;;;;;
manmade features ;community facility;native-place association;guild (huiguan);coffin repository;;;;
manmade features ;community facility;native-place association;tongxianghui;;;;;
manmade features ;community facility;native-place association;gongsuo;coffin repository;;;;
manmade features ;community facility;benevolent association;;;;;;
manmade features ;community facility;benevolent association;;coffin repository;;;;
manmade features ;community facility;benevolent association;;;;;;
manmade features ;community facility;benevolent association;;;;;;
manmade features ;community facility;benevolent association;;;;;;
manmade features ;community facility;benevolent association;;;;;;
manmade features ;community facility;association;;;;;;
manmade features ;community facility;association;literary association;;;;;
manmade features ;community facility;association;art association;;;;;
manmade features ;community facility;association;religious association;;;;;
manmade features ;community facility;association;political association;;;;;
manmade features ;community facility;association;sport association;;;;;
manmade features ;community facility;association;civic association;;;;;
manmade features ;community facility;association;civic association;masonic lodge;;;;
manmade features ;community facility;professional association;;;;;;
manmade features ;community facility;professional association;chamber of commerce;;;;;
manmade features ;community facility;professional association;trade union;;;;;
manmade features ;community facility;professional association;trade association (tongye gonghui);;;;;
manmade features ;community facility;professional association;professional union;;;;;
manmade features ;community facility;professional association;street association;;;;;
manmade features ;community facility;political party;;;;;;
manmade features ;recreational facility ;political party;;;;;;
manmade features ;recreational facility ;indoor facility;;;;;;
manmade features ;recreational facility ;indoor facility;casino;;;;;
manmade features ;recreational facility ;indoor facility;gambling den;;;;;
manmade features ;recreational facility ;indoor facility;amusement parks;;;;;
manmade features ;recreational facility ;indoor facility;club (recreational);;;;;
manmade features ;recreational facility ;indoor facility;club (recreational);fitness center;;;;
manmade features ;recreational facility ;indoor facility;club (recreational);youth center;;;;
manmade features ;recreational facility ;indoor facility;club (recreational);bowling hall;;;;
manmade features ;recreational facility ;outdoor facility;;;;;;
manmade features ;recreational facility ;outdoor facility;park;;;;;
manmade features ;recreational facility ;outdoor facility;park;botanical garden;;;;
manmade features ;recreational facility ;outdoor facility;park;commemorative area;;;;
manmade features ;recreational facility ;outdoor facility;park;garden;;;;
manmade features ;recreational facility ;outdoor facility;park;nursery;;;;
manmade features ;recreational facility ;outdoor facility;park;zoo;;;;
manmade features ;recreational facility ;outdoor facility;park;playground;;;;
manmade features ;recreational facility ;outdoor facility;fairground;;;;;
manmade features ;recreational facility ;performance site ;;;;;;
manmade features ;recreational facility ;performance site ;movie theater;;;;;
manmade features ;recreational facility ;performance site ;concert hall;;;;;
manmade features ;recreational facility ;performance site ;opera house;;;;;
manmade features ;recreational facility ;performance site ;shuchang;;;;;
manmade features ;recreational facility ;performance site ;recital hall;;;;;
manmade features ;recreational facility ;performance site ;theater;;;;;
manmade features ;recreational facility ;performance site ;dancing hall;;;;;
manmade features ;recreational facility ;performance site ;night club;;;;;
manmade features ;recreational facility ;performance site ;amusement center ;;;;;
manmade features ;recreational facility ;;;;;;;
manmade features ;recreational facility ;sports facility ;;;;;;
manmade features ;recreational facility ;sports facility ;aquatic center;;;;;
manmade features ;recreational facility ;sports facility ;athletic complex;;;;;
manmade features ;recreational facility ;sports facility ;ballgame field;;;;;
manmade features ;recreational facility ;sports facility ;sports field;;;;;
manmade features ;recreational facility ;sports facility ;golf course;;;;;
manmade features ;recreational facility ;sports facility ;gymnasium;;;;;
manmade features ;recreational facility ;sports facility ;racecourse;;;;;
manmade features ;recreational facility ;sports facility ;stadium;;;;;
manmade features ;recreational facility ;sports facility ;swimming pool;;;;;
manmade features ;recreational facility ;sports facility ;tennis court;;;;;
manmade features ;sites of memory;;;;;;;
manmade features ;sites of memory;cemetery ;;;;;;
manmade features ;sites of memory;cemetery ;burial ground;grave site;;;;
manmade features ;sites of memory;cemetery ;graveyard;tomb;;;;
manmade features ;sites of memory;cemetery ;memorial garden;;;;;
manmade features ;sites of memory;cemetery ;coffin repository;;;;;
manmade features ;sites of memory;;;;;;;
manmade features ;sites of memory;;;;;;;
manmade features ;sites of memory;;;;;;;
manmade features ;sites of memory;historical site ;;;;;;
manmade features ;sites of memory;historical site ;battle site;;;;;
manmade features ;sites of memory;historical site ;battle site;massacre site;;;;
manmade features ;sites of memory;historical site ;historical landmark;;;;;
manmade features ;sites of memory;historical site ;historical landmark;historical park;;;;
manmade features ;sites of memory;historical site ;execution ground;;;;;
manmade features ;sites of memory;historical site ;ruin;;;;;
manmade features ;sites of memory;historical site ;city wall;;;;;
manmade features ;sites of memory;historical site ;archaeological site ;;;;;
manmade features ;sites of memory;historical site ;;;;;;
manmade features ;sites of memory;monument;;;;;;
manmade features ;sites of memory;monument;cairn;;;;;
manmade features ;sites of memory;monument;memorial;;;;;
manmade features ;sites of memory;monument;shrine;;;;;
manmade features ;sites of memory;monument;statue;;;;;
manmade features ;sites of memory;monument;clock;;;;;
manmade features ;sites of memory;monument;tower;;;;;
manmade features ;information and communication;;;;;;;
manmade features ;information and communication;;;;;;;
manmade features ;information and communication;newspaper;;;;;;
manmade features ;information and communication;magazine;;;;;;
manmade features ;information and communication;;;;;;;
manmade features ;information and communication;radio station;;;;;;
manmade features ;information and communication;television station;;;;;;
manmade features ;information and communication;;;;;;;
manmade features ;information and communication;phone company;;;;;;
manmade features ;information and communication;telegraph company;;;;;;
manmade features ;information and communication;communication center;;;;;;
manmade features ;transportation feature;;;;;;;
manmade features ;transportation feature;roadway;;;;;;
manmade features ;transportation feature;roadway;highway;;;;;
manmade features ;transportation feature;roadway;intersection;;;;;
manmade features ;transportation feature;roadway;parkway;;;;;
manmade features ;transportation feature;roadway;street;road;;;;
manmade features ;transportation feature;roadway;street;pedestrian street;;;;
manmade features ;transportation feature;roadway;alley (lilong, hutong);;;;;
manmade features ;transportation feature;roadway;traffic circle;;;;;
manmade features ;transportation feature;roadway;public toilet;;;;;
manmade features ;transportation feature;roadway;bridge;;;;;
manmade features ;transportation feature;railroad feature;;;;;;
manmade features ;transportation feature;railroad feature;metrorail station;;;;;
manmade features ;transportation feature;railroad feature;railroad station;;;;;
manmade features ;transportation feature;railroad feature;railroad yard;;;;;
manmade features ;transportation feature;railroad feature;railway;;;;;
manmade features ;transportation feature;railroad feature;subway station;;;;;
manmade features ;transportation feature;railroad feature;tramway;;;;;
manmade features ;transportation feature;railroad feature;tramway station;;;;;
manmade features ;transportation feature;railroad feature;tunnel;;;;;
manmade features ;transportation feature;railroad feature;bridge;;;;;
manmade features ;transportation feature;railroad feature;bridge;overpass;;;;
manmade features ;transportation feature;harbor;;;;;;
manmade features ;transportation feature;harbor;anchorage;;;;;
manmade features ;transportation feature;harbor;anchorage;mooring;;;;
manmade features ;transportation feature;harbor;boatyard;;;;;
manmade features ;transportation feature;harbor;wharf;quay;;;;
manmade features ;transportation feature;harbor;wharf;jetty;;;;
manmade features ;transportation feature;harbor;dockyard;;;;;
manmade features ;transportation feature;harbor;dry dock;;;;;
manmade features ;transportation feature;harbor;marine terminal;;;;;
manmade features ;transportation feature;river;;;;;;
manmade features ;transportation feature;river;canal;;;;;
manmade features ;transportation feature;river;canal;drainage canal;;;;
manmade features ;transportation feature;river;canal;irrigation canal;;;;
manmade features ;transportation feature;river;canal;navigation canal;;;;
manmade features ;transportation feature;airport;;;;;;
manmade features ;transportation feature;airport;heliport;;;;;
manmade features ;transportation feature;airport;seaplane base ;;;;;
manmade features ;transportation feature;parking site ;;;;;;
manmade features ;transportation feature;parking site ;garage;;;;;
manmade features ;transportation feature;parking site ;parking lot;;;;;
;;;;;;;;