Surname_ZhT;Length;Source
万俟;複姓 https://zh.wikipedia.org/wiki/%E8%A4%87%E5%A7%93;
上官;複姓 https://zh.wikipedia.org/wiki/%E8%A4%87%E5%A7%93;
亓官;複姓 https://zh.wikipedia.org/wiki/%E8%A4%87%E5%A7%93;
令狐;複姓 https://zh.wikipedia.org/wiki/%E8%A4%87%E5%A7%93;
仲孫;複姓 https://zh.wikipedia.org/wiki/%E8%A4%87%E5%A7%93;
公冶;複姓 https://zh.wikipedia.org/wiki/%E8%A4%87%E5%A7%93;
公孫;複姓 https://zh.wikipedia.org/wiki/%E8%A4%87%E5%A7%93;
公羊;複姓 https://zh.wikipedia.org/wiki/%E8%A4%87%E5%A7%93;
公良;複姓 https://zh.wikipedia.org/wiki/%E8%A4%87%E5%A7%93;
公西;複姓 https://zh.wikipedia.org/wiki/%E8%A4%87%E5%A7%93;
司寇;複姓 https://zh.wikipedia.org/wiki/%E8%A4%87%E5%A7%93;
司徒;複姓 https://zh.wikipedia.org/wiki/%E8%A4%87%E5%A7%93;
司空;複姓 https://zh.wikipedia.org/wiki/%E8%A4%87%E5%A7%93;
司馬;複姓 https://zh.wikipedia.org/wiki/%E8%A4%87%E5%A7%93;
單于;複姓 https://zh.wikipedia.org/wiki/%E8%A4%87%E5%A7%93;
壤駟;複姓 https://zh.wikipedia.org/wiki/%E8%A4%87%E5%A7%93;
夏侯;複姓 https://zh.wikipedia.org/wiki/%E8%A4%87%E5%A7%93;
太叔;複姓 https://zh.wikipedia.org/wiki/%E8%A4%87%E5%A7%93;
子車;複姓 https://zh.wikipedia.org/wiki/%E8%A4%87%E5%A7%93;
宇文;複姓 https://zh.wikipedia.org/wiki/%E8%A4%87%E5%A7%93;
宗政;複姓 https://zh.wikipedia.org/wiki/%E8%A4%87%E5%A7%93;
尉迟;複姓 https://zh.wikipedia.org/wiki/%E8%A4%87%E5%A7%93;
巫馬;複姓 https://zh.wikipedia.org/wiki/%E8%A4%87%E5%A7%93;
慕容;複姓 https://zh.wikipedia.org/wiki/%E8%A4%87%E5%A7%93;
拓跋;複姓 https://zh.wikipedia.org/wiki/%E8%A4%87%E5%A7%93;
東方;複姓 https://zh.wikipedia.org/wiki/%E8%A4%87%E5%A7%93;
樂正;複姓 https://zh.wikipedia.org/wiki/%E8%A4%87%E5%A7%93;
歐陽;複姓 https://zh.wikipedia.org/wiki/%E8%A4%87%E5%A7%93;
淳于;複姓 https://zh.wikipedia.org/wiki/%E8%A4%87%E5%A7%93;
漆雕;複姓 https://zh.wikipedia.org/wiki/%E8%A4%87%E5%A7%93;
澹臺;複姓 https://zh.wikipedia.org/wiki/%E8%A4%87%E5%A7%93;
濮陽;複姓 https://zh.wikipedia.org/wiki/%E8%A4%87%E5%A7%93;
申屠;複姓 https://zh.wikipedia.org/wiki/%E8%A4%87%E5%A7%93;
皇甫;複姓 https://zh.wikipedia.org/wiki/%E8%A4%87%E5%A7%93;
端木;複姓 https://zh.wikipedia.org/wiki/%E8%A4%87%E5%A7%93;
聞人;複姓 https://zh.wikipedia.org/wiki/%E8%A4%87%E5%A7%93;
諸葛;複姓 https://zh.wikipedia.org/wiki/%E8%A4%87%E5%A7%93;
赫連;複姓 https://zh.wikipedia.org/wiki/%E8%A4%87%E5%A7%93;
軒轅;複姓 https://zh.wikipedia.org/wiki/%E8%A4%87%E5%A7%93;
鍾離;複姓 https://zh.wikipedia.org/wiki/%E8%A4%87%E5%A7%93;
長孫;複姓 https://zh.wikipedia.org/wiki/%E8%A4%87%E5%A7%93;
閭丘;複姓 https://zh.wikipedia.org/wiki/%E8%A4%87%E5%A7%93;
顓孫;複姓 https://zh.wikipedia.org/wiki/%E8%A4%87%E5%A7%93;
鮮于;複姓 https://zh.wikipedia.org/wiki/%E8%A4%87%E5%A7%93;
呼延;CGED-Q;
嫦娥;中国姓氏排名 https://zh.wikipedia.org/wiki/%E4%B8%AD%E5%9B%BD%E5%A7%93%E6%B0%8F%E6%8E%92%E5%90%8D;