Surname_ZhS;Surname_ZhT;Length;Source
欧阳;歐陽;2;中国姓氏排名 https://zh.wikipedia.org/wiki/%E4%B8%AD%E5%9B%BD%E5%A7%93%E6%B0%8F%E6%8E%92%E5%90%8D
嫦娥;嫦娥;2;中国姓氏排名 https://zh.wikipedia.org/wiki/%E4%B8%AD%E5%9B%BD%E5%A7%93%E6%B0%8F%E6%8E%92%E5%90%8D
令狐;令狐;2;中国姓氏排名 https://zh.wikipedia.org/wiki/%E4%B8%AD%E5%9B%BD%E5%A7%93%E6%B0%8F%E6%8E%92%E5%90%8D
上官;上官;2;中国姓氏排名 https://zh.wikipedia.org/wiki/%E4%B8%AD%E5%9B%BD%E5%A7%93%E6%B0%8F%E6%8E%92%E5%90%8D
皇甫;皇甫;2;中国姓氏排名 https://zh.wikipedia.org/wiki/%E4%B8%AD%E5%9B%BD%E5%A7%93%E6%B0%8F%E6%8E%92%E5%90%8D
王;王;1;中国姓氏排名 https://zh.wikipedia.org/wiki/%E4%B8%AD%E5%9B%BD%E5%A7%93%E6%B0%8F%E6%8E%92%E5%90%8D
李;李;1;中国姓氏排名 https://zh.wikipedia.org/wiki/%E4%B8%AD%E5%9B%BD%E5%A7%93%E6%B0%8F%E6%8E%92%E5%90%8D
张;張;1;中国姓氏排名 https://zh.wikipedia.org/wiki/%E4%B8%AD%E5%9B%BD%E5%A7%93%E6%B0%8F%E6%8E%92%E5%90%8D
刘;劉;1;中国姓氏排名 https://zh.wikipedia.org/wiki/%E4%B8%AD%E5%9B%BD%E5%A7%93%E6%B0%8F%E6%8E%92%E5%90%8D
陈;陳;1;中国姓氏排名 https://zh.wikipedia.org/wiki/%E4%B8%AD%E5%9B%BD%E5%A7%93%E6%B0%8F%E6%8E%92%E5%90%8D
杨;楊;1;中国姓氏排名 https://zh.wikipedia.org/wiki/%E4%B8%AD%E5%9B%BD%E5%A7%93%E6%B0%8F%E6%8E%92%E5%90%8D
黄;黃;1;中国姓氏排名 https://zh.wikipedia.org/wiki/%E4%B8%AD%E5%9B%BD%E5%A7%93%E6%B0%8F%E6%8E%92%E5%90%8D
吴;吳;1;中国姓氏排名 https://zh.wikipedia.org/wiki/%E4%B8%AD%E5%9B%BD%E5%A7%93%E6%B0%8F%E6%8E%92%E5%90%8D
赵;趙;1;中国姓氏排名 https://zh.wikipedia.org/wiki/%E4%B8%AD%E5%9B%BD%E5%A7%93%E6%B0%8F%E6%8E%92%E5%90%8D
周;周;1;中国姓氏排名 https://zh.wikipedia.org/wiki/%E4%B8%AD%E5%9B%BD%E5%A7%93%E6%B0%8F%E6%8E%92%E5%90%8D
徐;徐;1;中国姓氏排名 https://zh.wikipedia.org/wiki/%E4%B8%AD%E5%9B%BD%E5%A7%93%E6%B0%8F%E6%8E%92%E5%90%8D
孙;孫;1;中国姓氏排名 https://zh.wikipedia.org/wiki/%E4%B8%AD%E5%9B%BD%E5%A7%93%E6%B0%8F%E6%8E%92%E5%90%8D
马;馬;1;中国姓氏排名 https://zh.wikipedia.org/wiki/%E4%B8%AD%E5%9B%BD%E5%A7%93%E6%B0%8F%E6%8E%92%E5%90%8D
朱;朱;1;中国姓氏排名 https://zh.wikipedia.org/wiki/%E4%B8%AD%E5%9B%BD%E5%A7%93%E6%B0%8F%E6%8E%92%E5%90%8D
胡;胡;1;中国姓氏排名 https://zh.wikipedia.org/wiki/%E4%B8%AD%E5%9B%BD%E5%A7%93%E6%B0%8F%E6%8E%92%E5%90%8D
林;林;1;中国姓氏排名 https://zh.wikipedia.org/wiki/%E4%B8%AD%E5%9B%BD%E5%A7%93%E6%B0%8F%E6%8E%92%E5%90%8D
郭;郭;1;中国姓氏排名 https://zh.wikipedia.org/wiki/%E4%B8%AD%E5%9B%BD%E5%A7%93%E6%B0%8F%E6%8E%92%E5%90%8D
何;何;1;中国姓氏排名 https://zh.wikipedia.org/wiki/%E4%B8%AD%E5%9B%BD%E5%A7%93%E6%B0%8F%E6%8E%92%E5%90%8D
高;高;1;中国姓氏排名 https://zh.wikipedia.org/wiki/%E4%B8%AD%E5%9B%BD%E5%A7%93%E6%B0%8F%E6%8E%92%E5%90%8D
罗;羅;1;中国姓氏排名 https://zh.wikipedia.org/wiki/%E4%B8%AD%E5%9B%BD%E5%A7%93%E6%B0%8F%E6%8E%92%E5%90%8D
郑;鄭;1;中国姓氏排名 https://zh.wikipedia.org/wiki/%E4%B8%AD%E5%9B%BD%E5%A7%93%E6%B0%8F%E6%8E%92%E5%90%8D
梁;梁;1;中国姓氏排名 https://zh.wikipedia.org/wiki/%E4%B8%AD%E5%9B%BD%E5%A7%93%E6%B0%8F%E6%8E%92%E5%90%8D
谢;謝;1;中国姓氏排名 https://zh.wikipedia.org/wiki/%E4%B8%AD%E5%9B%BD%E5%A7%93%E6%B0%8F%E6%8E%92%E5%90%8D
宋;宋;1;中国姓氏排名 https://zh.wikipedia.org/wiki/%E4%B8%AD%E5%9B%BD%E5%A7%93%E6%B0%8F%E6%8E%92%E5%90%8D
曾;曾;1;中国姓氏排名 https://zh.wikipedia.org/wiki/%E4%B8%AD%E5%9B%BD%E5%A7%93%E6%B0%8F%E6%8E%92%E5%90%8D
叶;葉;1;中国姓氏排名 https://zh.wikipedia.org/wiki/%E4%B8%AD%E5%9B%BD%E5%A7%93%E6%B0%8F%E6%8E%92%E5%90%8D
姚;姚;1;中国姓氏排名 https://zh.wikipedia.org/wiki/%E4%B8%AD%E5%9B%BD%E5%A7%93%E6%B0%8F%E6%8E%92%E5%90%8D
陆;陸;1;中国姓氏排名 https://zh.wikipedia.org/wiki/%E4%B8%AD%E5%9B%BD%E5%A7%93%E6%B0%8F%E6%8E%92%E5%90%8D
邹;鄒;1;中国姓氏排名 https://zh.wikipedia.org/wiki/%E4%B8%AD%E5%9B%BD%E5%A7%93%E6%B0%8F%E6%8E%92%E5%90%8D
雷;雷;1;中国姓氏排名 https://zh.wikipedia.org/wiki/%E4%B8%AD%E5%9B%BD%E5%A7%93%E6%B0%8F%E6%8E%92%E5%90%8D
邵;邵;1;中国姓氏排名 https://zh.wikipedia.org/wiki/%E4%B8%AD%E5%9B%BD%E5%A7%93%E6%B0%8F%E6%8E%92%E5%90%8D
汤;湯;1;中国姓氏排名 https://zh.wikipedia.org/wiki/%E4%B8%AD%E5%9B%BD%E5%A7%93%E6%B0%8F%E6%8E%92%E5%90%8D
邢;邢;1;中国姓氏排名 https://zh.wikipedia.org/wiki/%E4%B8%AD%E5%9B%BD%E5%A7%93%E6%B0%8F%E6%8E%92%E5%90%8D
聂;聶;1;中国姓氏排名 https://zh.wikipedia.org/wiki/%E4%B8%AD%E5%9B%BD%E5%A7%93%E6%B0%8F%E6%8E%92%E5%90%8D
关;關;1;中国姓氏排名 https://zh.wikipedia.org/wiki/%E4%B8%AD%E5%9B%BD%E5%A7%93%E6%B0%8F%E6%8E%92%E5%90%8D
尚;尚;1;中国姓氏排名 https://zh.wikipedia.org/wiki/%E4%B8%AD%E5%9B%BD%E5%A7%93%E6%B0%8F%E6%8E%92%E5%90%8D
单;單;1;中国姓氏排名 https://zh.wikipedia.org/wiki/%E4%B8%AD%E5%9B%BD%E5%A7%93%E6%B0%8F%E6%8E%92%E5%90%8D
翁;翁;1;中国姓氏排名 https://zh.wikipedia.org/wiki/%E4%B8%AD%E5%9B%BD%E5%A7%93%E6%B0%8F%E6%8E%92%E5%90%8D
柴;柴;1;中国姓氏排名 https://zh.wikipedia.org/wiki/%E4%B8%AD%E5%9B%BD%E5%A7%93%E6%B0%8F%E6%8E%92%E5%90%8D
饶;饒;1;中国姓氏排名 https://zh.wikipedia.org/wiki/%E4%B8%AD%E5%9B%BD%E5%A7%93%E6%B0%8F%E6%8E%92%E5%90%8D
卓;卓;1;中国姓氏排名 https://zh.wikipedia.org/wiki/%E4%B8%AD%E5%9B%BD%E5%A7%93%E6%B0%8F%E6%8E%92%E5%90%8D
褚;褚;1;中国姓氏排名 https://zh.wikipedia.org/wiki/%E4%B8%AD%E5%9B%BD%E5%A7%93%E6%B0%8F%E6%8E%92%E5%90%8D
冷;冷;1;中国姓氏排名 https://zh.wikipedia.org/wiki/%E4%B8%AD%E5%9B%BD%E5%A7%93%E6%B0%8F%E6%8E%92%E5%90%8D
佟;佟;1;中国姓氏排名 https://zh.wikipedia.org/wiki/%E4%B8%AD%E5%9B%BD%E5%A7%93%E6%B0%8F%E6%8E%92%E5%90%8D
许;許;1;中国姓氏排名 https://zh.wikipedia.org/wiki/%E4%B8%AD%E5%9B%BD%E5%A7%93%E6%B0%8F%E6%8E%92%E5%90%8D
邓;鄧;1;中国姓氏排名 https://zh.wikipedia.org/wiki/%E4%B8%AD%E5%9B%BD%E5%A7%93%E6%B0%8F%E6%8E%92%E5%90%8D
董;董;1;中国姓氏排名 https://zh.wikipedia.org/wiki/%E4%B8%AD%E5%9B%BD%E5%A7%93%E6%B0%8F%E6%8E%92%E5%90%8D
吕;呂;1;中国姓氏排名 https://zh.wikipedia.org/wiki/%E4%B8%AD%E5%9B%BD%E5%A7%93%E6%B0%8F%E6%8E%92%E5%90%8D
谭;譚;1;中国姓氏排名 https://zh.wikipedia.org/wiki/%E4%B8%AD%E5%9B%BD%E5%A7%93%E6%B0%8F%E6%8E%92%E5%90%8D
夏;夏;1;中国姓氏排名 https://zh.wikipedia.org/wiki/%E4%B8%AD%E5%9B%BD%E5%A7%93%E6%B0%8F%E6%8E%92%E5%90%8D
阎;閻;1;中国姓氏排名 https://zh.wikipedia.org/wiki/%E4%B8%AD%E5%9B%BD%E5%A7%93%E6%B0%8F%E6%8E%92%E5%90%8D
顾;顧;1;中国姓氏排名 https://zh.wikipedia.org/wiki/%E4%B8%AD%E5%9B%BD%E5%A7%93%E6%B0%8F%E6%8E%92%E5%90%8D
洪;洪;1;中国姓氏排名 https://zh.wikipedia.org/wiki/%E4%B8%AD%E5%9B%BD%E5%A7%93%E6%B0%8F%E6%8E%92%E5%90%8D
文;文;1;中国姓氏排名 https://zh.wikipedia.org/wiki/%E4%B8%AD%E5%9B%BD%E5%A7%93%E6%B0%8F%E6%8E%92%E5%90%8D
庞;龐;1;中国姓氏排名 https://zh.wikipedia.org/wiki/%E4%B8%AD%E5%9B%BD%E5%A7%93%E6%B0%8F%E6%8E%92%E5%90%8D
詹;詹;1;中国姓氏排名 https://zh.wikipedia.org/wiki/%E4%B8%AD%E5%9B%BD%E5%A7%93%E6%B0%8F%E6%8E%92%E5%90%8D
甘;甘;1;中国姓氏排名 https://zh.wikipedia.org/wiki/%E4%B8%AD%E5%9B%BD%E5%A7%93%E6%B0%8F%E6%8E%92%E5%90%8D
梅;梅;1;中国姓氏排名 https://zh.wikipedia.org/wiki/%E4%B8%AD%E5%9B%BD%E5%A7%93%E6%B0%8F%E6%8E%92%E5%90%8D
苗;苗;1;中国姓氏排名 https://zh.wikipedia.org/wiki/%E4%B8%AD%E5%9B%BD%E5%A7%93%E6%B0%8F%E6%8E%92%E5%90%8D
辛;辛;1;中国姓氏排名 https://zh.wikipedia.org/wiki/%E4%B8%AD%E5%9B%BD%E5%A7%93%E6%B0%8F%E6%8E%92%E5%90%8D
冯;馮;1;中国姓氏排名 https://zh.wikipedia.org/wiki/%E4%B8%AD%E5%9B%BD%E5%A7%93%E6%B0%8F%E6%8E%92%E5%90%8D
袁;袁;1;中国姓氏排名 https://zh.wikipedia.org/wiki/%E4%B8%AD%E5%9B%BD%E5%A7%93%E6%B0%8F%E6%8E%92%E5%90%8D
曹;曹;1;中国姓氏排名 https://zh.wikipedia.org/wiki/%E4%B8%AD%E5%9B%BD%E5%A7%93%E6%B0%8F%E6%8E%92%E5%90%8D
余;余;1;中国姓氏排名 https://zh.wikipedia.org/wiki/%E4%B8%AD%E5%9B%BD%E5%A7%93%E6%B0%8F%E6%8E%92%E5%90%8D
任;任;1;中国姓氏排名 https://zh.wikipedia.org/wiki/%E4%B8%AD%E5%9B%BD%E5%A7%93%E6%B0%8F%E6%8E%92%E5%90%8D
汪;汪;1;中国姓氏排名 https://zh.wikipedia.org/wiki/%E4%B8%AD%E5%9B%BD%E5%A7%93%E6%B0%8F%E6%8E%92%E5%90%8D
侯;侯;1;中国姓氏排名 https://zh.wikipedia.org/wiki/%E4%B8%AD%E5%9B%BD%E5%A7%93%E6%B0%8F%E6%8E%92%E5%90%8D
段;段;1;中国姓氏排名 https://zh.wikipedia.org/wiki/%E4%B8%AD%E5%9B%BD%E5%A7%93%E6%B0%8F%E6%8E%92%E5%90%8D
龚;龔;1;中国姓氏排名 https://zh.wikipedia.org/wiki/%E4%B8%AD%E5%9B%BD%E5%A7%93%E6%B0%8F%E6%8E%92%E5%90%8D
孔;孔;1;中国姓氏排名 https://zh.wikipedia.org/wiki/%E4%B8%AD%E5%9B%BD%E5%A7%93%E6%B0%8F%E6%8E%92%E5%90%8D
葛;葛;1;中国姓氏排名 https://zh.wikipedia.org/wiki/%E4%B8%AD%E5%9B%BD%E5%A7%93%E6%B0%8F%E6%8E%92%E5%90%8D
庄;莊;1;中国姓氏排名 https://zh.wikipedia.org/wiki/%E4%B8%AD%E5%9B%BD%E5%A7%93%E6%B0%8F%E6%8E%92%E5%90%8D
耿;耿;1;中国姓氏排名 https://zh.wikipedia.org/wiki/%E4%B8%AD%E5%9B%BD%E5%A7%93%E6%B0%8F%E6%8E%92%E5%90%8D
宁;甯;1;中国姓氏排名 https://zh.wikipedia.org/wiki/%E4%B8%AD%E5%9B%BD%E5%A7%93%E6%B0%8F%E6%8E%92%E5%90%8D
毕;畢;1;中国姓氏排名 https://zh.wikipedia.org/wiki/%E4%B8%AD%E5%9B%BD%E5%A7%93%E6%B0%8F%E6%8E%92%E5%90%8D
曲;曲;1;中国姓氏排名 https://zh.wikipedia.org/wiki/%E4%B8%AD%E5%9B%BD%E5%A7%93%E6%B0%8F%E6%8E%92%E5%90%8D
管;管;1;中国姓氏排名 https://zh.wikipedia.org/wiki/%E4%B8%AD%E5%9B%BD%E5%A7%93%E6%B0%8F%E6%8E%92%E5%90%8D
屈;屈;1;中国姓氏排名 https://zh.wikipedia.org/wiki/%E4%B8%AD%E5%9B%BD%E5%A7%93%E6%B0%8F%E6%8E%92%E5%90%8D
司;司;1;中国姓氏排名 https://zh.wikipedia.org/wiki/%E4%B8%AD%E5%9B%BD%E5%A7%93%E6%B0%8F%E6%8E%92%E5%90%8D
麦;麥;1;中国姓氏排名 https://zh.wikipedia.org/wiki/%E4%B8%AD%E5%9B%BD%E5%A7%93%E6%B0%8F%E6%8E%92%E5%90%8D
卜;蔔;1;中国姓氏排名 https://zh.wikipedia.org/wiki/%E4%B8%AD%E5%9B%BD%E5%A7%93%E6%B0%8F%E6%8E%92%E5%90%8D
全;全;1;中国姓氏排名 https://zh.wikipedia.org/wiki/%E4%B8%AD%E5%9B%BD%E5%A7%93%E6%B0%8F%E6%8E%92%E5%90%8D
师;師;1;中国姓氏排名 https://zh.wikipedia.org/wiki/%E4%B8%AD%E5%9B%BD%E5%A7%93%E6%B0%8F%E6%8E%92%E5%90%8D
寇;寇;1;中国姓氏排名 https://zh.wikipedia.org/wiki/%E4%B8%AD%E5%9B%BD%E5%A7%93%E6%B0%8F%E6%8E%92%E5%90%8D
佘;佘;1;中国姓氏排名 https://zh.wikipedia.org/wiki/%E4%B8%AD%E5%9B%BD%E5%A7%93%E6%B0%8F%E6%8E%92%E5%90%8D
匡;匡;1;中国姓氏排名 https://zh.wikipedia.org/wiki/%E4%B8%AD%E5%9B%BD%E5%A7%93%E6%B0%8F%E6%8E%92%E5%90%8D
储;儲;1;中国姓氏排名 https://zh.wikipedia.org/wiki/%E4%B8%AD%E5%9B%BD%E5%A7%93%E6%B0%8F%E6%8E%92%E5%90%8D
粟;粟;1;中国姓氏排名 https://zh.wikipedia.org/wiki/%E4%B8%AD%E5%9B%BD%E5%A7%93%E6%B0%8F%E6%8E%92%E5%90%8D
仝;仝;1;中国姓氏排名 https://zh.wikipedia.org/wiki/%E4%B8%AD%E5%9B%BD%E5%A7%93%E6%B0%8F%E6%8E%92%E5%90%8D
豆;豆;1;中国姓氏排名 https://zh.wikipedia.org/wiki/%E4%B8%AD%E5%9B%BD%E5%A7%93%E6%B0%8F%E6%8E%92%E5%90%8D
丰;豐;1;中国姓氏排名 https://zh.wikipedia.org/wiki/%E4%B8%AD%E5%9B%BD%E5%A7%93%E6%B0%8F%E6%8E%92%E5%90%8D
相;相;1;中国姓氏排名 https://zh.wikipedia.org/wiki/%E4%B8%AD%E5%9B%BD%E5%A7%93%E6%B0%8F%E6%8E%92%E5%90%8D
都;都;1;中国姓氏排名 https://zh.wikipedia.org/wiki/%E4%B8%AD%E5%9B%BD%E5%A7%93%E6%B0%8F%E6%8E%92%E5%90%8D
辜;辜;1;中国姓氏排名 https://zh.wikipedia.org/wiki/%E4%B8%AD%E5%9B%BD%E5%A7%93%E6%B0%8F%E6%8E%92%E5%90%8D
杭;杭;1;中国姓氏排名 https://zh.wikipedia.org/wiki/%E4%B8%AD%E5%9B%BD%E5%A7%93%E6%B0%8F%E6%8E%92%E5%90%8D
战;戰;1;中国姓氏排名 https://zh.wikipedia.org/wiki/%E4%B8%AD%E5%9B%BD%E5%A7%93%E6%B0%8F%E6%8E%92%E5%90%8D
宾;賓;1;中国姓氏排名 https://zh.wikipedia.org/wiki/%E4%B8%AD%E5%9B%BD%E5%A7%93%E6%B0%8F%E6%8E%92%E5%90%8D
但;但;1;中国姓氏排名 https://zh.wikipedia.org/wiki/%E4%B8%AD%E5%9B%BD%E5%A7%93%E6%B0%8F%E6%8E%92%E5%90%8D
阴;陰;1;中国姓氏排名 https://zh.wikipedia.org/wiki/%E4%B8%AD%E5%9B%BD%E5%A7%93%E6%B0%8F%E6%8E%92%E5%90%8D
由;由;1;中国姓氏排名 https://zh.wikipedia.org/wiki/%E4%B8%AD%E5%9B%BD%E5%A7%93%E6%B0%8F%E6%8E%92%E5%90%8D
韩;韓;1;中国姓氏排名 https://zh.wikipedia.org/wiki/%E4%B8%AD%E5%9B%BD%E5%A7%93%E6%B0%8F%E6%8E%92%E5%90%8D
于;于;1;中国姓氏排名 https://zh.wikipedia.org/wiki/%E4%B8%AD%E5%9B%BD%E5%A7%93%E6%B0%8F%E6%8E%92%E5%90%8D
沈;沈;1;中国姓氏排名 https://zh.wikipedia.org/wiki/%E4%B8%AD%E5%9B%BD%E5%A7%93%E6%B0%8F%E6%8E%92%E5%90%8D
范;範;1;中国姓氏排名 https://zh.wikipedia.org/wiki/%E4%B8%AD%E5%9B%BD%E5%A7%93%E6%B0%8F%E6%8E%92%E5%90%8D
方;方;1;中国姓氏排名 https://zh.wikipedia.org/wiki/%E4%B8%AD%E5%9B%BD%E5%A7%93%E6%B0%8F%E6%8E%92%E5%90%8D
尹;尹;1;中国姓氏排名 https://zh.wikipedia.org/wiki/%E4%B8%AD%E5%9B%BD%E5%A7%93%E6%B0%8F%E6%8E%92%E5%90%8D
郝;郝;1;中国姓氏排名 https://zh.wikipedia.org/wiki/%E4%B8%AD%E5%9B%BD%E5%A7%93%E6%B0%8F%E6%8E%92%E5%90%8D
莫;莫;1;中国姓氏排名 https://zh.wikipedia.org/wiki/%E4%B8%AD%E5%9B%BD%E5%A7%93%E6%B0%8F%E6%8E%92%E5%90%8D
樊;樊;1;中国姓氏排名 https://zh.wikipedia.org/wiki/%E4%B8%AD%E5%9B%BD%E5%A7%93%E6%B0%8F%E6%8E%92%E5%90%8D
倪;倪;1;中国姓氏排名 https://zh.wikipedia.org/wiki/%E4%B8%AD%E5%9B%BD%E5%A7%93%E6%B0%8F%E6%8E%92%E5%90%8D
欧;歐;1;中国姓氏排名 https://zh.wikipedia.org/wiki/%E4%B8%AD%E5%9B%BD%E5%A7%93%E6%B0%8F%E6%8E%92%E5%90%8D
包;包;1;中国姓氏排名 https://zh.wikipedia.org/wiki/%E4%B8%AD%E5%9B%BD%E5%A7%93%E6%B0%8F%E6%8E%92%E5%90%8D
凌;淩;1;中国姓氏排名 https://zh.wikipedia.org/wiki/%E4%B8%AD%E5%9B%BD%E5%A7%93%E6%B0%8F%E6%8E%92%E5%90%8D
盛;盛;1;中国姓氏排名 https://zh.wikipedia.org/wiki/%E4%B8%AD%E5%9B%BD%E5%A7%93%E6%B0%8F%E6%8E%92%E5%90%8D
滕;滕;1;中国姓氏排名 https://zh.wikipedia.org/wiki/%E4%B8%AD%E5%9B%BD%E5%A7%93%E6%B0%8F%E6%8E%92%E5%90%8D
农;農;1;中国姓氏排名 https://zh.wikipedia.org/wiki/%E4%B8%AD%E5%9B%BD%E5%A7%93%E6%B0%8F%E6%8E%92%E5%90%8D
芦;蘆;1;中国姓氏排名 https://zh.wikipedia.org/wiki/%E4%B8%AD%E5%9B%BD%E5%A7%93%E6%B0%8F%E6%8E%92%E5%90%8D
费;費;1;中国姓氏排名 https://zh.wikipedia.org/wiki/%E4%B8%AD%E5%9B%BD%E5%A7%93%E6%B0%8F%E6%8E%92%E5%90%8D
桂;桂;1;中国姓氏排名 https://zh.wikipedia.org/wiki/%E4%B8%AD%E5%9B%BD%E5%A7%93%E6%B0%8F%E6%8E%92%E5%90%8D
姬;姬;1;中国姓氏排名 https://zh.wikipedia.org/wiki/%E4%B8%AD%E5%9B%BD%E5%A7%93%E6%B0%8F%E6%8E%92%E5%90%8D
巫;巫;1;中国姓氏排名 https://zh.wikipedia.org/wiki/%E4%B8%AD%E5%9B%BD%E5%A7%93%E6%B0%8F%E6%8E%92%E5%90%8D
明;明;1;中国姓氏排名 https://zh.wikipedia.org/wiki/%E4%B8%AD%E5%9B%BD%E5%A7%93%E6%B0%8F%E6%8E%92%E5%90%8D
谈;談;1;中国姓氏排名 https://zh.wikipedia.org/wiki/%E4%B8%AD%E5%9B%BD%E5%A7%93%E6%B0%8F%E6%8E%92%E5%90%8D
班;班;1;中国姓氏排名 https://zh.wikipedia.org/wiki/%E4%B8%AD%E5%9B%BD%E5%A7%93%E6%B0%8F%E6%8E%92%E5%90%8D
皮;皮;1;中国姓氏排名 https://zh.wikipedia.org/wiki/%E4%B8%AD%E5%9B%BD%E5%A7%93%E6%B0%8F%E6%8E%92%E5%90%8D
伊;伊;1;中国姓氏排名 https://zh.wikipedia.org/wiki/%E4%B8%AD%E5%9B%BD%E5%A7%93%E6%B0%8F%E6%8E%92%E5%90%8D
屠;屠;1;中国姓氏排名 https://zh.wikipedia.org/wiki/%E4%B8%AD%E5%9B%BD%E5%A7%93%E6%B0%8F%E6%8E%92%E5%90%8D
巴;巴;1;中国姓氏排名 https://zh.wikipedia.org/wiki/%E4%B8%AD%E5%9B%BD%E5%A7%93%E6%B0%8F%E6%8E%92%E5%90%8D
晋;晉;1;中国姓氏排名 https://zh.wikipedia.org/wiki/%E4%B8%AD%E5%9B%BD%E5%A7%93%E6%B0%8F%E6%8E%92%E5%90%8D
芮;芮;1;中国姓氏排名 https://zh.wikipedia.org/wiki/%E4%B8%AD%E5%9B%BD%E5%A7%93%E6%B0%8F%E6%8E%92%E5%90%8D
雍;雍;1;中国姓氏排名 https://zh.wikipedia.org/wiki/%E4%B8%AD%E5%9B%BD%E5%A7%93%E6%B0%8F%E6%8E%92%E5%90%8D
赫;赫;1;中国姓氏排名 https://zh.wikipedia.org/wiki/%E4%B8%AD%E5%9B%BD%E5%A7%93%E6%B0%8F%E6%8E%92%E5%90%8D
诸;諸;1;中国姓氏排名 https://zh.wikipedia.org/wiki/%E4%B8%AD%E5%9B%BD%E5%A7%93%E6%B0%8F%E6%8E%92%E5%90%8D
湛;湛;1;中国姓氏排名 https://zh.wikipedia.org/wiki/%E4%B8%AD%E5%9B%BD%E5%A7%93%E6%B0%8F%E6%8E%92%E5%90%8D
干;幹;1;中国姓氏排名 https://zh.wikipedia.org/wiki/%E4%B8%AD%E5%9B%BD%E5%A7%93%E6%B0%8F%E6%8E%92%E5%90%8D
展;展;1;中国姓氏排名 https://zh.wikipedia.org/wiki/%E4%B8%AD%E5%9B%BD%E5%A7%93%E6%B0%8F%E6%8E%92%E5%90%8D
闭;閉;1;中国姓氏排名 https://zh.wikipedia.org/wiki/%E4%B8%AD%E5%9B%BD%E5%A7%93%E6%B0%8F%E6%8E%92%E5%90%8D
丁;丁;1;中国姓氏排名 https://zh.wikipedia.org/wiki/%E4%B8%AD%E5%9B%BD%E5%A7%93%E6%B0%8F%E6%8E%92%E5%90%8D
廖;廖;1;中国姓氏排名 https://zh.wikipedia.org/wiki/%E4%B8%AD%E5%9B%BD%E5%A7%93%E6%B0%8F%E6%8E%92%E5%90%8D
邱;邱;1;中国姓氏排名 https://zh.wikipedia.org/wiki/%E4%B8%AD%E5%9B%BD%E5%A7%93%E6%B0%8F%E6%8E%92%E5%90%8D
薛;薛;1;中国姓氏排名 https://zh.wikipedia.org/wiki/%E4%B8%AD%E5%9B%BD%E5%A7%93%E6%B0%8F%E6%8E%92%E5%90%8D
毛;毛;1;中国姓氏排名 https://zh.wikipedia.org/wiki/%E4%B8%AD%E5%9B%BD%E5%A7%93%E6%B0%8F%E6%8E%92%E5%90%8D
武;武;1;中国姓氏排名 https://zh.wikipedia.org/wiki/%E4%B8%AD%E5%9B%BD%E5%A7%93%E6%B0%8F%E6%8E%92%E5%90%8D
牛;牛;1;中国姓氏排名 https://zh.wikipedia.org/wiki/%E4%B8%AD%E5%9B%BD%E5%A7%93%E6%B0%8F%E6%8E%92%E5%90%8D
颜;顔;1;中国姓氏排名 https://zh.wikipedia.org/wiki/%E4%B8%AD%E5%9B%BD%E5%A7%93%E6%B0%8F%E6%8E%92%E5%90%8D
申;申;1;中国姓氏排名 https://zh.wikipedia.org/wiki/%E4%B8%AD%E5%9B%BD%E5%A7%93%E6%B0%8F%E6%8E%92%E5%90%8D
祝;祝;1;中国姓氏排名 https://zh.wikipedia.org/wiki/%E4%B8%AD%E5%9B%BD%E5%A7%93%E6%B0%8F%E6%8E%92%E5%90%8D
童;童;1;中国姓氏排名 https://zh.wikipedia.org/wiki/%E4%B8%AD%E5%9B%BD%E5%A7%93%E6%B0%8F%E6%8E%92%E5%90%8D
谷;谷;1;中国姓氏排名 https://zh.wikipedia.org/wiki/%E4%B8%AD%E5%9B%BD%E5%A7%93%E6%B0%8F%E6%8E%92%E5%90%8D
靳;靳;1;中国姓氏排名 https://zh.wikipedia.org/wiki/%E4%B8%AD%E5%9B%BD%E5%A7%93%E6%B0%8F%E6%8E%92%E5%90%8D
房;房;1;中国姓氏排名 https://zh.wikipedia.org/wiki/%E4%B8%AD%E5%9B%BD%E5%A7%93%E6%B0%8F%E6%8E%92%E5%90%8D
穆;穆;1;中国姓氏排名 https://zh.wikipedia.org/wiki/%E4%B8%AD%E5%9B%BD%E5%A7%93%E6%B0%8F%E6%8E%92%E5%90%8D
连;連;1;中国姓氏排名 https://zh.wikipedia.org/wiki/%E4%B8%AD%E5%9B%BD%E5%A7%93%E6%B0%8F%E6%8E%92%E5%90%8D
宫;宮;1;中国姓氏排名 https://zh.wikipedia.org/wiki/%E4%B8%AD%E5%9B%BD%E5%A7%93%E6%B0%8F%E6%8E%92%E5%90%8D
瞿;瞿;1;中国姓氏排名 https://zh.wikipedia.org/wiki/%E4%B8%AD%E5%9B%BD%E5%A7%93%E6%B0%8F%E6%8E%92%E5%90%8D
卞;卞;1;中国姓氏排名 https://zh.wikipedia.org/wiki/%E4%B8%AD%E5%9B%BD%E5%A7%93%E6%B0%8F%E6%8E%92%E5%90%8D
荣;榮;1;中国姓氏排名 https://zh.wikipedia.org/wiki/%E4%B8%AD%E5%9B%BD%E5%A7%93%E6%B0%8F%E6%8E%92%E5%90%8D
巩;鞏;1;中国姓氏排名 https://zh.wikipedia.org/wiki/%E4%B8%AD%E5%9B%BD%E5%A7%93%E6%B0%8F%E6%8E%92%E5%90%8D
封;封;1;中国姓氏排名 https://zh.wikipedia.org/wiki/%E4%B8%AD%E5%9B%BD%E5%A7%93%E6%B0%8F%E6%8E%92%E5%90%8D
南;南;1;中国姓氏排名 https://zh.wikipedia.org/wiki/%E4%B8%AD%E5%9B%BD%E5%A7%93%E6%B0%8F%E6%8E%92%E5%90%8D
奚;奚;1;中国姓氏排名 https://zh.wikipedia.org/wiki/%E4%B8%AD%E5%9B%BD%E5%A7%93%E6%B0%8F%E6%8E%92%E5%90%8D
厉;厲;1;中国姓氏排名 https://zh.wikipedia.org/wiki/%E4%B8%AD%E5%9B%BD%E5%A7%93%E6%B0%8F%E6%8E%92%E5%90%8D
帅;帥;1;中国姓氏排名 https://zh.wikipedia.org/wiki/%E4%B8%AD%E5%9B%BD%E5%A7%93%E6%B0%8F%E6%8E%92%E5%90%8D
漆;漆;1;中国姓氏排名 https://zh.wikipedia.org/wiki/%E4%B8%AD%E5%9B%BD%E5%A7%93%E6%B0%8F%E6%8E%92%E5%90%8D
宣;宣;1;中国姓氏排名 https://zh.wikipedia.org/wiki/%E4%B8%AD%E5%9B%BD%E5%A7%93%E6%B0%8F%E6%8E%92%E5%90%8D
晁;晁;1;中国姓氏排名 https://zh.wikipedia.org/wiki/%E4%B8%AD%E5%9B%BD%E5%A7%93%E6%B0%8F%E6%8E%92%E5%90%8D
邸;邸;1;中国姓氏排名 https://zh.wikipedia.org/wiki/%E4%B8%AD%E5%9B%BD%E5%A7%93%E6%B0%8F%E6%8E%92%E5%90%8D
邰;邰;1;中国姓氏排名 https://zh.wikipedia.org/wiki/%E4%B8%AD%E5%9B%BD%E5%A7%93%E6%B0%8F%E6%8E%92%E5%90%8D
茹;茹;1;中国姓氏排名 https://zh.wikipedia.org/wiki/%E4%B8%AD%E5%9B%BD%E5%A7%93%E6%B0%8F%E6%8E%92%E5%90%8D
哈;哈;1;中国姓氏排名 https://zh.wikipedia.org/wiki/%E4%B8%AD%E5%9B%BD%E5%A7%93%E6%B0%8F%E6%8E%92%E5%90%8D
揭;揭;1;中国姓氏排名 https://zh.wikipedia.org/wiki/%E4%B8%AD%E5%9B%BD%E5%A7%93%E6%B0%8F%E6%8E%92%E5%90%8D
信;信;1;中国姓氏排名 https://zh.wikipedia.org/wiki/%E4%B8%AD%E5%9B%BD%E5%A7%93%E6%B0%8F%E6%8E%92%E5%90%8D
尧;堯;1;中国姓氏排名 https://zh.wikipedia.org/wiki/%E4%B8%AD%E5%9B%BD%E5%A7%93%E6%B0%8F%E6%8E%92%E5%90%8D
蒲;蒲;1;中国姓氏排名 https://zh.wikipedia.org/wiki/%E4%B8%AD%E5%9B%BD%E5%A7%93%E6%B0%8F%E6%8E%92%E5%90%8D
时;時;1;中国姓氏排名 https://zh.wikipedia.org/wiki/%E4%B8%AD%E5%9B%BD%E5%A7%93%E6%B0%8F%E6%8E%92%E5%90%8D
项;項;1;中国姓氏排名 https://zh.wikipedia.org/wiki/%E4%B8%AD%E5%9B%BD%E5%A7%93%E6%B0%8F%E6%8E%92%E5%90%8D
党;黨;1;中国姓氏排名 https://zh.wikipedia.org/wiki/%E4%B8%AD%E5%9B%BD%E5%A7%93%E6%B0%8F%E6%8E%92%E5%90%8D
宗;宗;1;中国姓氏排名 https://zh.wikipedia.org/wiki/%E4%B8%AD%E5%9B%BD%E5%A7%93%E6%B0%8F%E6%8E%92%E5%90%8D
边;邊;1;中国姓氏排名 https://zh.wikipedia.org/wiki/%E4%B8%AD%E5%9B%BD%E5%A7%93%E6%B0%8F%E6%8E%92%E5%90%8D
沙;沙;1;中国姓氏排名 https://zh.wikipedia.org/wiki/%E4%B8%AD%E5%9B%BD%E5%A7%93%E6%B0%8F%E6%8E%92%E5%90%8D
敖;敖;1;中国姓氏排名 https://zh.wikipedia.org/wiki/%E4%B8%AD%E5%9B%BD%E5%A7%93%E6%B0%8F%E6%8E%92%E5%90%8D
官;官;1;中国姓氏排名 https://zh.wikipedia.org/wiki/%E4%B8%AD%E5%9B%BD%E5%A7%93%E6%B0%8F%E6%8E%92%E5%90%8D
胥;胥;1;中国姓氏排名 https://zh.wikipedia.org/wiki/%E4%B8%AD%E5%9B%BD%E5%A7%93%E6%B0%8F%E6%8E%92%E5%90%8D
谌;谌;1;中国姓氏排名 https://zh.wikipedia.org/wiki/%E4%B8%AD%E5%9B%BD%E5%A7%93%E6%B0%8F%E6%8E%92%E5%90%8D
位;位;1;中国姓氏排名 https://zh.wikipedia.org/wiki/%E4%B8%AD%E5%9B%BD%E5%A7%93%E6%B0%8F%E6%8E%92%E5%90%8D
强;強;1;中国姓氏排名 https://zh.wikipedia.org/wiki/%E4%B8%AD%E5%9B%BD%E5%A7%93%E6%B0%8F%E6%8E%92%E5%90%8D
祖;祖;1;中国姓氏排名 https://zh.wikipedia.org/wiki/%E4%B8%AD%E5%9B%BD%E5%A7%93%E6%B0%8F%E6%8E%92%E5%90%8D
索;索;1;中国姓氏排名 https://zh.wikipedia.org/wiki/%E4%B8%AD%E5%9B%BD%E5%A7%93%E6%B0%8F%E6%8E%92%E5%90%8D
扈;扈;1;中国姓氏排名 https://zh.wikipedia.org/wiki/%E4%B8%AD%E5%9B%BD%E5%A7%93%E6%B0%8F%E6%8E%92%E5%90%8D
薄;薄;1;中国姓氏排名 https://zh.wikipedia.org/wiki/%E4%B8%AD%E5%9B%BD%E5%A7%93%E6%B0%8F%E6%8E%92%E5%90%8D
修;修;1;中国姓氏排名 https://zh.wikipedia.org/wiki/%E4%B8%AD%E5%9B%BD%E5%A7%93%E6%B0%8F%E6%8E%92%E5%90%8D
隆;隆;1;中国姓氏排名 https://zh.wikipedia.org/wiki/%E4%B8%AD%E5%9B%BD%E5%A7%93%E6%B0%8F%E6%8E%92%E5%90%8D
公;公;1;中国姓氏排名 https://zh.wikipedia.org/wiki/%E4%B8%AD%E5%9B%BD%E5%A7%93%E6%B0%8F%E6%8E%92%E5%90%8D
居;居;1;中国姓氏排名 https://zh.wikipedia.org/wiki/%E4%B8%AD%E5%9B%BD%E5%A7%93%E6%B0%8F%E6%8E%92%E5%90%8D
衣;衣;1;中国姓氏排名 https://zh.wikipedia.org/wiki/%E4%B8%AD%E5%9B%BD%E5%A7%93%E6%B0%8F%E6%8E%92%E5%90%8D
富;富;1;中国姓氏排名 https://zh.wikipedia.org/wiki/%E4%B8%AD%E5%9B%BD%E5%A7%93%E6%B0%8F%E6%8E%92%E5%90%8D
田;田;1;中国姓氏排名 https://zh.wikipedia.org/wiki/%E4%B8%AD%E5%9B%BD%E5%A7%93%E6%B0%8F%E6%8E%92%E5%90%8D
程;程;1;中国姓氏排名 https://zh.wikipedia.org/wiki/%E4%B8%AD%E5%9B%BD%E5%A7%93%E6%B0%8F%E6%8E%92%E5%90%8D
崔;崔;1;中国姓氏排名 https://zh.wikipedia.org/wiki/%E4%B8%AD%E5%9B%BD%E5%A7%93%E6%B0%8F%E6%8E%92%E5%90%8D
韦;韋;1;中国姓氏排名 https://zh.wikipedia.org/wiki/%E4%B8%AD%E5%9B%BD%E5%A7%93%E6%B0%8F%E6%8E%92%E5%90%8D
江;江;1;中国姓氏排名 https://zh.wikipedia.org/wiki/%E4%B8%AD%E5%9B%BD%E5%A7%93%E6%B0%8F%E6%8E%92%E5%90%8D
贺;賀;1;中国姓氏排名 https://zh.wikipedia.org/wiki/%E4%B8%AD%E5%9B%BD%E5%A7%93%E6%B0%8F%E6%8E%92%E5%90%8D
覃;覃;1;中国姓氏排名 https://zh.wikipedia.org/wiki/%E4%B8%AD%E5%9B%BD%E5%A7%93%E6%B0%8F%E6%8E%92%E5%90%8D
施;施;1;中国姓氏排名 https://zh.wikipedia.org/wiki/%E4%B8%AD%E5%9B%BD%E5%A7%93%E6%B0%8F%E6%8E%92%E5%90%8D
伍;伍;1;中国姓氏排名 https://zh.wikipedia.org/wiki/%E4%B8%AD%E5%9B%BD%E5%A7%93%E6%B0%8F%E6%8E%92%E5%90%8D
殷;殷;1;中国姓氏排名 https://zh.wikipedia.org/wiki/%E4%B8%AD%E5%9B%BD%E5%A7%93%E6%B0%8F%E6%8E%92%E5%90%8D
柳;柳;1;中国姓氏排名 https://zh.wikipedia.org/wiki/%E4%B8%AD%E5%9B%BD%E5%A7%93%E6%B0%8F%E6%8E%92%E5%90%8D
纪;紀;1;中国姓氏排名 https://zh.wikipedia.org/wiki/%E4%B8%AD%E5%9B%BD%E5%A7%93%E6%B0%8F%E6%8E%92%E5%90%8D
成;成;1;中国姓氏排名 https://zh.wikipedia.org/wiki/%E4%B8%AD%E5%9B%BD%E5%A7%93%E6%B0%8F%E6%8E%92%E5%90%8D
游;遊;1;中国姓氏排名 https://zh.wikipedia.org/wiki/%E4%B8%AD%E5%9B%BD%E5%A7%93%E6%B0%8F%E6%8E%92%E5%90%8D
祁;祁;1;中国姓氏排名 https://zh.wikipedia.org/wiki/%E4%B8%AD%E5%9B%BD%E5%A7%93%E6%B0%8F%E6%8E%92%E5%90%8D
阳;陽;1;中国姓氏排名 https://zh.wikipedia.org/wiki/%E4%B8%AD%E5%9B%BD%E5%A7%93%E6%B0%8F%E6%8E%92%E5%90%8D
车;車;1;中国姓氏排名 https://zh.wikipedia.org/wiki/%E4%B8%AD%E5%9B%BD%E5%A7%93%E6%B0%8F%E6%8E%92%E5%90%8D
景;景;1;中国姓氏排名 https://zh.wikipedia.org/wiki/%E4%B8%AD%E5%9B%BD%E5%A7%93%E6%B0%8F%E6%8E%92%E5%90%8D
柏;柏;1;中国姓氏排名 https://zh.wikipedia.org/wiki/%E4%B8%AD%E5%9B%BD%E5%A7%93%E6%B0%8F%E6%8E%92%E5%90%8D
邬;邬;1;中国姓氏排名 https://zh.wikipedia.org/wiki/%E4%B8%AD%E5%9B%BD%E5%A7%93%E6%B0%8F%E6%8E%92%E5%90%8D
刁;刁;1;中国姓氏排名 https://zh.wikipedia.org/wiki/%E4%B8%AD%E5%9B%BD%E5%A7%93%E6%B0%8F%E6%8E%92%E5%90%8D
虞;虞;1;中国姓氏排名 https://zh.wikipedia.org/wiki/%E4%B8%AD%E5%9B%BD%E5%A7%93%E6%B0%8F%E6%8E%92%E5%90%8D
邝;邝;1;中国姓氏排名 https://zh.wikipedia.org/wiki/%E4%B8%AD%E5%9B%BD%E5%A7%93%E6%B0%8F%E6%8E%92%E5%90%8D
郁;郁;1;中国姓氏排名 https://zh.wikipedia.org/wiki/%E4%B8%AD%E5%9B%BD%E5%A7%93%E6%B0%8F%E6%8E%92%E5%90%8D
劳;勞;1;中国姓氏排名 https://zh.wikipedia.org/wiki/%E4%B8%AD%E5%9B%BD%E5%A7%93%E6%B0%8F%E6%8E%92%E5%90%8D
闻;聞;1;中国姓氏排名 https://zh.wikipedia.org/wiki/%E4%B8%AD%E5%9B%BD%E5%A7%93%E6%B0%8F%E6%8E%92%E5%90%8D
权;權;1;中国姓氏排名 https://zh.wikipedia.org/wiki/%E4%B8%AD%E5%9B%BD%E5%A7%93%E6%B0%8F%E6%8E%92%E5%90%8D
井;井;1;中国姓氏排名 https://zh.wikipedia.org/wiki/%E4%B8%AD%E5%9B%BD%E5%A7%93%E6%B0%8F%E6%8E%92%E5%90%8D
计;計;1;中国姓氏排名 https://zh.wikipedia.org/wiki/%E4%B8%AD%E5%9B%BD%E5%A7%93%E6%B0%8F%E6%8E%92%E5%90%8D
来;來;1;中国姓氏排名 https://zh.wikipedia.org/wiki/%E4%B8%AD%E5%9B%BD%E5%A7%93%E6%B0%8F%E6%8E%92%E5%90%8D
鹿;鹿;1;中国姓氏排名 https://zh.wikipedia.org/wiki/%E4%B8%AD%E5%9B%BD%E5%A7%93%E6%B0%8F%E6%8E%92%E5%90%8D
亓;亓;1;中国姓氏排名 https://zh.wikipedia.org/wiki/%E4%B8%AD%E5%9B%BD%E5%A7%93%E6%B0%8F%E6%8E%92%E5%90%8D
逯;逯;1;中国姓氏排名 https://zh.wikipedia.org/wiki/%E4%B8%AD%E5%9B%BD%E5%A7%93%E6%B0%8F%E6%8E%92%E5%90%8D
嵇;嵇;1;中国姓氏排名 https://zh.wikipedia.org/wiki/%E4%B8%AD%E5%9B%BD%E5%A7%93%E6%B0%8F%E6%8E%92%E5%90%8D
呼;呼;1;中国姓氏排名 https://zh.wikipedia.org/wiki/%E4%B8%AD%E5%9B%BD%E5%A7%93%E6%B0%8F%E6%8E%92%E5%90%8D
檀;檀;1;中国姓氏排名 https://zh.wikipedia.org/wiki/%E4%B8%AD%E5%9B%BD%E5%A7%93%E6%B0%8F%E6%8E%92%E5%90%8D
衡;衡;1;中国姓氏排名 https://zh.wikipedia.org/wiki/%E4%B8%AD%E5%9B%BD%E5%A7%93%E6%B0%8F%E6%8E%92%E5%90%8D
和;和;1;中国姓氏排名 https://zh.wikipedia.org/wiki/%E4%B8%AD%E5%9B%BD%E5%A7%93%E6%B0%8F%E6%8E%92%E5%90%8D
桑;桑;1;中国姓氏排名 https://zh.wikipedia.org/wiki/%E4%B8%AD%E5%9B%BD%E5%A7%93%E6%B0%8F%E6%8E%92%E5%90%8D
池;池;1;中国姓氏排名 https://zh.wikipedia.org/wiki/%E4%B8%AD%E5%9B%BD%E5%A7%93%E6%B0%8F%E6%8E%92%E5%90%8D
鞠;鞠;1;中国姓氏排名 https://zh.wikipedia.org/wiki/%E4%B8%AD%E5%9B%BD%E5%A7%93%E6%B0%8F%E6%8E%92%E5%90%8D
唐;唐;1;中国姓氏排名 https://zh.wikipedia.org/wiki/%E4%B8%AD%E5%9B%BD%E5%A7%93%E6%B0%8F%E6%8E%92%E5%90%8D
潘;潘;1;中国姓氏排名 https://zh.wikipedia.org/wiki/%E4%B8%AD%E5%9B%BD%E5%A7%93%E6%B0%8F%E6%8E%92%E5%90%8D
魏;魏;1;中国姓氏排名 https://zh.wikipedia.org/wiki/%E4%B8%AD%E5%9B%BD%E5%A7%93%E6%B0%8F%E6%8E%92%E5%90%8D
姜;姜;1;中国姓氏排名 https://zh.wikipedia.org/wiki/%E4%B8%AD%E5%9B%BD%E5%A7%93%E6%B0%8F%E6%8E%92%E5%90%8D
贾;賈;1;中国姓氏排名 https://zh.wikipedia.org/wiki/%E4%B8%AD%E5%9B%BD%E5%A7%93%E6%B0%8F%E6%8E%92%E5%90%8D
白;白;1;中国姓氏排名 https://zh.wikipedia.org/wiki/%E4%B8%AD%E5%9B%BD%E5%A7%93%E6%B0%8F%E6%8E%92%E5%90%8D
陶;陶;1;中国姓氏排名 https://zh.wikipedia.org/wiki/%E4%B8%AD%E5%9B%BD%E5%A7%93%E6%B0%8F%E6%8E%92%E5%90%8D
赖;賴;1;中国姓氏排名 https://zh.wikipedia.org/wiki/%E4%B8%AD%E5%9B%BD%E5%A7%93%E6%B0%8F%E6%8E%92%E5%90%8D
康;康;1;中国姓氏排名 https://zh.wikipedia.org/wiki/%E4%B8%AD%E5%9B%BD%E5%A7%93%E6%B0%8F%E6%8E%92%E5%90%8D
乔;喬;1;中国姓氏排名 https://zh.wikipedia.org/wiki/%E4%B8%AD%E5%9B%BD%E5%A7%93%E6%B0%8F%E6%8E%92%E5%90%8D
翟;翟;1;中国姓氏排名 https://zh.wikipedia.org/wiki/%E4%B8%AD%E5%9B%BD%E5%A7%93%E6%B0%8F%E6%8E%92%E5%90%8D
左;左;1;中国姓氏排名 https://zh.wikipedia.org/wiki/%E4%B8%AD%E5%9B%BD%E5%A7%93%E6%B0%8F%E6%8E%92%E5%90%8D
柯;柯;1;中国姓氏排名 https://zh.wikipedia.org/wiki/%E4%B8%AD%E5%9B%BD%E5%A7%93%E6%B0%8F%E6%8E%92%E5%90%8D
涂;塗;1;中国姓氏排名 https://zh.wikipedia.org/wiki/%E4%B8%AD%E5%9B%BD%E5%A7%93%E6%B0%8F%E6%8E%92%E5%90%8D
路;路;1;中国姓氏排名 https://zh.wikipedia.org/wiki/%E4%B8%AD%E5%9B%BD%E5%A7%93%E6%B0%8F%E6%8E%92%E5%90%8D
喻;喻;1;中国姓氏排名 https://zh.wikipedia.org/wiki/%E4%B8%AD%E5%9B%BD%E5%A7%93%E6%B0%8F%E6%8E%92%E5%90%8D
尤;尤;1;中国姓氏排名 https://zh.wikipedia.org/wiki/%E4%B8%AD%E5%9B%BD%E5%A7%93%E6%B0%8F%E6%8E%92%E5%90%8D
简;簡;1;中国姓氏排名 https://zh.wikipedia.org/wiki/%E4%B8%AD%E5%9B%BD%E5%A7%93%E6%B0%8F%E6%8E%92%E5%90%8D
岑;岑;1;中国姓氏排名 https://zh.wikipedia.org/wiki/%E4%B8%AD%E5%9B%BD%E5%A7%93%E6%B0%8F%E6%8E%92%E5%90%8D
米;米;1;中国姓氏排名 https://zh.wikipedia.org/wiki/%E4%B8%AD%E5%9B%BD%E5%A7%93%E6%B0%8F%E6%8E%92%E5%90%8D
苟;苟;1;中国姓氏排名 https://zh.wikipedia.org/wiki/%E4%B8%AD%E5%9B%BD%E5%A7%93%E6%B0%8F%E6%8E%92%E5%90%8D
商;商;1;中国姓氏排名 https://zh.wikipedia.org/wiki/%E4%B8%AD%E5%9B%BD%E5%A7%93%E6%B0%8F%E6%8E%92%E5%90%8D
仲;仲;1;中国姓氏排名 https://zh.wikipedia.org/wiki/%E4%B8%AD%E5%9B%BD%E5%A7%93%E6%B0%8F%E6%8E%92%E5%90%8D
迟;遲;1;中国姓氏排名 https://zh.wikipedia.org/wiki/%E4%B8%AD%E5%9B%BD%E5%A7%93%E6%B0%8F%E6%8E%92%E5%90%8D
冀;冀;1;中国姓氏排名 https://zh.wikipedia.org/wiki/%E4%B8%AD%E5%9B%BD%E5%A7%93%E6%B0%8F%E6%8E%92%E5%90%8D
鄢;鄢;1;中国姓氏排名 https://zh.wikipedia.org/wiki/%E4%B8%AD%E5%9B%BD%E5%A7%93%E6%B0%8F%E6%8E%92%E5%90%8D
满;滿;1;中国姓氏排名 https://zh.wikipedia.org/wiki/%E4%B8%AD%E5%9B%BD%E5%A7%93%E6%B0%8F%E6%8E%92%E5%90%8D
花;花;1;中国姓氏排名 https://zh.wikipedia.org/wiki/%E4%B8%AD%E5%9B%BD%E5%A7%93%E6%B0%8F%E6%8E%92%E5%90%8D
禹;禹;1;中国姓氏排名 https://zh.wikipedia.org/wiki/%E4%B8%AD%E5%9B%BD%E5%A7%93%E6%B0%8F%E6%8E%92%E5%90%8D
平;平;1;中国姓氏排名 https://zh.wikipedia.org/wiki/%E4%B8%AD%E5%9B%BD%E5%A7%93%E6%B0%8F%E6%8E%92%E5%90%8D
敬;敬;1;中国姓氏排名 https://zh.wikipedia.org/wiki/%E4%B8%AD%E5%9B%BD%E5%A7%93%E6%B0%8F%E6%8E%92%E5%90%8D
伏;伏;1;中国姓氏排名 https://zh.wikipedia.org/wiki/%E4%B8%AD%E5%9B%BD%E5%A7%93%E6%B0%8F%E6%8E%92%E5%90%8D
裘;裘;1;中国姓氏排名 https://zh.wikipedia.org/wiki/%E4%B8%AD%E5%9B%BD%E5%A7%93%E6%B0%8F%E6%8E%92%E5%90%8D
印;印;1;中国姓氏排名 https://zh.wikipedia.org/wiki/%E4%B8%AD%E5%9B%BD%E5%A7%93%E6%B0%8F%E6%8E%92%E5%90%8D
亢;亢;1;中国姓氏排名 https://zh.wikipedia.org/wiki/%E4%B8%AD%E5%9B%BD%E5%A7%93%E6%B0%8F%E6%8E%92%E5%90%8D
於;於;1;中国姓氏排名 https://zh.wikipedia.org/wiki/%E4%B8%AD%E5%9B%BD%E5%A7%93%E6%B0%8F%E6%8E%92%E5%90%8D
束;束;1;中国姓氏排名 https://zh.wikipedia.org/wiki/%E4%B8%AD%E5%9B%BD%E5%A7%93%E6%B0%8F%E6%8E%92%E5%90%8D
植;植;1;中国姓氏排名 https://zh.wikipedia.org/wiki/%E4%B8%AD%E5%9B%BD%E5%A7%93%E6%B0%8F%E6%8E%92%E5%90%8D
蔡;蔡;1;中国姓氏排名 https://zh.wikipedia.org/wiki/%E4%B8%AD%E5%9B%BD%E5%A7%93%E6%B0%8F%E6%8E%92%E5%90%8D
苏;蘇;1;中国姓氏排名 https://zh.wikipedia.org/wiki/%E4%B8%AD%E5%9B%BD%E5%A7%93%E6%B0%8F%E6%8E%92%E5%90%8D
钟;鍾;1;中国姓氏排名 https://zh.wikipedia.org/wiki/%E4%B8%AD%E5%9B%BD%E5%A7%93%E6%B0%8F%E6%8E%92%E5%90%8D
戴;戴;1;中国姓氏排名 https://zh.wikipedia.org/wiki/%E4%B8%AD%E5%9B%BD%E5%A7%93%E6%B0%8F%E6%8E%92%E5%90%8D
秦;秦;1;中国姓氏排名 https://zh.wikipedia.org/wiki/%E4%B8%AD%E5%9B%BD%E5%A7%93%E6%B0%8F%E6%8E%92%E5%90%8D
龙;龍;1;中国姓氏排名 https://zh.wikipedia.org/wiki/%E4%B8%AD%E5%9B%BD%E5%A7%93%E6%B0%8F%E6%8E%92%E5%90%8D
严;嚴;1;中国姓氏排名 https://zh.wikipedia.org/wiki/%E4%B8%AD%E5%9B%BD%E5%A7%93%E6%B0%8F%E6%8E%92%E5%90%8D
温;溫;1;中国姓氏排名 https://zh.wikipedia.org/wiki/%E4%B8%AD%E5%9B%BD%E5%A7%93%E6%B0%8F%E6%8E%92%E5%90%8D
易;易;1;中国姓氏排名 https://zh.wikipedia.org/wiki/%E4%B8%AD%E5%9B%BD%E5%A7%93%E6%B0%8F%E6%8E%92%E5%90%8D
岳;嶽;1;中国姓氏排名 https://zh.wikipedia.org/wiki/%E4%B8%AD%E5%9B%BD%E5%A7%93%E6%B0%8F%E6%8E%92%E5%90%8D
俞;俞;1;中国姓氏排名 https://zh.wikipedia.org/wiki/%E4%B8%AD%E5%9B%BD%E5%A7%93%E6%B0%8F%E6%8E%92%E5%90%8D
阮;阮;1;中国姓氏排名 https://zh.wikipedia.org/wiki/%E4%B8%AD%E5%9B%BD%E5%A7%93%E6%B0%8F%E6%8E%92%E5%90%8D
霍;霍;1;中国姓氏排名 https://zh.wikipedia.org/wiki/%E4%B8%AD%E5%9B%BD%E5%A7%93%E6%B0%8F%E6%8E%92%E5%90%8D
蓝;藍;1;中国姓氏排名 https://zh.wikipedia.org/wiki/%E4%B8%AD%E5%9B%BD%E5%A7%93%E6%B0%8F%E6%8E%92%E5%90%8D
华;華;1;中国姓氏排名 https://zh.wikipedia.org/wiki/%E4%B8%AD%E5%9B%BD%E5%A7%93%E6%B0%8F%E6%8E%92%E5%90%8D
艾;艾;1;中国姓氏排名 https://zh.wikipedia.org/wiki/%E4%B8%AD%E5%9B%BD%E5%A7%93%E6%B0%8F%E6%8E%92%E5%90%8D
缪;缪;1;中国姓氏排名 https://zh.wikipedia.org/wiki/%E4%B8%AD%E5%9B%BD%E5%A7%93%E6%B0%8F%E6%8E%92%E5%90%8D
戚;戚;1;中国姓氏排名 https://zh.wikipedia.org/wiki/%E4%B8%AD%E5%9B%BD%E5%A7%93%E6%B0%8F%E6%8E%92%E5%90%8D
卫;衛;1;中国姓氏排名 https://zh.wikipedia.org/wiki/%E4%B8%AD%E5%9B%BD%E5%A7%93%E6%B0%8F%E6%8E%92%E5%90%8D
闵;闵;1;中国姓氏排名 https://zh.wikipedia.org/wiki/%E4%B8%AD%E5%9B%BD%E5%A7%93%E6%B0%8F%E6%8E%92%E5%90%8D
隋;隋;1;中国姓氏排名 https://zh.wikipedia.org/wiki/%E4%B8%AD%E5%9B%BD%E5%A7%93%E6%B0%8F%E6%8E%92%E5%90%8D
丛;叢;1;中国姓氏排名 https://zh.wikipedia.org/wiki/%E4%B8%AD%E5%9B%BD%E5%A7%93%E6%B0%8F%E6%8E%92%E5%90%8D
苑;苑;1;中国姓氏排名 https://zh.wikipedia.org/wiki/%E4%B8%AD%E5%9B%BD%E5%A7%93%E6%B0%8F%E6%8E%92%E5%90%8D
乐;樂;1;中国姓氏排名 https://zh.wikipedia.org/wiki/%E4%B8%AD%E5%9B%BD%E5%A7%93%E6%B0%8F%E6%8E%92%E5%90%8D
楚;楚;1;中国姓氏排名 https://zh.wikipedia.org/wiki/%E4%B8%AD%E5%9B%BD%E5%A7%93%E6%B0%8F%E6%8E%92%E5%90%8D
盘;盤;1;中国姓氏排名 https://zh.wikipedia.org/wiki/%E4%B8%AD%E5%9B%BD%E5%A7%93%E6%B0%8F%E6%8E%92%E5%90%8D
阚;阚;1;中国姓氏排名 https://zh.wikipedia.org/wiki/%E4%B8%AD%E5%9B%BD%E5%A7%93%E6%B0%8F%E6%8E%92%E5%90%8D
廉;廉;1;中国姓氏排名 https://zh.wikipedia.org/wiki/%E4%B8%AD%E5%9B%BD%E5%A7%93%E6%B0%8F%E6%8E%92%E5%90%8D
狄;狄;1;中国姓氏排名 https://zh.wikipedia.org/wiki/%E4%B8%AD%E5%9B%BD%E5%A7%93%E6%B0%8F%E6%8E%92%E5%90%8D
容;容;1;中国姓氏排名 https://zh.wikipedia.org/wiki/%E4%B8%AD%E5%9B%BD%E5%A7%93%E6%B0%8F%E6%8E%92%E5%90%8D
戈;戈;1;中国姓氏排名 https://zh.wikipedia.org/wiki/%E4%B8%AD%E5%9B%BD%E5%A7%93%E6%B0%8F%E6%8E%92%E5%90%8D
母;母;1;中国姓氏排名 https://zh.wikipedia.org/wiki/%E4%B8%AD%E5%9B%BD%E5%A7%93%E6%B0%8F%E6%8E%92%E5%90%8D
鲜;鮮;1;中国姓氏排名 https://zh.wikipedia.org/wiki/%E4%B8%AD%E5%9B%BD%E5%A7%93%E6%B0%8F%E6%8E%92%E5%90%8D
银;銀;1;中国姓氏排名 https://zh.wikipedia.org/wiki/%E4%B8%AD%E5%9B%BD%E5%A7%93%E6%B0%8F%E6%8E%92%E5%90%8D
利;利;1;中国姓氏排名 https://zh.wikipedia.org/wiki/%E4%B8%AD%E5%9B%BD%E5%A7%93%E6%B0%8F%E6%8E%92%E5%90%8D
元;元;1;中国姓氏排名 https://zh.wikipedia.org/wiki/%E4%B8%AD%E5%9B%BD%E5%A7%93%E6%B0%8F%E6%8E%92%E5%90%8D
奉;奉;1;中国姓氏排名 https://zh.wikipedia.org/wiki/%E4%B8%AD%E5%9B%BD%E5%A7%93%E6%B0%8F%E6%8E%92%E5%90%8D
原;原;1;中国姓氏排名 https://zh.wikipedia.org/wiki/%E4%B8%AD%E5%9B%BD%E5%A7%93%E6%B0%8F%E6%8E%92%E5%90%8D
冼;冼;1;中国姓氏排名 https://zh.wikipedia.org/wiki/%E4%B8%AD%E5%9B%BD%E5%A7%93%E6%B0%8F%E6%8E%92%E5%90%8D
区;區;1;中国姓氏排名 https://zh.wikipedia.org/wiki/%E4%B8%AD%E5%9B%BD%E5%A7%93%E6%B0%8F%E6%8E%92%E5%90%8D
朴;樸;1;中国姓氏排名 https://zh.wikipedia.org/wiki/%E4%B8%AD%E5%9B%BD%E5%A7%93%E6%B0%8F%E6%8E%92%E5%90%8D
支;支;1;中国姓氏排名 https://zh.wikipedia.org/wiki/%E4%B8%AD%E5%9B%BD%E5%A7%93%E6%B0%8F%E6%8E%92%E5%90%8D
初;初;1;中国姓氏排名 https://zh.wikipedia.org/wiki/%E4%B8%AD%E5%9B%BD%E5%A7%93%E6%B0%8F%E6%8E%92%E5%90%8D
普;普;1;中国姓氏排名 https://zh.wikipedia.org/wiki/%E4%B8%AD%E5%9B%BD%E5%A7%93%E6%B0%8F%E6%8E%92%E5%90%8D
羊;羊;1;中国姓氏排名 https://zh.wikipedia.org/wiki/%E4%B8%AD%E5%9B%BD%E5%A7%93%E6%B0%8F%E6%8E%92%E5%90%8D
况;況;1;中国姓氏排名 https://zh.wikipedia.org/wiki/%E4%B8%AD%E5%9B%BD%E5%A7%93%E6%B0%8F%E6%8E%92%E5%90%8D
慕;慕;1;中国姓氏排名 https://zh.wikipedia.org/wiki/%E4%B8%AD%E5%9B%BD%E5%A7%93%E6%B0%8F%E6%8E%92%E5%90%8D
戎;戎;1;中国姓氏排名 https://zh.wikipedia.org/wiki/%E4%B8%AD%E5%9B%BD%E5%A7%93%E6%B0%8F%E6%8E%92%E5%90%8D
尉;尉;1;中国姓氏排名 https://zh.wikipedia.org/wiki/%E4%B8%AD%E5%9B%BD%E5%A7%93%E6%B0%8F%E6%8E%92%E5%90%8D
昝;昝;1;中国姓氏排名 https://zh.wikipedia.org/wiki/%E4%B8%AD%E5%9B%BD%E5%A7%93%E6%B0%8F%E6%8E%92%E5%90%8D
彭;彭;1;中国姓氏排名 https://zh.wikipedia.org/wiki/%E4%B8%AD%E5%9B%BD%E5%A7%93%E6%B0%8F%E6%8E%92%E5%90%8D
蒋;蔣;1;中国姓氏排名 https://zh.wikipedia.org/wiki/%E4%B8%AD%E5%9B%BD%E5%A7%93%E6%B0%8F%E6%8E%92%E5%90%8D
卢;盧;1;中国姓氏排名 https://zh.wikipedia.org/wiki/%E4%B8%AD%E5%9B%BD%E5%A7%93%E6%B0%8F%E6%8E%92%E5%90%8D
金;金;1;中国姓氏排名 https://zh.wikipedia.org/wiki/%E4%B8%AD%E5%9B%BD%E5%A7%93%E6%B0%8F%E6%8E%92%E5%90%8D
熊;熊;1;中国姓氏排名 https://zh.wikipedia.org/wiki/%E4%B8%AD%E5%9B%BD%E5%A7%93%E6%B0%8F%E6%8E%92%E5%90%8D
黎;黎;1;中国姓氏排名 https://zh.wikipedia.org/wiki/%E4%B8%AD%E5%9B%BD%E5%A7%93%E6%B0%8F%E6%8E%92%E5%90%8D
万;萬;1;中国姓氏排名 https://zh.wikipedia.org/wiki/%E4%B8%AD%E5%9B%BD%E5%A7%93%E6%B0%8F%E6%8E%92%E5%90%8D
向;向;1;中国姓氏排名 https://zh.wikipedia.org/wiki/%E4%B8%AD%E5%9B%BD%E5%A7%93%E6%B0%8F%E6%8E%92%E5%90%8D
安;安;1;中国姓氏排名 https://zh.wikipedia.org/wiki/%E4%B8%AD%E5%9B%BD%E5%A7%93%E6%B0%8F%E6%8E%92%E5%90%8D
章;章;1;中国姓氏排名 https://zh.wikipedia.org/wiki/%E4%B8%AD%E5%9B%BD%E5%A7%93%E6%B0%8F%E6%8E%92%E5%90%8D
兰;蘭;1;中国姓氏排名 https://zh.wikipedia.org/wiki/%E4%B8%AD%E5%9B%BD%E5%A7%93%E6%B0%8F%E6%8E%92%E5%90%8D
符;符;1;中国姓氏排名 https://zh.wikipedia.org/wiki/%E4%B8%AD%E5%9B%BD%E5%A7%93%E6%B0%8F%E6%8E%92%E5%90%8D
季;季;1;中国姓氏排名 https://zh.wikipedia.org/wiki/%E4%B8%AD%E5%9B%BD%E5%A7%93%E6%B0%8F%E6%8E%92%E5%90%8D
冉;冉;1;中国姓氏排名 https://zh.wikipedia.org/wiki/%E4%B8%AD%E5%9B%BD%E5%A7%93%E6%B0%8F%E6%8E%92%E5%90%8D
蒙;蒙;1;中国姓氏排名 https://zh.wikipedia.org/wiki/%E4%B8%AD%E5%9B%BD%E5%A7%93%E6%B0%8F%E6%8E%92%E5%90%8D
解;解;1;中国姓氏排名 https://zh.wikipedia.org/wiki/%E4%B8%AD%E5%9B%BD%E5%A7%93%E6%B0%8F%E6%8E%92%E5%90%8D
古;古;1;中国姓氏排名 https://zh.wikipedia.org/wiki/%E4%B8%AD%E5%9B%BD%E5%A7%93%E6%B0%8F%E6%8E%92%E5%90%8D
娄;婁;1;中国姓氏排名 https://zh.wikipedia.org/wiki/%E4%B8%AD%E5%9B%BD%E5%A7%93%E6%B0%8F%E6%8E%92%E5%90%8D
晏;晏;1;中国姓氏排名 https://zh.wikipedia.org/wiki/%E4%B8%AD%E5%9B%BD%E5%A7%93%E6%B0%8F%E6%8E%92%E5%90%8D
应;應;1;中国姓氏排名 https://zh.wikipedia.org/wiki/%E4%B8%AD%E5%9B%BD%E5%A7%93%E6%B0%8F%E6%8E%92%E5%90%8D
仇;仇;1;中国姓氏排名 https://zh.wikipedia.org/wiki/%E4%B8%AD%E5%9B%BD%E5%A7%93%E6%B0%8F%E6%8E%92%E5%90%8D
郎;郎;1;中国姓氏排名 https://zh.wikipedia.org/wiki/%E4%B8%AD%E5%9B%BD%E5%A7%93%E6%B0%8F%E6%8E%92%E5%90%8D
查;查;1;中国姓氏排名 https://zh.wikipedia.org/wiki/%E4%B8%AD%E5%9B%BD%E5%A7%93%E6%B0%8F%E6%8E%92%E5%90%8D
惠;惠;1;中国姓氏排名 https://zh.wikipedia.org/wiki/%E4%B8%AD%E5%9B%BD%E5%A7%93%E6%B0%8F%E6%8E%92%E5%90%8D
栗;栗;1;中国姓氏排名 https://zh.wikipedia.org/wiki/%E4%B8%AD%E5%9B%BD%E5%A7%93%E6%B0%8F%E6%8E%92%E5%90%8D
蔺;蔺;1;中国姓氏排名 https://zh.wikipedia.org/wiki/%E4%B8%AD%E5%9B%BD%E5%A7%93%E6%B0%8F%E6%8E%92%E5%90%8D
郜;郜;1;中国姓氏排名 https://zh.wikipedia.org/wiki/%E4%B8%AD%E5%9B%BD%E5%A7%93%E6%B0%8F%E6%8E%92%E5%90%8D
盖;蓋;1;中国姓氏排名 https://zh.wikipedia.org/wiki/%E4%B8%AD%E5%9B%BD%E5%A7%93%E6%B0%8F%E6%8E%92%E5%90%8D
卿;卿;1;中国姓氏排名 https://zh.wikipedia.org/wiki/%E4%B8%AD%E5%9B%BD%E5%A7%93%E6%B0%8F%E6%8E%92%E5%90%8D
门;門;1;中国姓氏排名 https://zh.wikipedia.org/wiki/%E4%B8%AD%E5%9B%BD%E5%A7%93%E6%B0%8F%E6%8E%92%E5%90%8D
阙;阙;1;中国姓氏排名 https://zh.wikipedia.org/wiki/%E4%B8%AD%E5%9B%BD%E5%A7%93%E6%B0%8F%E6%8E%92%E5%90%8D
阿;阿;1;中国姓氏排名 https://zh.wikipedia.org/wiki/%E4%B8%AD%E5%9B%BD%E5%A7%93%E6%B0%8F%E6%8E%92%E5%90%8D
那;那;1;中国姓氏排名 https://zh.wikipedia.org/wiki/%E4%B8%AD%E5%9B%BD%E5%A7%93%E6%B0%8F%E6%8E%92%E5%90%8D
危;危;1;中国姓氏排名 https://zh.wikipedia.org/wiki/%E4%B8%AD%E5%9B%BD%E5%A7%93%E6%B0%8F%E6%8E%92%E5%90%8D
勾;勾;1;中国姓氏排名 https://zh.wikipedia.org/wiki/%E4%B8%AD%E5%9B%BD%E5%A7%93%E6%B0%8F%E6%8E%92%E5%90%8D
冶;冶;1;中国姓氏排名 https://zh.wikipedia.org/wiki/%E4%B8%AD%E5%9B%BD%E5%A7%93%E6%B0%8F%E6%8E%92%E5%90%8D
智;智;1;中国姓氏排名 https://zh.wikipedia.org/wiki/%E4%B8%AD%E5%9B%BD%E5%A7%93%E6%B0%8F%E6%8E%92%E5%90%8D
萧;蕭;1;中国姓氏排名 https://zh.wikipedia.org/wiki/%E4%B8%AD%E5%9B%BD%E5%A7%93%E6%B0%8F%E6%8E%92%E5%90%8D
杜;杜;1;中国姓氏排名 https://zh.wikipedia.org/wiki/%E4%B8%AD%E5%9B%BD%E5%A7%93%E6%B0%8F%E6%8E%92%E5%90%8D
傅;傅;1;中国姓氏排名 https://zh.wikipedia.org/wiki/%E4%B8%AD%E5%9B%BD%E5%A7%93%E6%B0%8F%E6%8E%92%E5%90%8D
石;石;1;中国姓氏排名 https://zh.wikipedia.org/wiki/%E4%B8%AD%E5%9B%BD%E5%A7%93%E6%B0%8F%E6%8E%92%E5%90%8D
孟;孟;1;中国姓氏排名 https://zh.wikipedia.org/wiki/%E4%B8%AD%E5%9B%BD%E5%A7%93%E6%B0%8F%E6%8E%92%E5%90%8D
史;史;1;中国姓氏排名 https://zh.wikipedia.org/wiki/%E4%B8%AD%E5%9B%BD%E5%A7%93%E6%B0%8F%E6%8E%92%E5%90%8D
钱;錢;1;中国姓氏排名 https://zh.wikipedia.org/wiki/%E4%B8%AD%E5%9B%BD%E5%A7%93%E6%B0%8F%E6%8E%92%E5%90%8D
常;常;1;中国姓氏排名 https://zh.wikipedia.org/wiki/%E4%B8%AD%E5%9B%BD%E5%A7%93%E6%B0%8F%E6%8E%92%E5%90%8D
齐;齊;1;中国姓氏排名 https://zh.wikipedia.org/wiki/%E4%B8%AD%E5%9B%BD%E5%A7%93%E6%B0%8F%E6%8E%92%E5%90%8D
鲁;魯;1;中国姓氏排名 https://zh.wikipedia.org/wiki/%E4%B8%AD%E5%9B%BD%E5%A7%93%E6%B0%8F%E6%8E%92%E5%90%8D
焦;焦;1;中国姓氏排名 https://zh.wikipedia.org/wiki/%E4%B8%AD%E5%9B%BD%E5%A7%93%E6%B0%8F%E6%8E%92%E5%90%8D
舒;舒;1;中国姓氏排名 https://zh.wikipedia.org/wiki/%E4%B8%AD%E5%9B%BD%E5%A7%93%E6%B0%8F%E6%8E%92%E5%90%8D
裴;裴;1;中国姓氏排名 https://zh.wikipedia.org/wiki/%E4%B8%AD%E5%9B%BD%E5%A7%93%E6%B0%8F%E6%8E%92%E5%90%8D
骆;駱;1;中国姓氏排名 https://zh.wikipedia.org/wiki/%E4%B8%AD%E5%9B%BD%E5%A7%93%E6%B0%8F%E6%8E%92%E5%90%8D
鲍;鮑;1;中国姓氏排名 https://zh.wikipedia.org/wiki/%E4%B8%AD%E5%9B%BD%E5%A7%93%E6%B0%8F%E6%8E%92%E5%90%8D
牟;牟;1;中国姓氏排名 https://zh.wikipedia.org/wiki/%E4%B8%AD%E5%9B%BD%E5%A7%93%E6%B0%8F%E6%8E%92%E5%90%8D
吉;吉;1;中国姓氏排名 https://zh.wikipedia.org/wiki/%E4%B8%AD%E5%9B%BD%E5%A7%93%E6%B0%8F%E6%8E%92%E5%90%8D
窦;窦;1;中国姓氏排名 https://zh.wikipedia.org/wiki/%E4%B8%AD%E5%9B%BD%E5%A7%93%E6%B0%8F%E6%8E%92%E5%90%8D
席;席;1;中国姓氏排名 https://zh.wikipedia.org/wiki/%E4%B8%AD%E5%9B%BD%E5%A7%93%E6%B0%8F%E6%8E%92%E5%90%8D
臧;臧;1;中国姓氏排名 https://zh.wikipedia.org/wiki/%E4%B8%AD%E5%9B%BD%E5%A7%93%E6%B0%8F%E6%8E%92%E5%90%8D
栾;栾;1;中国姓氏排名 https://zh.wikipedia.org/wiki/%E4%B8%AD%E5%9B%BD%E5%A7%93%E6%B0%8F%E6%8E%92%E5%90%8D
甄;甄;1;中国姓氏排名 https://zh.wikipedia.org/wiki/%E4%B8%AD%E5%9B%BD%E5%A7%93%E6%B0%8F%E6%8E%92%E5%90%8D
麻;麻;1;中国姓氏排名 https://zh.wikipedia.org/wiki/%E4%B8%AD%E5%9B%BD%E5%A7%93%E6%B0%8F%E6%8E%92%E5%90%8D
荆;荊;1;中国姓氏排名 https://zh.wikipedia.org/wiki/%E4%B8%AD%E5%9B%BD%E5%A7%93%E6%B0%8F%E6%8E%92%E5%90%8D
燕;燕;1;中国姓氏排名 https://zh.wikipedia.org/wiki/%E4%B8%AD%E5%9B%BD%E5%A7%93%E6%B0%8F%E6%8E%92%E5%90%8D
楼;樓;1;中国姓氏排名 https://zh.wikipedia.org/wiki/%E4%B8%AD%E5%9B%BD%E5%A7%93%E6%B0%8F%E6%8E%92%E5%90%8D
海;海;1;中国姓氏排名 https://zh.wikipedia.org/wiki/%E4%B8%AD%E5%9B%BD%E5%A7%93%E6%B0%8F%E6%8E%92%E5%90%8D
练;練;1;中国姓氏排名 https://zh.wikipedia.org/wiki/%E4%B8%AD%E5%9B%BD%E5%A7%93%E6%B0%8F%E6%8E%92%E5%90%8D
国;國;1;中国姓氏排名 https://zh.wikipedia.org/wiki/%E4%B8%AD%E5%9B%BD%E5%A7%93%E6%B0%8F%E6%8E%92%E5%90%8D
雲;雲;1;中国姓氏排名 https://zh.wikipedia.org/wiki/%E4%B8%AD%E5%9B%BD%E5%A7%93%E6%B0%8F%E6%8E%92%E5%90%8D
浦;浦;1;中国姓氏排名 https://zh.wikipedia.org/wiki/%E4%B8%AD%E5%9B%BD%E5%A7%93%E6%B0%8F%E6%8E%92%E5%90%8D
乌;烏;1;中国姓氏排名 https://zh.wikipedia.org/wiki/%E4%B8%AD%E5%9B%BD%E5%A7%93%E6%B0%8F%E6%8E%92%E5%90%8D
宿;宿;1;中国姓氏排名 https://zh.wikipedia.org/wiki/%E4%B8%AD%E5%9B%BD%E5%A7%93%E6%B0%8F%E6%8E%92%E5%90%8D
玉;玉;1;中国姓氏排名 https://zh.wikipedia.org/wiki/%E4%B8%AD%E5%9B%BD%E5%A7%93%E6%B0%8F%E6%8E%92%E5%90%8D
茅;茅;1;中国姓氏排名 https://zh.wikipedia.org/wiki/%E4%B8%AD%E5%9B%BD%E5%A7%93%E6%B0%8F%E6%8E%92%E5%90%8D
斯;斯;1;中国姓氏排名 https://zh.wikipedia.org/wiki/%E4%B8%AD%E5%9B%BD%E5%A7%93%E6%B0%8F%E6%8E%92%E5%90%8D
幸;幸;1;中国姓氏排名 https://zh.wikipedia.org/wiki/%E4%B8%AD%E5%9B%BD%E5%A7%93%E6%B0%8F%E6%8E%92%E5%90%8D
一;一;1;中国姓氏排名 https://zh.wikipedia.org/wiki/%E4%B8%AD%E5%9B%BD%E5%A7%93%E6%B0%8F%E6%8E%92%E5%90%8D
二;二;1;中国姓氏排名 https://zh.wikipedia.org/wiki/%E4%B8%AD%E5%9B%BD%E5%A7%93%E6%B0%8F%E6%8E%92%E5%90%8D
三;三;1;中国姓氏排名 https://zh.wikipedia.org/wiki/%E4%B8%AD%E5%9B%BD%E5%A7%93%E6%B0%8F%E6%8E%92%E5%90%8D
四;四;1;中国姓氏排名 https://zh.wikipedia.org/wiki/%E4%B8%AD%E5%9B%BD%E5%A7%93%E6%B0%8F%E6%8E%92%E5%90%8D
五;五;1;中国姓氏排名 https://zh.wikipedia.org/wiki/%E4%B8%AD%E5%9B%BD%E5%A7%93%E6%B0%8F%E6%8E%92%E5%90%8D
六;六;1;中国姓氏排名 https://zh.wikipedia.org/wiki/%E4%B8%AD%E5%9B%BD%E5%A7%93%E6%B0%8F%E6%8E%92%E5%90%8D
七;七;1;中国姓氏排名 https://zh.wikipedia.org/wiki/%E4%B8%AD%E5%9B%BD%E5%A7%93%E6%B0%8F%E6%8E%92%E5%90%8D
八;八;1;中国姓氏排名 https://zh.wikipedia.org/wiki/%E4%B8%AD%E5%9B%BD%E5%A7%93%E6%B0%8F%E6%8E%92%E5%90%8D
九;九;1;中国姓氏排名 https://zh.wikipedia.org/wiki/%E4%B8%AD%E5%9B%BD%E5%A7%93%E6%B0%8F%E6%8E%92%E5%90%8D
十;十;1;中国姓氏排名 https://zh.wikipedia.org/wiki/%E4%B8%AD%E5%9B%BD%E5%A7%93%E6%B0%8F%E6%8E%92%E5%90%8D
百;百;1;中国姓氏排名 https://zh.wikipedia.org/wiki/%E4%B8%AD%E5%9B%BD%E5%A7%93%E6%B0%8F%E6%8E%92%E5%90%8D
千;千;1;中国姓氏排名 https://zh.wikipedia.org/wiki/%E4%B8%AD%E5%9B%BD%E5%A7%93%E6%B0%8F%E6%8E%92%E5%90%8D
亿;億;1;中国姓氏排名 https://zh.wikipedia.org/wiki/%E4%B8%AD%E5%9B%BD%E5%A7%93%E6%B0%8F%E6%8E%92%E5%90%8D
兆;兆;1;中国姓氏排名 https://zh.wikipedia.org/wiki/%E4%B8%AD%E5%9B%BD%E5%A7%93%E6%B0%8F%E6%8E%92%E5%90%8D
赤;赤;1;中国姓氏排名 https://zh.wikipedia.org/wiki/%E4%B8%AD%E5%9B%BD%E5%A7%93%E6%B0%8F%E6%8E%92%E5%90%8D
橙;橙;1;中国姓氏排名 https://zh.wikipedia.org/wiki/%E4%B8%AD%E5%9B%BD%E5%A7%93%E6%B0%8F%E6%8E%92%E5%90%8D
绿;綠;1;中国姓氏排名 https://zh.wikipedia.org/wiki/%E4%B8%AD%E5%9B%BD%E5%A7%93%E6%B0%8F%E6%8E%92%E5%90%8D
青;青;1;中国姓氏排名 https://zh.wikipedia.org/wiki/%E4%B8%AD%E5%9B%BD%E5%A7%93%E6%B0%8F%E6%8E%92%E5%90%8D
紫;紫;1;中国姓氏排名 https://zh.wikipedia.org/wiki/%E4%B8%AD%E5%9B%BD%E5%A7%93%E6%B0%8F%E6%8E%92%E5%90%8D
黑;黑;1;中国姓氏排名 https://zh.wikipedia.org/wiki/%E4%B8%AD%E5%9B%BD%E5%A7%93%E6%B0%8F%E6%8E%92%E5%90%8D
灰;灰;1;中国姓氏排名 https://zh.wikipedia.org/wiki/%E4%B8%AD%E5%9B%BD%E5%A7%93%E6%B0%8F%E6%8E%92%E5%90%8D
褐;褐;1;中国姓氏排名 https://zh.wikipedia.org/wiki/%E4%B8%AD%E5%9B%BD%E5%A7%93%E6%B0%8F%E6%8E%92%E5%90%8D
汉;漢;1;中国姓氏排名 https://zh.wikipedia.org/wiki/%E4%B8%AD%E5%9B%BD%E5%A7%93%E6%B0%8F%E6%8E%92%E5%90%8D
蜀;蜀;1;中国姓氏排名 https://zh.wikipedia.org/wiki/%E4%B8%AD%E5%9B%BD%E5%A7%93%E6%B0%8F%E6%8E%92%E5%90%8D
清;清;1;中国姓氏排名 https://zh.wikipedia.org/wiki/%E4%B8%AD%E5%9B%BD%E5%A7%93%E6%B0%8F%E6%8E%92%E5%90%8D
油;油;1;中国姓氏排名 https://zh.wikipedia.org/wiki/%E4%B8%AD%E5%9B%BD%E5%A7%93%E6%B0%8F%E6%8E%92%E5%90%8D
盐;鹽;1;中国姓氏排名 https://zh.wikipedia.org/wiki/%E4%B8%AD%E5%9B%BD%E5%A7%93%E6%B0%8F%E6%8E%92%E5%90%8D
茶;茶;1;中国姓氏排名 https://zh.wikipedia.org/wiki/%E4%B8%AD%E5%9B%BD%E5%A7%93%E6%B0%8F%E6%8E%92%E5%90%8D
酱;醬;1;中国姓氏排名 https://zh.wikipedia.org/wiki/%E4%B8%AD%E5%9B%BD%E5%A7%93%E6%B0%8F%E6%8E%92%E5%90%8D
醋;醋;1;中国姓氏排名 https://zh.wikipedia.org/wiki/%E4%B8%AD%E5%9B%BD%E5%A7%93%E6%B0%8F%E6%8E%92%E5%90%8D
上;上;1;中国姓氏排名 https://zh.wikipedia.org/wiki/%E4%B8%AD%E5%9B%BD%E5%A7%93%E6%B0%8F%E6%8E%92%E5%90%8D
升;升;1;中国姓氏排名 https://zh.wikipedia.org/wiki/%E4%B8%AD%E5%9B%BD%E5%A7%93%E6%B0%8F%E6%8E%92%E5%90%8D
月;月;1;中国姓氏排名 https://zh.wikipedia.org/wiki/%E4%B8%AD%E5%9B%BD%E5%A7%93%E6%B0%8F%E6%8E%92%E5%90%8D
天;天;1;中国姓氏排名 https://zh.wikipedia.org/wiki/%E4%B8%AD%E5%9B%BD%E5%A7%93%E6%B0%8F%E6%8E%92%E5%90%8D
涯;涯;1;中国姓氏排名 https://zh.wikipedia.org/wiki/%E4%B8%AD%E5%9B%BD%E5%A7%93%E6%B0%8F%E6%8E%92%E5%90%8D
共;共;1;中国姓氏排名 https://zh.wikipedia.org/wiki/%E4%B8%AD%E5%9B%BD%E5%A7%93%E6%B0%8F%E6%8E%92%E5%90%8D
此;此;1;中国姓氏排名 https://zh.wikipedia.org/wiki/%E4%B8%AD%E5%9B%BD%E5%A7%93%E6%B0%8F%E6%8E%92%E5%90%8D
后;後;1;中国姓氏排名 https://zh.wikipedia.org/wiki/%E4%B8%AD%E5%9B%BD%E5%A7%93%E6%B0%8F%E6%8E%92%E5%90%8D
肖;肖;1;中国姓氏排名 https://zh.wikipedia.org/wiki/%E4%B8%AD%E5%9B%BD%E5%A7%93%E6%B0%8F%E6%8E%92%E5%90%8D
闫;闫;1;中国姓氏排名 https://zh.wikipedia.org/wiki/%E4%B8%AD%E5%9B%BD%E5%A7%93%E6%B0%8F%E6%8E%92%E5%90%8D
付;付;1;中国姓氏排名 https://zh.wikipedia.org/wiki/%E4%B8%AD%E5%9B%BD%E5%A7%93%E6%B0%8F%E6%8E%92%E5%90%8D
代;代;1;中国姓氏排名 https://zh.wikipedia.org/wiki/%E4%B8%AD%E5%9B%BD%E5%A7%93%E6%B0%8F%E6%8E%92%E5%90%8D
丘;丘;1;中国姓氏排名 https://zh.wikipedia.org/wiki/%E4%B8%AD%E5%9B%BD%E5%A7%93%E6%B0%8F%E6%8E%92%E5%90%8D
畅;暢;1;中国姓氏排名 https://zh.wikipedia.org/wiki/%E4%B8%AD%E5%9B%BD%E5%A7%93%E6%B0%8F%E6%8E%92%E5%90%8D
占;占;1;中国姓氏排名 https://zh.wikipedia.org/wiki/%E4%B8%AD%E5%9B%BD%E5%A7%93%E6%B0%8F%E6%8E%92%E5%90%8D
泮;泮;1;中国姓氏排名 https://zh.wikipedia.org/wiki/%E4%B8%AD%E5%9B%BD%E5%A7%93%E6%B0%8F%E6%8E%92%E5%90%8D
凃;凃;1;中国姓氏排名 https://zh.wikipedia.org/wiki/%E4%B8%AD%E5%9B%BD%E5%A7%93%E6%B0%8F%E6%8E%92%E5%90%8D
昌;昌;1;中国姓氏排名 https://zh.wikipedia.org/wiki/%E4%B8%AD%E5%9B%BD%E5%A7%93%E6%B0%8F%E6%8E%92%E5%90%8D
扬;揚;1;中国姓氏排名 https://zh.wikipedia.org/wiki/%E4%B8%AD%E5%9B%BD%E5%A7%93%E6%B0%8F%E6%8E%92%E5%90%8D
未;未;1;中国姓氏排名 https://zh.wikipedia.org/wiki/%E4%B8%AD%E5%9B%BD%E5%A7%93%E6%B0%8F%E6%8E%92%E5%90%8D
木;木;1;中国姓氏排名 https://zh.wikipedia.org/wiki/%E4%B8%AD%E5%9B%BD%E5%A7%93%E6%B0%8F%E6%8E%92%E5%90%8D
腾;騰;1;中国姓氏排名 https://zh.wikipedia.org/wiki/%E4%B8%AD%E5%9B%BD%E5%A7%93%E6%B0%8F%E6%8E%92%E5%90%8D
励;勵;1;中国姓氏排名 https://zh.wikipedia.org/wiki/%E4%B8%AD%E5%9B%BD%E5%A7%93%E6%B0%8F%E6%8E%92%E5%90%8D
竺;竺;1;中国姓氏排名 https://zh.wikipedia.org/wiki/%E4%B8%AD%E5%9B%BD%E5%A7%93%E6%B0%8F%E6%8E%92%E5%90%8D
刚;剛;1;中国姓氏排名 https://zh.wikipedia.org/wiki/%E4%B8%AD%E5%9B%BD%E5%A7%93%E6%B0%8F%E6%8E%92%E5%90%8D
宇;宇;1;中国姓氏排名 https://zh.wikipedia.org/wiki/%E4%B8%AD%E5%9B%BD%E5%A7%93%E6%B0%8F%E6%8E%92%E5%90%8D
折;折;1;中国姓氏排名 https://zh.wikipedia.org/wiki/%E4%B8%AD%E5%9B%BD%E5%A7%93%E6%B0%8F%E6%8E%92%E5%90%8D
糜;糜;1;中国姓氏排名 https://zh.wikipedia.org/wiki/%E4%B8%AD%E5%9B%BD%E5%A7%93%E6%B0%8F%E6%8E%92%E5%90%8D
崇;崇;1;中国姓氏排名 https://zh.wikipedia.org/wiki/%E4%B8%AD%E5%9B%BD%E5%A7%93%E6%B0%8F%E6%8E%92%E5%90%8D
东;東;1;中国姓氏排名 https://zh.wikipedia.org/wiki/%E4%B8%AD%E5%9B%BD%E5%A7%93%E6%B0%8F%E6%8E%92%E5%90%8D
臺;臺;1;中国姓氏排名 https://zh.wikipedia.org/wiki/%E4%B8%AD%E5%9B%BD%E5%A7%93%E6%B0%8F%E6%8E%92%E5%90%8D
伦;倫;1;中国姓氏排名 https://zh.wikipedia.org/wiki/%E4%B8%AD%E5%9B%BD%E5%A7%93%E6%B0%8F%E6%8E%92%E5%90%8D
候;候;1;中国姓氏排名 https://zh.wikipedia.org/wiki/%E4%B8%AD%E5%9B%BD%E5%A7%93%E6%B0%8F%E6%8E%92%E5%90%8D
僧;僧;1;中国姓氏排名 https://zh.wikipedia.org/wiki/%E4%B8%AD%E5%9B%BD%E5%A7%93%E6%B0%8F%E6%8E%92%E5%90%8D
习;習;1;中国姓氏排名 https://zh.wikipedia.org/wiki/%E4%B8%AD%E5%9B%BD%E5%A7%93%E6%B0%8F%E6%8E%92%E5%90%8D
先;先;1;中国姓氏排名 https://zh.wikipedia.org/wiki/%E4%B8%AD%E5%9B%BD%E5%A7%93%E6%B0%8F%E6%8E%92%E5%90%8D
蔚;蔚;1;中国姓氏排名 https://zh.wikipedia.org/wiki/%E4%B8%AD%E5%9B%BD%E5%A7%93%E6%B0%8F%E6%8E%92%E5%90%8D
税;稅;1;中国姓氏排名 https://zh.wikipedia.org/wiki/%E4%B8%AD%E5%9B%BD%E5%A7%93%E6%B0%8F%E6%8E%92%E5%90%8D
谯;谯;1;中国姓氏排名 https://zh.wikipedia.org/wiki/%E4%B8%AD%E5%9B%BD%E5%A7%93%E6%B0%8F%E6%8E%92%E5%90%8D
濮;濮;1;中国姓氏排名 https://zh.wikipedia.org/wiki/%E4%B8%AD%E5%9B%BD%E5%A7%93%E6%B0%8F%E6%8E%92%E5%90%8D
基;基;1;中国姓氏排名 https://zh.wikipedia.org/wiki/%E4%B8%AD%E5%9B%BD%E5%A7%93%E6%B0%8F%E6%8E%92%E5%90%8D
寿;壽;1;中国姓氏排名 https://zh.wikipedia.org/wiki/%E4%B8%AD%E5%9B%BD%E5%A7%93%E6%B0%8F%E6%8E%92%E5%90%8D
酆;酆;1;中国姓氏排名 https://zh.wikipedia.org/wiki/%E4%B8%AD%E5%9B%BD%E5%A7%93%E6%B0%8F%E6%8E%92%E5%90%8D
苻;苻;1;中国姓氏排名 https://zh.wikipedia.org/wiki/%E4%B8%AD%E5%9B%BD%E5%A7%93%E6%B0%8F%E6%8E%92%E5%90%8D
保;保;1;中国姓氏排名 https://zh.wikipedia.org/wiki/%E4%B8%AD%E5%9B%BD%E5%A7%93%E6%B0%8F%E6%8E%92%E5%90%8D
郗;郗;1;中国姓氏排名 https://zh.wikipedia.org/wiki/%E4%B8%AD%E5%9B%BD%E5%A7%93%E6%B0%8F%E6%8E%92%E5%90%8D
渠;渠;1;中国姓氏排名 https://zh.wikipedia.org/wiki/%E4%B8%AD%E5%9B%BD%E5%A7%93%E6%B0%8F%E6%8E%92%E5%90%8D
琚;琚;1;中国姓氏排名 https://zh.wikipedia.org/wiki/%E4%B8%AD%E5%9B%BD%E5%A7%93%E6%B0%8F%E6%8E%92%E5%90%8D
仁;仁;1;中国姓氏排名 https://zh.wikipedia.org/wiki/%E4%B8%AD%E5%9B%BD%E5%A7%93%E6%B0%8F%E6%8E%92%E5%90%8D
矫;矯;1;中国姓氏排名 https://zh.wikipedia.org/wiki/%E4%B8%AD%E5%9B%BD%E5%A7%93%E6%B0%8F%E6%8E%92%E5%90%8D
巢;巢;1;中国姓氏排名 https://zh.wikipedia.org/wiki/%E4%B8%AD%E5%9B%BD%E5%A7%93%E6%B0%8F%E6%8E%92%E5%90%8D
茆;茆;1;中国姓氏排名 https://zh.wikipedia.org/wiki/%E4%B8%AD%E5%9B%BD%E5%A7%93%E6%B0%8F%E6%8E%92%E5%90%8D
鱼;魚;1;中国姓氏排名 https://zh.wikipedia.org/wiki/%E4%B8%AD%E5%9B%BD%E5%A7%93%E6%B0%8F%E6%8E%92%E5%90%8D
凡;凡;1;中国姓氏排名 https://zh.wikipedia.org/wiki/%E4%B8%AD%E5%9B%BD%E5%A7%93%E6%B0%8F%E6%8E%92%E5%90%8D
淡;淡;1;中国姓氏排名 https://zh.wikipedia.org/wiki/%E4%B8%AD%E5%9B%BD%E5%A7%93%E6%B0%8F%E6%8E%92%E5%90%8D
弓;弓;1;中国姓氏排名 https://zh.wikipedia.org/wiki/%E4%B8%AD%E5%9B%BD%E5%A7%93%E6%B0%8F%E6%8E%92%E5%90%8D
住;住;1;中国姓氏排名 https://zh.wikipedia.org/wiki/%E4%B8%AD%E5%9B%BD%E5%A7%93%E6%B0%8F%E6%8E%92%E5%90%8D
汝;汝;1;中国姓氏排名 https://zh.wikipedia.org/wiki/%E4%B8%AD%E5%9B%BD%E5%A7%93%E6%B0%8F%E6%8E%92%E5%90%8D
历;曆;1;中国姓氏排名 https://zh.wikipedia.org/wiki/%E4%B8%AD%E5%9B%BD%E5%A7%93%E6%B0%8F%E6%8E%92%E5%90%8D
幺;幺;1;中国姓氏排名 https://zh.wikipedia.org/wiki/%E4%B8%AD%E5%9B%BD%E5%A7%93%E6%B0%8F%E6%8E%92%E5%90%8D
贡;貢;1;中国姓氏排名 https://zh.wikipedia.org/wiki/%E4%B8%AD%E5%9B%BD%E5%A7%93%E6%B0%8F%E6%8E%92%E5%90%8D
妙;妙;1;中国姓氏排名 https://zh.wikipedia.org/wiki/%E4%B8%AD%E5%9B%BD%E5%A7%93%E6%B0%8F%E6%8E%92%E5%90%8D
荀;荀;1;中国姓氏排名 https://zh.wikipedia.org/wiki/%E4%B8%AD%E5%9B%BD%E5%A7%93%E6%B0%8F%E6%8E%92%E5%90%8D
粱;粱;1;中国姓氏排名 https://zh.wikipedia.org/wiki/%E4%B8%AD%E5%9B%BD%E5%A7%93%E6%B0%8F%E6%8E%92%E5%90%8D
随;隨;1;中国姓氏排名 https://zh.wikipedia.org/wiki/%E4%B8%AD%E5%9B%BD%E5%A7%93%E6%B0%8F%E6%8E%92%E5%90%8D
雒;雒;1;中国姓氏排名 https://zh.wikipedia.org/wiki/%E4%B8%AD%E5%9B%BD%E5%A7%93%E6%B0%8F%E6%8E%92%E5%90%8D
贝;貝;1;中国姓氏排名 https://zh.wikipedia.org/wiki/%E4%B8%AD%E5%9B%BD%E5%A7%93%E6%B0%8F%E6%8E%92%E5%90%8D
录;錄;1;中国姓氏排名 https://zh.wikipedia.org/wiki/%E4%B8%AD%E5%9B%BD%E5%A7%93%E6%B0%8F%E6%8E%92%E5%90%8D
种;種;1;中国姓氏排名 https://zh.wikipedia.org/wiki/%E4%B8%AD%E5%9B%BD%E5%A7%93%E6%B0%8F%E6%8E%92%E5%90%8D
罡;罡;1;中国姓氏排名 https://zh.wikipedia.org/wiki/%E4%B8%AD%E5%9B%BD%E5%A7%93%E6%B0%8F%E6%8E%92%E5%90%8D
缠;纏;1;中国姓氏排名 https://zh.wikipedia.org/wiki/%E4%B8%AD%E5%9B%BD%E5%A7%93%E6%B0%8F%E6%8E%92%E5%90%8D
菅;菅;1;中国姓氏排名 https://zh.wikipedia.org/wiki/%E4%B8%AD%E5%9B%BD%E5%A7%93%E6%B0%8F%E6%8E%92%E5%90%8D
潭;潭;1;中国姓氏排名 https://zh.wikipedia.org/wiki/%E4%B8%AD%E5%9B%BD%E5%A7%93%E6%B0%8F%E6%8E%92%E5%90%8D
佐;佐;1;中国姓氏排名 https://zh.wikipedia.org/wiki/%E4%B8%AD%E5%9B%BD%E5%A7%93%E6%B0%8F%E6%8E%92%E5%90%8D
字;字;1;中国姓氏排名 https://zh.wikipedia.org/wiki/%E4%B8%AD%E5%9B%BD%E5%A7%93%E6%B0%8F%E6%8E%92%E5%90%8D
双;雙;1;中国姓氏排名 https://zh.wikipedia.org/wiki/%E4%B8%AD%E5%9B%BD%E5%A7%93%E6%B0%8F%E6%8E%92%E5%90%8D
綦;綦;1;中国姓氏排名 https://zh.wikipedia.org/wiki/%E4%B8%AD%E5%9B%BD%E5%A7%93%E6%B0%8F%E6%8E%92%E5%90%8D
美;美;1;中国姓氏排名 https://zh.wikipedia.org/wiki/%E4%B8%AD%E5%9B%BD%E5%A7%93%E6%B0%8F%E6%8E%92%E5%90%8D
钮;鈕;1;中国姓氏排名 https://zh.wikipedia.org/wiki/%E4%B8%AD%E5%9B%BD%E5%A7%93%E6%B0%8F%E6%8E%92%E5%90%8D
火;火;1;中国姓氏排名 https://zh.wikipedia.org/wiki/%E4%B8%AD%E5%9B%BD%E5%A7%93%E6%B0%8F%E6%8E%92%E5%90%8D
圣;聖;1;中国姓氏排名 https://zh.wikipedia.org/wiki/%E4%B8%AD%E5%9B%BD%E5%A7%93%E6%B0%8F%E6%8E%92%E5%90%8D
颉;颉;1;中国姓氏排名 https://zh.wikipedia.org/wiki/%E4%B8%AD%E5%9B%BD%E5%A7%93%E6%B0%8F%E6%8E%92%E5%90%8D
从;從;1;中国姓氏排名 https://zh.wikipedia.org/wiki/%E4%B8%AD%E5%9B%BD%E5%A7%93%E6%B0%8F%E6%8E%92%E5%90%8D
靖;靖;1;中国姓氏排名 https://zh.wikipedia.org/wiki/%E4%B8%AD%E5%9B%BD%E5%A7%93%E6%B0%8F%E6%8E%92%E5%90%8D
禤;禤;1;中国姓氏排名 https://zh.wikipedia.org/wiki/%E4%B8%AD%E5%9B%BD%E5%A7%93%E6%B0%8F%E6%8E%92%E5%90%8D
开;開;1;中国姓氏排名 https://zh.wikipedia.org/wiki/%E4%B8%AD%E5%9B%BD%E5%A7%93%E6%B0%8F%E6%8E%92%E5%90%8D
补;補;1;中国姓氏排名 https://zh.wikipedia.org/wiki/%E4%B8%AD%E5%9B%BD%E5%A7%93%E6%B0%8F%E6%8E%92%E5%90%8D
虎;虎;1;中国姓氏排名 https://zh.wikipedia.org/wiki/%E4%B8%AD%E5%9B%BD%E5%A7%93%E6%B0%8F%E6%8E%92%E5%90%8D
才;才;1;中国姓氏排名 https://zh.wikipedia.org/wiki/%E4%B8%AD%E5%9B%BD%E5%A7%93%E6%B0%8F%E6%8E%92%E5%90%8D
布;布;1;中国姓氏排名 https://zh.wikipedia.org/wiki/%E4%B8%AD%E5%9B%BD%E5%A7%93%E6%B0%8F%E6%8E%92%E5%90%8D
邦;邦;1;中国姓氏排名 https://zh.wikipedia.org/wiki/%E4%B8%AD%E5%9B%BD%E5%A7%93%E6%B0%8F%E6%8E%92%E5%90%8D
仉;仉;1;中国姓氏排名 https://zh.wikipedia.org/wiki/%E4%B8%AD%E5%9B%BD%E5%A7%93%E6%B0%8F%E6%8E%92%E5%90%8D
旷;曠;1;中国姓氏排名 https://zh.wikipedia.org/wiki/%E4%B8%AD%E5%9B%BD%E5%A7%93%E6%B0%8F%E6%8E%92%E5%90%8D
药;藥;1;中国姓氏排名 https://zh.wikipedia.org/wiki/%E4%B8%AD%E5%9B%BD%E5%A7%93%E6%B0%8F%E6%8E%92%E5%90%8D
逄;逄;1;中国姓氏排名 https://zh.wikipedia.org/wiki/%E4%B8%AD%E5%9B%BD%E5%A7%93%E6%B0%8F%E6%8E%92%E5%90%8D
造;造;1;中国姓氏排名 https://zh.wikipedia.org/wiki/%E4%B8%AD%E5%9B%BD%E5%A7%93%E6%B0%8F%E6%8E%92%E5%90%8D
扆;扆;1;中国姓氏排名 https://zh.wikipedia.org/wiki/%E4%B8%AD%E5%9B%BD%E5%A7%93%E6%B0%8F%E6%8E%92%E5%90%8D
暴;暴;1;中国姓氏排名 https://zh.wikipedia.org/wiki/%E4%B8%AD%E5%9B%BD%E5%A7%93%E6%B0%8F%E6%8E%92%E5%90%8D
庚;庚;1;中国姓氏排名 https://zh.wikipedia.org/wiki/%E4%B8%AD%E5%9B%BD%E5%A7%93%E6%B0%8F%E6%8E%92%E5%90%8D
降;降;1;中国姓氏排名 https://zh.wikipedia.org/wiki/%E4%B8%AD%E5%9B%BD%E5%A7%93%E6%B0%8F%E6%8E%92%E5%90%8D
奕;奕;1;中国姓氏排名 https://zh.wikipedia.org/wiki/%E4%B8%AD%E5%9B%BD%E5%A7%93%E6%B0%8F%E6%8E%92%E5%90%8D
鐘;鐘;1;中国姓氏排名 https://zh.wikipedia.org/wiki/%E4%B8%AD%E5%9B%BD%E5%A7%93%E6%B0%8F%E6%8E%92%E5%90%8D
问;問;1;中国姓氏排名 https://zh.wikipedia.org/wiki/%E4%B8%AD%E5%9B%BD%E5%A7%93%E6%B0%8F%E6%8E%92%E5%90%8D
招;招;1;中国姓氏排名 https://zh.wikipedia.org/wiki/%E4%B8%AD%E5%9B%BD%E5%A7%93%E6%B0%8F%E6%8E%92%E5%90%8D
贵;貴;1;中国姓氏排名 https://zh.wikipedia.org/wiki/%E4%B8%AD%E5%9B%BD%E5%A7%93%E6%B0%8F%E6%8E%92%E5%90%8D
山;山;1;中国姓氏排名 https://zh.wikipedia.org/wiki/%E4%B8%AD%E5%9B%BD%E5%A7%93%E6%B0%8F%E6%8E%92%E5%90%8D
巨;巨;1;中国姓氏排名 https://zh.wikipedia.org/wiki/%E4%B8%AD%E5%9B%BD%E5%A7%93%E6%B0%8F%E6%8E%92%E5%90%8D
厚;厚;1;中国姓氏排名 https://zh.wikipedia.org/wiki/%E4%B8%AD%E5%9B%BD%E5%A7%93%E6%B0%8F%E6%8E%92%E5%90%8D
恽;恽;1;中国姓氏排名 https://zh.wikipedia.org/wiki/%E4%B8%AD%E5%9B%BD%E5%A7%93%E6%B0%8F%E6%8E%92%E5%90%8D
过;過;1;中国姓氏排名 https://zh.wikipedia.org/wiki/%E4%B8%AD%E5%9B%BD%E5%A7%93%E6%B0%8F%E6%8E%92%E5%90%8D
达;達;1;中国姓氏排名 https://zh.wikipedia.org/wiki/%E4%B8%AD%E5%9B%BD%E5%A7%93%E6%B0%8F%E6%8E%92%E5%90%8D
邴;邴;1;中国姓氏排名 https://zh.wikipedia.org/wiki/%E4%B8%AD%E5%9B%BD%E5%A7%93%E6%B0%8F%E6%8E%92%E5%90%8D
咸;鹹;1;中国姓氏排名 https://zh.wikipedia.org/wiki/%E4%B8%AD%E5%9B%BD%E5%A7%93%E6%B0%8F%E6%8E%92%E5%90%8D
洛;洛;1;中国姓氏排名 https://zh.wikipedia.org/wiki/%E4%B8%AD%E5%9B%BD%E5%A7%93%E6%B0%8F%E6%8E%92%E5%90%8D
忻;忻;1;中国姓氏排名 https://zh.wikipedia.org/wiki/%E4%B8%AD%E5%9B%BD%E5%A7%93%E6%B0%8F%E6%8E%92%E5%90%8D
化;化;1;中国姓氏排名 https://zh.wikipedia.org/wiki/%E4%B8%AD%E5%9B%BD%E5%A7%93%E6%B0%8F%E6%8E%92%E5%90%8D
户;戶;1;中国姓氏排名 https://zh.wikipedia.org/wiki/%E4%B8%AD%E5%9B%BD%E5%A7%93%E6%B0%8F%E6%8E%92%E5%90%8D
毋;毋;1;中国姓氏排名 https://zh.wikipedia.org/wiki/%E4%B8%AD%E5%9B%BD%E5%A7%93%E6%B0%8F%E6%8E%92%E5%90%8D
同;同;1;中国姓氏排名 https://zh.wikipedia.org/wiki/%E4%B8%AD%E5%9B%BD%E5%A7%93%E6%B0%8F%E6%8E%92%E5%90%8D
别;別;1;中国姓氏排名 https://zh.wikipedia.org/wiki/%E4%B8%AD%E5%9B%BD%E5%A7%93%E6%B0%8F%E6%8E%92%E5%90%8D
甯;甯;1;中国姓氏排名 https://zh.wikipedia.org/wiki/%E4%B8%AD%E5%9B%BD%E5%A7%93%E6%B0%8F%E6%8E%92%E5%90%8D
冮;冮;1;中国姓氏排名 https://zh.wikipedia.org/wiki/%E4%B8%AD%E5%9B%BD%E5%A7%93%E6%B0%8F%E6%8E%92%E5%90%8D
哀;哀;1;中国姓氏排名 https://zh.wikipedia.org/wiki/%E4%B8%AD%E5%9B%BD%E5%A7%93%E6%B0%8F%E6%8E%92%E5%90%8D