Surname,number of individuals
丁,2905
万,3
上官,105
下,1
么,13
尹,909
于,1905
亓,2
五,2
井,17
亢,31
亣,3
亷,41
仇,100
仉,35
仝,40
令,3
仲,36
仵,4
任,1712
伊,111
伍,664
伏,54
伯,3
伹,9
但,33
何,5610
佘,90
余,2913
佟,148
來,88
侯,879
保,5
俞,1706
修,34
俸,77
倉,57
候,2
倪,682
倭,1
傅,2215
傳,10
儂,6
儲,145
兀,6
允,5
元,34
光,10
党,135
全,138
公,43
典,5
冀,50
冉,115
冐,5
冒,35
冠,15
㓂,11
冦,3
冨,1
冯,10
冷,179
凃,34
凌,355
刀,1
刁,44
刑,8
初,19
劉,21772
力,37
劭,12
勞,267
勵,2
包,405
匡,42
區,452
千,12
卓,199
南,82
卜,101
卞,121
卯,23
印,7
危,177
厚,18
厝,5
原,75
厲,65
及,24
叚,196
叢,2
古,375
句,3
史,1807
司,98
司徒,123
司空,7
吉,90
向,331
吕,27
吳,12871
吴,25
呂,2589
呉,2
周,10835
呼延,64
和,72
咎,11
哀,1
哈,49
員,15
唐,2878
商,203
問,51
喇,9
喬,612
單,545
喻,447
嚝,1
嚴,1272
國,47
塗,15
壬,15
壽,95
夏,2068
夘,8
太史,2
奉,2
奚,32
奧,29
姒,6
姚,3013
姜,1101
姬,32
娰,24
婁,340
孔,3142
存,1
孝,9
孟,1168
季,129
孫,8151
學,1
安,537
安平,5
宋,2456
宓,24
宗,190
官,106
定,6
宛,29
宣,58
宮,83
宸,1
容,173
密,13
寇,115
富,32
寗,7
實,14
寧,17
寶,4
寸,25
封,4
尉,109
尋,69
尚,361
尤,54
尼,21
居,62
屈,264
展,10
屠,366
山,5
岑,321
岳,203
崔,1910
嵇,105
嵩,1
巖,8
巢,124
左,815
巨,38
巫,45
巴,16
帅,5
帖,1
帛,2
帥,43
師,77
席,302
常,896
干,6
平,146
幸,11
庚,14
庭,46
康,384
庾,4
廉,54
廖,1675
廣,5
廬,31
龐,165
张,33
弭,16
張,30112
強,94
彭,2868
徐,9587
念,3
忻,54
恭,12
惠,101
惲,176
愉,8
慎,23
慕,27
慶,114
憓,5
憨,10
應,228
戈,86
戊,2
戌,2
戎,10
成,422
戚,207
戰,2
戴,1513
房,114
扈,9
承,1
把,2
招,94
接,1
揚,8
揭,111
據,3
支,71
敖,188
敬,102
文,635
斌,4
斯,91
方,2743
於,27
施,1261
斿,21
旃,15
昌,50
明,46
易,720
昝,17
星,10
晁,71
時,154
晉,47
晏,197
曽,3
景,296
暢,24
暨,10
暴,6
曠,38
曲,138
曹,3257
曾,2859
有,17
木,4
未,1
朱,9129
朴,9
朵,14
朶,16
朿,41
李,29744
杜,1917
束,2
杨,6
杭,5
林,4582
果,10
柏,16
查,639
柯,268
柳,332
柴,273
栗,54
校,30
桂,234
桑,70
梁,3699
梅,346
植,52
楊,13178
楚,39
業,24
榮,86
樂,116
樊,618
樓,179
樹,2
橋,1
檀,44
權,90
欒,111
歐,152
歐陽,837
步,169
武,772
歸,65
段,790
殷,529
毛,761
水,127
汝,23
江,2005
江南,2
池,35
汪,4394
汪張,10
沈,5895
沙,140
況,23
法,2
泰,31
洗,50
洙,1
洛,1
洪,934
浦,13
海,11
涂,469
淩,453
淶,22
渠,54
游,164
渾,1
湖,2
湛,43
湯,1236
溫,764
滑,2
滕,181
滿,1
漆,65
潘,3097
潛,21
濟,1
濮,144
炘,1
烏,13
焦,299
煇,6
熊,1956
熬,3
燕,52
牛,426
牟,140
狄,100
猶,7
玉,2
王,32575
王余,8
班,8
璩,33
瓦,46
甄,6
甌,8
甘,395
生,32
甯,354
田,1718
由,9
甲,1
申,454
畢,424
疏,10
白,1286
皇甫,22
皮,109
皺,3
盛,763
盤,31
盧,1592
相,9
睦,1
瞿,409
矛,1
矯,9
石,1415
祁,354
祖,218
祝,898
福,2
禮,2
萬,1442
秋,79
秦,1727
程,3549
稽,74
穆,32
竇,324
童,1013
端,12
端木,11
竹,3
竺,26
符,86
管,474
範,10
簡,26
籍,29
米,113
粟,76
糜,42
紀,415
紹,2
經,20
維,2
線,5
練,5
縻,16
繁,2
繆,353
繳,2
罕,6
羅,3826
翁,454
翕,2
翟,757
翰,7
䎕,1
老,4
者,28
耿,359
聂,2
聊,1
聖,9
聞,167
聶,631
肓,13
胡,7363
能,5
脫,2
膞,1
臣,1
臧,130
自,2
舒,710
色,3
艾,312
芮,8
花,47
芶,5
苑,43
苗,226
苟,10
苪,2
范,2523
茅,107
茍,14
茒,8
茹,210
荀,17
荊,203
莊,840
莗,1
莫,633
菇,4
菜,5
華,803
萧,12
葉,3456
葛,1158
葢,22
董,2377
葵,1
蒋,12
蒙,186
蒯,144
蒲,245
蒿,4
蓋,49
蔚,2
蔡,2351
蔣,2919
蕢,1
蕭,2748
薄,30
薛,1369
薩,116
薰,3
藍,329
蘇,2009
蘭,112
蘿,2
虞,144
螘,5
衛,163
衷,75
袁,2617
裔,7
裕,2
裘,389
裴,477
褚,308
襲,2
覃,128
解,233
言,115
計,96
記,3
許,3583
許鄧,32
詹,215
誠,4
談,192
諱,1
諶,41
諸,127
諸葛,54
謝,4585
譚,1529
讓,47
谢,6
谷,195
貝,76
貟,29
貢,42
貴,1
費,288
賀,1185
賁,2
賈,999
賓,16
賔,18
賴,597
赫,4
趙,8460
路,253
蹇,37
車,396
軍,10
軒轅,3
轉,14
辛,113
辜,48
農,59
逄,10
逍,3
逢,37
連,251
逮,8
逯,34
遆,8
遊,6
過,15
達,24
遲,18
邊,133
邢,496
邰,42
邱,1167
邵,1090
邸,22
郁,133
郎,146
郗,15
郜,5
郝,899
郟,2
郭,4376
都,24
鄒,1679
鄔,177
鄜,6
鄢,45
鄧,2275
鄭,5074
鄷,3
鄺,80
酆,18
酈,104
采,5
金,2667
釗,1
鈕,284
鉄,2
銀,13
錢,2422
鍾,1722
鎖,15
鐘,43
鐵,4
鐸,3
铁,1
锺,1
門,32
閃,12
閆,34
間,1
閔,219
関,1
閣,2
閻,890
闗,20
關,592
闞,22
阮,816
陆,4
陈,4
降,26
陰,114
陳,24476
陶,1721
陸,3176
陽,130
隆,42
隨,37
雒,41
雲,35
雷,1201
霍,248
青,15
靖,4
革,1
靳,377
鞏,11
鞠,96
韋,325
韓,3073
章,2529
項,437
顏,468
顧,2096
餘,7
饒,855
首,12
馬,5270
馮,3151
駱,434
高,4522
魏,1537
魯,685
鮑,740
鮮,13
鰲,2
鳳,5
鳴,2
鹿,249
麗,2
麟,1
麥,231
麻,47
黃,11104
黄,22
黎,761
黑,3
黨,33
鼐,2
齊,689
龍,923
龎,68
龔,1360
