王;1;CGED-Q
張;1;CGED-Q
李;1;CGED-Q
陳;1;CGED-Q
劉;1;CGED-Q
楊;1;CGED-Q
吳;1;CGED-Q
黃;1;CGED-Q
周;1;CGED-Q
徐;1;CGED-Q
朱;1;CGED-Q
趙;1;CGED-Q
孫;1;CGED-Q
胡;1;CGED-Q
沈;1;CGED-Q
何;1;CGED-Q
馬;1;CGED-Q
鄭;1;CGED-Q
謝;1;CGED-Q
林;1;CGED-Q
高;1;CGED-Q
汪;1;CGED-Q
郭;1;CGED-Q
羅;1;CGED-Q
梁;1;CGED-Q
許;1;CGED-Q
程;1;CGED-Q
葉;1;CGED-Q
曹;1;CGED-Q
陸;1;CGED-Q
馮;1;CGED-Q
孔;1;CGED-Q
潘;1;CGED-Q
韓;1;CGED-Q
姚;1;CGED-Q
唐;1;CGED-Q
蔣;1;CGED-Q
余;1;CGED-Q
彭;1;CGED-Q
丁;1;CGED-Q
曾;1;CGED-Q
蕭;1;CGED-Q
方;1;CGED-Q
金;1;CGED-Q
袁;1;CGED-Q
呂;1;CGED-Q
章;1;CGED-Q
范;1;CGED-Q
宋;1;CGED-Q
錢;1;CGED-Q
董;1;CGED-Q
蔡;1;CGED-Q
鄧;1;CGED-Q
傅;1;CGED-Q
顧;1;CGED-Q
夏;1;CGED-Q
蘇;1;CGED-Q
江;1;CGED-Q
熊;1;CGED-Q
杜;1;CGED-Q
于;1;CGED-Q
崔;1;CGED-Q
史;1;CGED-Q
秦;1;CGED-Q
鍾;1;CGED-Q
陶;1;CGED-Q
田;1;CGED-Q
俞;1;CGED-Q
廖;1;CGED-Q
鄒;1;CGED-Q
任;1;CGED-Q
盧;1;CGED-Q
譚;1;CGED-Q
魏;1;CGED-Q
戴;1;CGED-Q
萬;1;CGED-Q
石;1;CGED-Q
薛;1;CGED-Q
龔;1;CGED-Q
白;1;CGED-Q
嚴;1;CGED-Q
施;1;CGED-Q
湯;1;CGED-Q
雷;1;CGED-Q
賀;1;CGED-Q
邱;1;CGED-Q
葛;1;CGED-Q
孟;1;CGED-Q
邵;1;CGED-Q
姜;1;CGED-Q
童;1;CGED-Q
賈;1;CGED-Q
龍;1;CGED-Q
洪;1;CGED-Q
尹;1;CGED-Q
祝;1;CGED-Q
閻;1;CGED-Q
常;1;CGED-Q
郝;1;CGED-Q
侯;1;CGED-Q
饒;1;CGED-Q
莊;1;CGED-Q
左;1;CGED-Q
阮;1;CGED-Q
華;1;CGED-Q
段;1;CGED-Q
溫;1;CGED-Q
武;1;CGED-Q
盛;1;CGED-Q
毛;1;CGED-Q
黎;1;CGED-Q
翟;1;CGED-Q
鮑;1;CGED-Q
易;1;CGED-Q
舒;1;CGED-Q
齊;1;CGED-Q
倪;1;CGED-Q
魯;1;CGED-Q
伍;1;CGED-Q
查;1;CGED-Q
文;1;CGED-Q
莫;1;CGED-Q
聶;1;CGED-Q
樊;1;CGED-Q
喬;1;CGED-Q
賴;1;CGED-Q
關;1;CGED-Q
單;1;CGED-Q
安;1;CGED-Q
殷;1;CGED-Q
邢;1;CGED-Q
涂;1;CGED-Q
管;1;CGED-Q
裴;1;CGED-Q
顏;1;CGED-Q
申;1;CGED-Q
淩;1;CGED-Q
翁;1;CGED-Q
區;1;CGED-Q
喻;1;CGED-Q
項;1;CGED-Q
駱;1;CGED-Q
畢;1;CGED-Q
牛;1;CGED-Q
成;1;CGED-Q
紀;1;CGED-Q
瞿;1;CGED-Q
包;1;CGED-Q
甘;1;CGED-Q
車;1;CGED-Q
裘;1;CGED-Q
古;1;CGED-Q
康;1;CGED-Q
尚;1;CGED-Q
靳;1;CGED-Q
屠;1;CGED-Q
祁;1;CGED-Q
甯;1;CGED-Q
耿;1;CGED-Q
凌;1;CGED-Q
繆;1;CGED-Q
婁;1;CGED-Q
梅;1;CGED-Q
柳;1;CGED-Q
向;1;CGED-Q
藍;1;CGED-Q
岑;1;CGED-Q
韋;1;CGED-Q
艾;1;CGED-Q
竇;1;CGED-Q
席;1;CGED-Q
褚;1;CGED-Q
景;1;CGED-Q
鈕;1;CGED-Q
焦;1;CGED-Q
費;1;CGED-Q
柴;1;CGED-Q
柯;1;CGED-Q
勞;1;CGED-Q
屈;1;CGED-Q
霍;1;CGED-Q
鹿;1;CGED-Q
路;1;CGED-Q
連;1;CGED-Q
蒲;1;CGED-Q
解;1;CGED-Q
桂;1;CGED-Q
應;1;CGED-Q
苗;1;CGED-Q
麥;1;CGED-Q
祖;1;CGED-Q
詹;1;CGED-Q
閔;1;CGED-Q
茹;1;CGED-Q
商;1;CGED-Q
戚;1;CGED-Q
荊;1;CGED-Q
谷;1;CGED-Q
岳;1;CGED-Q
卓;1;CGED-Q
談;1;CGED-Q
晏;1;CGED-Q
蒙;1;CGED-Q
敖;1;CGED-Q
危;1;CGED-Q
宗;1;CGED-Q
冷;1;CGED-Q
鄔;1;CGED-Q
滕;1;CGED-Q
容;1;CGED-Q
惲;1;CGED-Q
樓;1;CGED-Q
步;1;CGED-Q
叚;1;CGED-Q
聞;1;CGED-Q
游;1;CGED-Q
衛;1;CGED-Q
龐;1;CGED-Q
時;1;CGED-Q
歐;1;CGED-Q
平;1;CGED-Q
濮;1;CGED-Q
牟;1;CGED-Q
郎;1;CGED-Q
虞;1;CGED-Q
佟;1;CGED-Q
蒯;1;CGED-Q
儲;1;CGED-Q
曲;1;CGED-Q
全;1;CGED-Q
沙;1;CGED-Q
陽;1;CGED-Q
郁;1;CGED-Q
水;1;CGED-Q
臧;1;CGED-Q
邊;1;CGED-Q
諸;1;CGED-Q
党;1;CGED-Q
季;1;CGED-Q
覃;1;CGED-Q
巢;1;CGED-Q
卞;1;CGED-Q
薩;1;CGED-Q
伊;1;CGED-Q
寇;1;CGED-Q
樂;1;CGED-Q
陰;1;CGED-Q
言;1;CGED-Q
冉;1;CGED-Q
慶;1;CGED-Q
房;1;CGED-Q
揭;1;CGED-Q
皮;1;CGED-Q
茅;1;CGED-Q
官;1;CGED-Q
欒;1;CGED-Q
尉;1;CGED-Q
辛;1;CGED-Q
嵇;1;CGED-Q
蘭;1;CGED-Q
惠;1;CGED-Q
米;1;CGED-Q
狄;1;CGED-Q
敬;1;CGED-Q
計;1;CGED-Q
酈;1;CGED-Q
卜;1;CGED-Q
司;1;CGED-Q
仇;1;CGED-Q
權;1;CGED-Q
壽;1;CGED-Q
鞠;1;CGED-Q
強;1;CGED-Q
招;1;CGED-Q
來;1;CGED-Q
斯;1;CGED-Q
佘;1;CGED-Q
吉;1;CGED-Q
戈;1;CGED-Q
榮;1;CGED-Q
秋;1;CGED-Q
符;1;CGED-Q
南;1;CGED-Q
俸;1;CGED-Q
宮;1;CGED-Q
粟;1;CGED-Q
衷;1;CGED-Q
鄺;1;CGED-Q
師;1;CGED-Q
稽;1;CGED-Q
原;1;CGED-Q
晁;1;CGED-Q
桑;1;CGED-Q
貝;1;CGED-Q
支;1;CGED-Q
龎;1;CGED-Q
尋;1;CGED-Q
居;1;CGED-Q
歸;1;CGED-Q
和;1;CGED-Q
厲;1;CGED-Q
漆;1;CGED-Q
倉;1;CGED-Q
宣;1;CGED-Q
農;1;CGED-Q
伏;1;CGED-Q
忻;1;CGED-Q
栗;1;CGED-Q
問;1;CGED-Q
廉;1;CGED-Q
蓋;1;CGED-Q
尤;1;CGED-Q
昌;1;CGED-Q
哈;1;CGED-Q
植;1;CGED-Q
渠;1;CGED-Q
燕;1;CGED-Q
花;1;CGED-Q
冀;1;CGED-Q
辜;1;CGED-Q
庭;1;CGED-Q
瓦;1;CGED-Q
讓;1;CGED-Q
鐘;1;CGED-Q
公;1;CGED-Q
匡;1;CGED-Q
國;1;CGED-Q
巫;1;CGED-Q
帥;1;CGED-Q
洗;1;CGED-Q
鄢;1;CGED-Q
刁;1;CGED-Q
晉;1;CGED-Q
朿;1;CGED-Q
邰;1;CGED-Q
隆;1;CGED-Q
明;1;CGED-Q
湛;1;CGED-Q
糜;1;CGED-Q
苑;1;CGED-Q
麻;1;CGED-Q
檀;1;CGED-Q
雒;1;CGED-Q
仝;1;CGED-Q
力;1;CGED-Q
隨;1;CGED-Q
亷;1;CGED-Q
諶;1;CGED-Q
貢;1;CGED-Q
冒;1;CGED-Q
巨;1;CGED-Q
仉;1;CGED-Q
修;1;CGED-Q
凃;1;CGED-Q
楚;1;CGED-Q
张;1;CGED-Q
曠;1;CGED-Q
蹇;1;CGED-Q
逯;1;CGED-Q
閆;1;CGED-Q
奚;1;CGED-Q
富;1;CGED-Q
璩;1;CGED-Q
門;1;CGED-Q
元;1;CGED-Q
池;1;CGED-Q
生;1;CGED-Q
仲;1;CGED-Q
校;1;CGED-Q
泰;1;CGED-Q
盤;1;CGED-Q
但;1;CGED-Q
奧;1;CGED-Q
姬;1;CGED-Q
穆;1;CGED-Q
雲;1;CGED-Q
黨;1;CGED-Q
廬;1;CGED-Q
者;1;CGED-Q
亢;1;CGED-Q
宛;1;CGED-Q
薄;1;CGED-Q
貟;1;CGED-Q
逢;1;CGED-Q
吕;1;CGED-Q
竺;1;CGED-Q
吴;1;CGED-Q
慕;1;CGED-Q
於;1;CGED-Q
娰;1;CGED-Q
宓;1;CGED-Q
暢;1;CGED-Q
簡;1;CGED-Q
籍;1;CGED-Q
達;1;CGED-Q
及;1;CGED-Q
業;1;CGED-Q
汝;1;CGED-Q
淶;1;CGED-Q
葢;1;CGED-Q
邸;1;CGED-Q
都;1;CGED-Q
闞;1;CGED-Q
黄;1;CGED-Q
寸;1;CGED-Q
斿;1;CGED-Q
降;1;CGED-Q
卯;1;CGED-Q
慎;1;CGED-Q
況;1;CGED-Q
闗;1;CGED-Q
尼;1;CGED-Q
潛;1;CGED-Q
經;1;CGED-Q
遲;1;CGED-Q
昝;1;CGED-Q
有;1;CGED-Q
酆;1;CGED-Q
初;1;CGED-Q
朶;1;CGED-Q
縻;1;CGED-Q
賓;1;CGED-Q
厚;1;CGED-Q
塗;1;CGED-Q
壬;1;CGED-Q
旃;1;CGED-Q
荀;1;CGED-Q
賔;1;CGED-Q
鎖;1;CGED-Q
青;1;CGED-Q
實;1;CGED-Q
庚;1;CGED-Q
么;1;CGED-Q
井;1;CGED-Q
員;1;CGED-Q
寧;1;CGED-Q
巴;1;CGED-Q
弭;1;CGED-Q
朵;1;CGED-Q
柏;1;CGED-Q
烏;1;CGED-Q
肓;1;CGED-Q
轉;1;CGED-Q
過;1;CGED-Q
鮮;1;CGED-Q
密;1;CGED-Q
恭;1;CGED-Q
端;1;CGED-Q
萧;1;CGED-Q
蒋;1;CGED-Q
郗;1;CGED-Q
㓂;1;CGED-Q
劭;1;CGED-Q
千;1;CGED-Q
咎;1;CGED-Q
幸;1;CGED-Q
浦;1;CGED-Q
茍;1;CGED-Q
銀;1;CGED-Q
鞏;1;CGED-Q
傳;1;CGED-Q
光;1;CGED-Q
冠;1;CGED-Q
冯;1;CGED-Q
戎;1;CGED-Q
暨;1;CGED-Q
範;1;CGED-Q
軍;1;CGED-Q
首;1;CGED-Q
喇;1;CGED-Q
扈;1;CGED-Q
朴;1;CGED-Q
由;1;CGED-Q
聖;1;CGED-Q
逄;1;CGED-Q
閃;1;CGED-Q
夘;1;CGED-Q
展;1;CGED-Q
巖;1;CGED-Q
愉;1;CGED-Q
揚;1;CGED-Q
星;1;CGED-Q
海;1;CGED-Q
疏;1;CGED-Q
芮;1;CGED-Q
茒;1;CGED-Q
孝;1;CGED-Q
寗;1;CGED-Q
憨;1;CGED-Q
果;1;CGED-Q
猶;1;CGED-Q
相;1;CGED-Q
矯;1;CGED-Q
翰;1;CGED-Q
苟;1;CGED-Q
餘;1;CGED-Q
伹;1;CGED-Q
儂;1;CGED-Q
刑;1;CGED-Q
印;1;CGED-Q
姒;1;CGED-Q
干;1;CGED-Q
暴;1;CGED-Q
杨;1;CGED-Q
煇;1;CGED-Q
班;1;CGED-Q
甄;1;CGED-Q
甌;1;CGED-Q
罕;1;CGED-Q
谢;1;CGED-Q
逮;1;CGED-Q
遆;1;CGED-Q
遊;1;CGED-Q
冐;1;CGED-Q
厝;1;CGED-Q
山;1;CGED-Q
帅;1;CGED-Q
廣;1;CGED-Q
憓;1;CGED-Q
練;1;CGED-Q
能;1;CGED-Q
裔;1;CGED-Q
鄜;1;CGED-Q
鳳;1;CGED-Q
仵;1;CGED-Q
保;1;CGED-Q
兀;1;CGED-Q
定;1;CGED-Q
寶;1;CGED-Q
封;1;CGED-Q
斌;1;CGED-Q
木;1;CGED-Q
杭;1;CGED-Q
線;1;CGED-Q
老;1;CGED-Q
芶;1;CGED-Q
菇;1;CGED-Q
蒿;1;CGED-Q
螘;1;CGED-Q
誠;1;CGED-Q
赫;1;CGED-Q
采;1;CGED-Q
鐵;1;CGED-Q
陆;1;CGED-Q
陈;1;CGED-Q
靖;1;CGED-Q
亣;1;CGED-Q
伯;1;CGED-Q
允;1;CGED-Q
典;1;CGED-Q
冦;1;CGED-Q
句;1;CGED-Q
念;1;CGED-Q
據;1;CGED-Q
熬;1;CGED-Q
皺;1;CGED-Q
竹;1;CGED-Q
色;1;CGED-Q
菜;1;CGED-Q
記;1;CGED-Q
逍;1;CGED-Q
鄷;1;CGED-Q
鐸;1;CGED-Q
黑;1;CGED-Q
万;1;CGED-Q
亓;1;CGED-Q
五;1;CGED-Q
候;1;CGED-Q
勵;1;CGED-Q
叢;1;CGED-Q
呉;1;CGED-Q
奉;1;CGED-Q
帛;1;CGED-Q
庾;1;CGED-Q
戊;1;CGED-Q
戌;1;CGED-Q
戰;1;CGED-Q
把;1;CGED-Q
束;1;CGED-Q
樹;1;CGED-Q
法;1;CGED-Q
湖;1;CGED-Q
滑;1;CGED-Q
玉;1;CGED-Q
福;1;CGED-Q
禮;1;CGED-Q
紹;1;CGED-Q
維;1;CGED-Q
繁;1;CGED-Q
繳;1;CGED-Q
翕;1;CGED-Q
聂;1;CGED-Q
脫;1;CGED-Q
自;1;CGED-Q
苪;1;CGED-Q
蔚;1;CGED-Q
薰;1;CGED-Q
蘿;1;CGED-Q
裕;1;CGED-Q
襲;1;CGED-Q
賁;1;CGED-Q
郜;1;CGED-Q
郟;1;CGED-Q
鉄;1;CGED-Q
閣;1;CGED-Q
鰲;1;CGED-Q
鳴;1;CGED-Q
麗;1;CGED-Q
鼐;1;CGED-Q
下;1;CGED-Q
令;1;CGED-Q
倭;1;CGED-Q
冨;1;CGED-Q
刀;1;CGED-Q
哀;1;CGED-Q
嚝;1;CGED-Q
存;1;CGED-Q
學;1;CGED-Q
宸;1;CGED-Q
嵩;1;CGED-Q
帖;1;CGED-Q
承;1;CGED-Q
接;1;CGED-Q
曽;1;CGED-Q
未;1;CGED-Q
橋;1;CGED-Q
洛;1;CGED-Q
渾;1;CGED-Q
滿;1;CGED-Q
濟;1;CGED-Q
炘;1;CGED-Q
甲;1;CGED-Q
睦;1;CGED-Q
矛;1;CGED-Q
䎕;1;CGED-Q
聊;1;CGED-Q
膞;1;CGED-Q
臣;1;CGED-Q
莗;1;CGED-Q
葵;1;CGED-Q
蕢;1;CGED-Q
諱;1;CGED-Q
貴;1;CGED-Q
釗;1;CGED-Q
铁;1;CGED-Q
锺;1;CGED-Q
間;1;CGED-Q
関;1;CGED-Q
革;1;CGED-Q
麟;1;CGED-Q
王;1;中国姓氏排名 https://zh.wikipedia.org/wiki/%E4%B8%AD%E5%9B%BD%E5%A7%93%E6%B0%8F%E6%8E%92%E5%90%8D
李;1;中国姓氏排名 https://zh.wikipedia.org/wiki/%E4%B8%AD%E5%9B%BD%E5%A7%93%E6%B0%8F%E6%8E%92%E5%90%8D
張;1;中国姓氏排名 https://zh.wikipedia.org/wiki/%E4%B8%AD%E5%9B%BD%E5%A7%93%E6%B0%8F%E6%8E%92%E5%90%8D
劉;1;中国姓氏排名 https://zh.wikipedia.org/wiki/%E4%B8%AD%E5%9B%BD%E5%A7%93%E6%B0%8F%E6%8E%92%E5%90%8D
陳;1;中国姓氏排名 https://zh.wikipedia.org/wiki/%E4%B8%AD%E5%9B%BD%E5%A7%93%E6%B0%8F%E6%8E%92%E5%90%8D
楊;1;中国姓氏排名 https://zh.wikipedia.org/wiki/%E4%B8%AD%E5%9B%BD%E5%A7%93%E6%B0%8F%E6%8E%92%E5%90%8D
黃;1;中国姓氏排名 https://zh.wikipedia.org/wiki/%E4%B8%AD%E5%9B%BD%E5%A7%93%E6%B0%8F%E6%8E%92%E5%90%8D
吳;1;中国姓氏排名 https://zh.wikipedia.org/wiki/%E4%B8%AD%E5%9B%BD%E5%A7%93%E6%B0%8F%E6%8E%92%E5%90%8D
趙;1;中国姓氏排名 https://zh.wikipedia.org/wiki/%E4%B8%AD%E5%9B%BD%E5%A7%93%E6%B0%8F%E6%8E%92%E5%90%8D
周;1;中国姓氏排名 https://zh.wikipedia.org/wiki/%E4%B8%AD%E5%9B%BD%E5%A7%93%E6%B0%8F%E6%8E%92%E5%90%8D
徐;1;中国姓氏排名 https://zh.wikipedia.org/wiki/%E4%B8%AD%E5%9B%BD%E5%A7%93%E6%B0%8F%E6%8E%92%E5%90%8D
孫;1;中国姓氏排名 https://zh.wikipedia.org/wiki/%E4%B8%AD%E5%9B%BD%E5%A7%93%E6%B0%8F%E6%8E%92%E5%90%8D
馬;1;中国姓氏排名 https://zh.wikipedia.org/wiki/%E4%B8%AD%E5%9B%BD%E5%A7%93%E6%B0%8F%E6%8E%92%E5%90%8D
朱;1;中国姓氏排名 https://zh.wikipedia.org/wiki/%E4%B8%AD%E5%9B%BD%E5%A7%93%E6%B0%8F%E6%8E%92%E5%90%8D
胡;1;中国姓氏排名 https://zh.wikipedia.org/wiki/%E4%B8%AD%E5%9B%BD%E5%A7%93%E6%B0%8F%E6%8E%92%E5%90%8D
林;1;中国姓氏排名 https://zh.wikipedia.org/wiki/%E4%B8%AD%E5%9B%BD%E5%A7%93%E6%B0%8F%E6%8E%92%E5%90%8D
郭;1;中国姓氏排名 https://zh.wikipedia.org/wiki/%E4%B8%AD%E5%9B%BD%E5%A7%93%E6%B0%8F%E6%8E%92%E5%90%8D
何;1;中国姓氏排名 https://zh.wikipedia.org/wiki/%E4%B8%AD%E5%9B%BD%E5%A7%93%E6%B0%8F%E6%8E%92%E5%90%8D
高;1;中国姓氏排名 https://zh.wikipedia.org/wiki/%E4%B8%AD%E5%9B%BD%E5%A7%93%E6%B0%8F%E6%8E%92%E5%90%8D
羅;1;中国姓氏排名 https://zh.wikipedia.org/wiki/%E4%B8%AD%E5%9B%BD%E5%A7%93%E6%B0%8F%E6%8E%92%E5%90%8D
鄭;1;中国姓氏排名 https://zh.wikipedia.org/wiki/%E4%B8%AD%E5%9B%BD%E5%A7%93%E6%B0%8F%E6%8E%92%E5%90%8D
梁;1;中国姓氏排名 https://zh.wikipedia.org/wiki/%E4%B8%AD%E5%9B%BD%E5%A7%93%E6%B0%8F%E6%8E%92%E5%90%8D
謝;1;中国姓氏排名 https://zh.wikipedia.org/wiki/%E4%B8%AD%E5%9B%BD%E5%A7%93%E6%B0%8F%E6%8E%92%E5%90%8D
宋;1;中国姓氏排名 https://zh.wikipedia.org/wiki/%E4%B8%AD%E5%9B%BD%E5%A7%93%E6%B0%8F%E6%8E%92%E5%90%8D
曾;1;中国姓氏排名 https://zh.wikipedia.org/wiki/%E4%B8%AD%E5%9B%BD%E5%A7%93%E6%B0%8F%E6%8E%92%E5%90%8D
葉;1;中国姓氏排名 https://zh.wikipedia.org/wiki/%E4%B8%AD%E5%9B%BD%E5%A7%93%E6%B0%8F%E6%8E%92%E5%90%8D
姚;1;中国姓氏排名 https://zh.wikipedia.org/wiki/%E4%B8%AD%E5%9B%BD%E5%A7%93%E6%B0%8F%E6%8E%92%E5%90%8D
陸;1;中国姓氏排名 https://zh.wikipedia.org/wiki/%E4%B8%AD%E5%9B%BD%E5%A7%93%E6%B0%8F%E6%8E%92%E5%90%8D
鄒;1;中国姓氏排名 https://zh.wikipedia.org/wiki/%E4%B8%AD%E5%9B%BD%E5%A7%93%E6%B0%8F%E6%8E%92%E5%90%8D
雷;1;中国姓氏排名 https://zh.wikipedia.org/wiki/%E4%B8%AD%E5%9B%BD%E5%A7%93%E6%B0%8F%E6%8E%92%E5%90%8D
邵;1;中国姓氏排名 https://zh.wikipedia.org/wiki/%E4%B8%AD%E5%9B%BD%E5%A7%93%E6%B0%8F%E6%8E%92%E5%90%8D
湯;1;中国姓氏排名 https://zh.wikipedia.org/wiki/%E4%B8%AD%E5%9B%BD%E5%A7%93%E6%B0%8F%E6%8E%92%E5%90%8D
邢;1;中国姓氏排名 https://zh.wikipedia.org/wiki/%E4%B8%AD%E5%9B%BD%E5%A7%93%E6%B0%8F%E6%8E%92%E5%90%8D
聶;1;中国姓氏排名 https://zh.wikipedia.org/wiki/%E4%B8%AD%E5%9B%BD%E5%A7%93%E6%B0%8F%E6%8E%92%E5%90%8D
關;1;中国姓氏排名 https://zh.wikipedia.org/wiki/%E4%B8%AD%E5%9B%BD%E5%A7%93%E6%B0%8F%E6%8E%92%E5%90%8D
尚;1;中国姓氏排名 https://zh.wikipedia.org/wiki/%E4%B8%AD%E5%9B%BD%E5%A7%93%E6%B0%8F%E6%8E%92%E5%90%8D
單;1;中国姓氏排名 https://zh.wikipedia.org/wiki/%E4%B8%AD%E5%9B%BD%E5%A7%93%E6%B0%8F%E6%8E%92%E5%90%8D
翁;1;中国姓氏排名 https://zh.wikipedia.org/wiki/%E4%B8%AD%E5%9B%BD%E5%A7%93%E6%B0%8F%E6%8E%92%E5%90%8D
柴;1;中国姓氏排名 https://zh.wikipedia.org/wiki/%E4%B8%AD%E5%9B%BD%E5%A7%93%E6%B0%8F%E6%8E%92%E5%90%8D
饒;1;中国姓氏排名 https://zh.wikipedia.org/wiki/%E4%B8%AD%E5%9B%BD%E5%A7%93%E6%B0%8F%E6%8E%92%E5%90%8D
卓;1;中国姓氏排名 https://zh.wikipedia.org/wiki/%E4%B8%AD%E5%9B%BD%E5%A7%93%E6%B0%8F%E6%8E%92%E5%90%8D
褚;1;中国姓氏排名 https://zh.wikipedia.org/wiki/%E4%B8%AD%E5%9B%BD%E5%A7%93%E6%B0%8F%E6%8E%92%E5%90%8D
冷;1;中国姓氏排名 https://zh.wikipedia.org/wiki/%E4%B8%AD%E5%9B%BD%E5%A7%93%E6%B0%8F%E6%8E%92%E5%90%8D
佟;1;中国姓氏排名 https://zh.wikipedia.org/wiki/%E4%B8%AD%E5%9B%BD%E5%A7%93%E6%B0%8F%E6%8E%92%E5%90%8D
許;1;中国姓氏排名 https://zh.wikipedia.org/wiki/%E4%B8%AD%E5%9B%BD%E5%A7%93%E6%B0%8F%E6%8E%92%E5%90%8D
鄧;1;中国姓氏排名 https://zh.wikipedia.org/wiki/%E4%B8%AD%E5%9B%BD%E5%A7%93%E6%B0%8F%E6%8E%92%E5%90%8D
董;1;中国姓氏排名 https://zh.wikipedia.org/wiki/%E4%B8%AD%E5%9B%BD%E5%A7%93%E6%B0%8F%E6%8E%92%E5%90%8D
呂;1;中国姓氏排名 https://zh.wikipedia.org/wiki/%E4%B8%AD%E5%9B%BD%E5%A7%93%E6%B0%8F%E6%8E%92%E5%90%8D
譚;1;中国姓氏排名 https://zh.wikipedia.org/wiki/%E4%B8%AD%E5%9B%BD%E5%A7%93%E6%B0%8F%E6%8E%92%E5%90%8D
夏;1;中国姓氏排名 https://zh.wikipedia.org/wiki/%E4%B8%AD%E5%9B%BD%E5%A7%93%E6%B0%8F%E6%8E%92%E5%90%8D
閻;1;中国姓氏排名 https://zh.wikipedia.org/wiki/%E4%B8%AD%E5%9B%BD%E5%A7%93%E6%B0%8F%E6%8E%92%E5%90%8D
顧;1;中国姓氏排名 https://zh.wikipedia.org/wiki/%E4%B8%AD%E5%9B%BD%E5%A7%93%E6%B0%8F%E6%8E%92%E5%90%8D
洪;1;中国姓氏排名 https://zh.wikipedia.org/wiki/%E4%B8%AD%E5%9B%BD%E5%A7%93%E6%B0%8F%E6%8E%92%E5%90%8D
文;1;中国姓氏排名 https://zh.wikipedia.org/wiki/%E4%B8%AD%E5%9B%BD%E5%A7%93%E6%B0%8F%E6%8E%92%E5%90%8D
龐;1;中国姓氏排名 https://zh.wikipedia.org/wiki/%E4%B8%AD%E5%9B%BD%E5%A7%93%E6%B0%8F%E6%8E%92%E5%90%8D
詹;1;中国姓氏排名 https://zh.wikipedia.org/wiki/%E4%B8%AD%E5%9B%BD%E5%A7%93%E6%B0%8F%E6%8E%92%E5%90%8D
甘;1;中国姓氏排名 https://zh.wikipedia.org/wiki/%E4%B8%AD%E5%9B%BD%E5%A7%93%E6%B0%8F%E6%8E%92%E5%90%8D
梅;1;中国姓氏排名 https://zh.wikipedia.org/wiki/%E4%B8%AD%E5%9B%BD%E5%A7%93%E6%B0%8F%E6%8E%92%E5%90%8D
苗;1;中国姓氏排名 https://zh.wikipedia.org/wiki/%E4%B8%AD%E5%9B%BD%E5%A7%93%E6%B0%8F%E6%8E%92%E5%90%8D
辛;1;中国姓氏排名 https://zh.wikipedia.org/wiki/%E4%B8%AD%E5%9B%BD%E5%A7%93%E6%B0%8F%E6%8E%92%E5%90%8D
馮;1;中国姓氏排名 https://zh.wikipedia.org/wiki/%E4%B8%AD%E5%9B%BD%E5%A7%93%E6%B0%8F%E6%8E%92%E5%90%8D
袁;1;中国姓氏排名 https://zh.wikipedia.org/wiki/%E4%B8%AD%E5%9B%BD%E5%A7%93%E6%B0%8F%E6%8E%92%E5%90%8D
曹;1;中国姓氏排名 https://zh.wikipedia.org/wiki/%E4%B8%AD%E5%9B%BD%E5%A7%93%E6%B0%8F%E6%8E%92%E5%90%8D
余;1;中国姓氏排名 https://zh.wikipedia.org/wiki/%E4%B8%AD%E5%9B%BD%E5%A7%93%E6%B0%8F%E6%8E%92%E5%90%8D
任;1;中国姓氏排名 https://zh.wikipedia.org/wiki/%E4%B8%AD%E5%9B%BD%E5%A7%93%E6%B0%8F%E6%8E%92%E5%90%8D
汪;1;中国姓氏排名 https://zh.wikipedia.org/wiki/%E4%B8%AD%E5%9B%BD%E5%A7%93%E6%B0%8F%E6%8E%92%E5%90%8D
侯;1;中国姓氏排名 https://zh.wikipedia.org/wiki/%E4%B8%AD%E5%9B%BD%E5%A7%93%E6%B0%8F%E6%8E%92%E5%90%8D
段;1;中国姓氏排名 https://zh.wikipedia.org/wiki/%E4%B8%AD%E5%9B%BD%E5%A7%93%E6%B0%8F%E6%8E%92%E5%90%8D
龔;1;中国姓氏排名 https://zh.wikipedia.org/wiki/%E4%B8%AD%E5%9B%BD%E5%A7%93%E6%B0%8F%E6%8E%92%E5%90%8D
孔;1;中国姓氏排名 https://zh.wikipedia.org/wiki/%E4%B8%AD%E5%9B%BD%E5%A7%93%E6%B0%8F%E6%8E%92%E5%90%8D
葛;1;中国姓氏排名 https://zh.wikipedia.org/wiki/%E4%B8%AD%E5%9B%BD%E5%A7%93%E6%B0%8F%E6%8E%92%E5%90%8D
莊;1;中国姓氏排名 https://zh.wikipedia.org/wiki/%E4%B8%AD%E5%9B%BD%E5%A7%93%E6%B0%8F%E6%8E%92%E5%90%8D
耿;1;中国姓氏排名 https://zh.wikipedia.org/wiki/%E4%B8%AD%E5%9B%BD%E5%A7%93%E6%B0%8F%E6%8E%92%E5%90%8D
甯;1;中国姓氏排名 https://zh.wikipedia.org/wiki/%E4%B8%AD%E5%9B%BD%E5%A7%93%E6%B0%8F%E6%8E%92%E5%90%8D
畢;1;中国姓氏排名 https://zh.wikipedia.org/wiki/%E4%B8%AD%E5%9B%BD%E5%A7%93%E6%B0%8F%E6%8E%92%E5%90%8D
曲;1;中国姓氏排名 https://zh.wikipedia.org/wiki/%E4%B8%AD%E5%9B%BD%E5%A7%93%E6%B0%8F%E6%8E%92%E5%90%8D
管;1;中国姓氏排名 https://zh.wikipedia.org/wiki/%E4%B8%AD%E5%9B%BD%E5%A7%93%E6%B0%8F%E6%8E%92%E5%90%8D
屈;1;中国姓氏排名 https://zh.wikipedia.org/wiki/%E4%B8%AD%E5%9B%BD%E5%A7%93%E6%B0%8F%E6%8E%92%E5%90%8D
司;1;中国姓氏排名 https://zh.wikipedia.org/wiki/%E4%B8%AD%E5%9B%BD%E5%A7%93%E6%B0%8F%E6%8E%92%E5%90%8D
麥;1;中国姓氏排名 https://zh.wikipedia.org/wiki/%E4%B8%AD%E5%9B%BD%E5%A7%93%E6%B0%8F%E6%8E%92%E5%90%8D
蔔;1;中国姓氏排名 https://zh.wikipedia.org/wiki/%E4%B8%AD%E5%9B%BD%E5%A7%93%E6%B0%8F%E6%8E%92%E5%90%8D
全;1;中国姓氏排名 https://zh.wikipedia.org/wiki/%E4%B8%AD%E5%9B%BD%E5%A7%93%E6%B0%8F%E6%8E%92%E5%90%8D
師;1;中国姓氏排名 https://zh.wikipedia.org/wiki/%E4%B8%AD%E5%9B%BD%E5%A7%93%E6%B0%8F%E6%8E%92%E5%90%8D
寇;1;中国姓氏排名 https://zh.wikipedia.org/wiki/%E4%B8%AD%E5%9B%BD%E5%A7%93%E6%B0%8F%E6%8E%92%E5%90%8D
佘;1;中国姓氏排名 https://zh.wikipedia.org/wiki/%E4%B8%AD%E5%9B%BD%E5%A7%93%E6%B0%8F%E6%8E%92%E5%90%8D
匡;1;中国姓氏排名 https://zh.wikipedia.org/wiki/%E4%B8%AD%E5%9B%BD%E5%A7%93%E6%B0%8F%E6%8E%92%E5%90%8D
儲;1;中国姓氏排名 https://zh.wikipedia.org/wiki/%E4%B8%AD%E5%9B%BD%E5%A7%93%E6%B0%8F%E6%8E%92%E5%90%8D
粟;1;中国姓氏排名 https://zh.wikipedia.org/wiki/%E4%B8%AD%E5%9B%BD%E5%A7%93%E6%B0%8F%E6%8E%92%E5%90%8D
仝;1;中国姓氏排名 https://zh.wikipedia.org/wiki/%E4%B8%AD%E5%9B%BD%E5%A7%93%E6%B0%8F%E6%8E%92%E5%90%8D
豆;1;中国姓氏排名 https://zh.wikipedia.org/wiki/%E4%B8%AD%E5%9B%BD%E5%A7%93%E6%B0%8F%E6%8E%92%E5%90%8D
豐;1;中国姓氏排名 https://zh.wikipedia.org/wiki/%E4%B8%AD%E5%9B%BD%E5%A7%93%E6%B0%8F%E6%8E%92%E5%90%8D
相;1;中国姓氏排名 https://zh.wikipedia.org/wiki/%E4%B8%AD%E5%9B%BD%E5%A7%93%E6%B0%8F%E6%8E%92%E5%90%8D
都;1;中国姓氏排名 https://zh.wikipedia.org/wiki/%E4%B8%AD%E5%9B%BD%E5%A7%93%E6%B0%8F%E6%8E%92%E5%90%8D
辜;1;中国姓氏排名 https://zh.wikipedia.org/wiki/%E4%B8%AD%E5%9B%BD%E5%A7%93%E6%B0%8F%E6%8E%92%E5%90%8D
杭;1;中国姓氏排名 https://zh.wikipedia.org/wiki/%E4%B8%AD%E5%9B%BD%E5%A7%93%E6%B0%8F%E6%8E%92%E5%90%8D
戰;1;中国姓氏排名 https://zh.wikipedia.org/wiki/%E4%B8%AD%E5%9B%BD%E5%A7%93%E6%B0%8F%E6%8E%92%E5%90%8D
賓;1;中国姓氏排名 https://zh.wikipedia.org/wiki/%E4%B8%AD%E5%9B%BD%E5%A7%93%E6%B0%8F%E6%8E%92%E5%90%8D
但;1;中国姓氏排名 https://zh.wikipedia.org/wiki/%E4%B8%AD%E5%9B%BD%E5%A7%93%E6%B0%8F%E6%8E%92%E5%90%8D
陰;1;中国姓氏排名 https://zh.wikipedia.org/wiki/%E4%B8%AD%E5%9B%BD%E5%A7%93%E6%B0%8F%E6%8E%92%E5%90%8D
由;1;中国姓氏排名 https://zh.wikipedia.org/wiki/%E4%B8%AD%E5%9B%BD%E5%A7%93%E6%B0%8F%E6%8E%92%E5%90%8D
韓;1;中国姓氏排名 https://zh.wikipedia.org/wiki/%E4%B8%AD%E5%9B%BD%E5%A7%93%E6%B0%8F%E6%8E%92%E5%90%8D
于;1;中国姓氏排名 https://zh.wikipedia.org/wiki/%E4%B8%AD%E5%9B%BD%E5%A7%93%E6%B0%8F%E6%8E%92%E5%90%8D
沈;1;中国姓氏排名 https://zh.wikipedia.org/wiki/%E4%B8%AD%E5%9B%BD%E5%A7%93%E6%B0%8F%E6%8E%92%E5%90%8D
範;1;中国姓氏排名 https://zh.wikipedia.org/wiki/%E4%B8%AD%E5%9B%BD%E5%A7%93%E6%B0%8F%E6%8E%92%E5%90%8D
方;1;中国姓氏排名 https://zh.wikipedia.org/wiki/%E4%B8%AD%E5%9B%BD%E5%A7%93%E6%B0%8F%E6%8E%92%E5%90%8D
尹;1;中国姓氏排名 https://zh.wikipedia.org/wiki/%E4%B8%AD%E5%9B%BD%E5%A7%93%E6%B0%8F%E6%8E%92%E5%90%8D
郝;1;中国姓氏排名 https://zh.wikipedia.org/wiki/%E4%B8%AD%E5%9B%BD%E5%A7%93%E6%B0%8F%E6%8E%92%E5%90%8D
莫;1;中国姓氏排名 https://zh.wikipedia.org/wiki/%E4%B8%AD%E5%9B%BD%E5%A7%93%E6%B0%8F%E6%8E%92%E5%90%8D
樊;1;中国姓氏排名 https://zh.wikipedia.org/wiki/%E4%B8%AD%E5%9B%BD%E5%A7%93%E6%B0%8F%E6%8E%92%E5%90%8D
倪;1;中国姓氏排名 https://zh.wikipedia.org/wiki/%E4%B8%AD%E5%9B%BD%E5%A7%93%E6%B0%8F%E6%8E%92%E5%90%8D
歐;1;中国姓氏排名 https://zh.wikipedia.org/wiki/%E4%B8%AD%E5%9B%BD%E5%A7%93%E6%B0%8F%E6%8E%92%E5%90%8D
包;1;中国姓氏排名 https://zh.wikipedia.org/wiki/%E4%B8%AD%E5%9B%BD%E5%A7%93%E6%B0%8F%E6%8E%92%E5%90%8D
淩;1;中国姓氏排名 https://zh.wikipedia.org/wiki/%E4%B8%AD%E5%9B%BD%E5%A7%93%E6%B0%8F%E6%8E%92%E5%90%8D
盛;1;中国姓氏排名 https://zh.wikipedia.org/wiki/%E4%B8%AD%E5%9B%BD%E5%A7%93%E6%B0%8F%E6%8E%92%E5%90%8D
滕;1;中国姓氏排名 https://zh.wikipedia.org/wiki/%E4%B8%AD%E5%9B%BD%E5%A7%93%E6%B0%8F%E6%8E%92%E5%90%8D
農;1;中国姓氏排名 https://zh.wikipedia.org/wiki/%E4%B8%AD%E5%9B%BD%E5%A7%93%E6%B0%8F%E6%8E%92%E5%90%8D
蘆;1;中国姓氏排名 https://zh.wikipedia.org/wiki/%E4%B8%AD%E5%9B%BD%E5%A7%93%E6%B0%8F%E6%8E%92%E5%90%8D
費;1;中国姓氏排名 https://zh.wikipedia.org/wiki/%E4%B8%AD%E5%9B%BD%E5%A7%93%E6%B0%8F%E6%8E%92%E5%90%8D
桂;1;中国姓氏排名 https://zh.wikipedia.org/wiki/%E4%B8%AD%E5%9B%BD%E5%A7%93%E6%B0%8F%E6%8E%92%E5%90%8D
姬;1;中国姓氏排名 https://zh.wikipedia.org/wiki/%E4%B8%AD%E5%9B%BD%E5%A7%93%E6%B0%8F%E6%8E%92%E5%90%8D
巫;1;中国姓氏排名 https://zh.wikipedia.org/wiki/%E4%B8%AD%E5%9B%BD%E5%A7%93%E6%B0%8F%E6%8E%92%E5%90%8D
明;1;中国姓氏排名 https://zh.wikipedia.org/wiki/%E4%B8%AD%E5%9B%BD%E5%A7%93%E6%B0%8F%E6%8E%92%E5%90%8D
談;1;中国姓氏排名 https://zh.wikipedia.org/wiki/%E4%B8%AD%E5%9B%BD%E5%A7%93%E6%B0%8F%E6%8E%92%E5%90%8D
班;1;中国姓氏排名 https://zh.wikipedia.org/wiki/%E4%B8%AD%E5%9B%BD%E5%A7%93%E6%B0%8F%E6%8E%92%E5%90%8D
皮;1;中国姓氏排名 https://zh.wikipedia.org/wiki/%E4%B8%AD%E5%9B%BD%E5%A7%93%E6%B0%8F%E6%8E%92%E5%90%8D
伊;1;中国姓氏排名 https://zh.wikipedia.org/wiki/%E4%B8%AD%E5%9B%BD%E5%A7%93%E6%B0%8F%E6%8E%92%E5%90%8D
屠;1;中国姓氏排名 https://zh.wikipedia.org/wiki/%E4%B8%AD%E5%9B%BD%E5%A7%93%E6%B0%8F%E6%8E%92%E5%90%8D
巴;1;中国姓氏排名 https://zh.wikipedia.org/wiki/%E4%B8%AD%E5%9B%BD%E5%A7%93%E6%B0%8F%E6%8E%92%E5%90%8D
晉;1;中国姓氏排名 https://zh.wikipedia.org/wiki/%E4%B8%AD%E5%9B%BD%E5%A7%93%E6%B0%8F%E6%8E%92%E5%90%8D
芮;1;中国姓氏排名 https://zh.wikipedia.org/wiki/%E4%B8%AD%E5%9B%BD%E5%A7%93%E6%B0%8F%E6%8E%92%E5%90%8D
雍;1;中国姓氏排名 https://zh.wikipedia.org/wiki/%E4%B8%AD%E5%9B%BD%E5%A7%93%E6%B0%8F%E6%8E%92%E5%90%8D
赫;1;中国姓氏排名 https://zh.wikipedia.org/wiki/%E4%B8%AD%E5%9B%BD%E5%A7%93%E6%B0%8F%E6%8E%92%E5%90%8D
諸;1;中国姓氏排名 https://zh.wikipedia.org/wiki/%E4%B8%AD%E5%9B%BD%E5%A7%93%E6%B0%8F%E6%8E%92%E5%90%8D
湛;1;中国姓氏排名 https://zh.wikipedia.org/wiki/%E4%B8%AD%E5%9B%BD%E5%A7%93%E6%B0%8F%E6%8E%92%E5%90%8D
幹;1;中国姓氏排名 https://zh.wikipedia.org/wiki/%E4%B8%AD%E5%9B%BD%E5%A7%93%E6%B0%8F%E6%8E%92%E5%90%8D
展;1;中国姓氏排名 https://zh.wikipedia.org/wiki/%E4%B8%AD%E5%9B%BD%E5%A7%93%E6%B0%8F%E6%8E%92%E5%90%8D
閉;1;中国姓氏排名 https://zh.wikipedia.org/wiki/%E4%B8%AD%E5%9B%BD%E5%A7%93%E6%B0%8F%E6%8E%92%E5%90%8D
丁;1;中国姓氏排名 https://zh.wikipedia.org/wiki/%E4%B8%AD%E5%9B%BD%E5%A7%93%E6%B0%8F%E6%8E%92%E5%90%8D
廖;1;中国姓氏排名 https://zh.wikipedia.org/wiki/%E4%B8%AD%E5%9B%BD%E5%A7%93%E6%B0%8F%E6%8E%92%E5%90%8D
邱;1;中国姓氏排名 https://zh.wikipedia.org/wiki/%E4%B8%AD%E5%9B%BD%E5%A7%93%E6%B0%8F%E6%8E%92%E5%90%8D
薛;1;中国姓氏排名 https://zh.wikipedia.org/wiki/%E4%B8%AD%E5%9B%BD%E5%A7%93%E6%B0%8F%E6%8E%92%E5%90%8D
毛;1;中国姓氏排名 https://zh.wikipedia.org/wiki/%E4%B8%AD%E5%9B%BD%E5%A7%93%E6%B0%8F%E6%8E%92%E5%90%8D
武;1;中国姓氏排名 https://zh.wikipedia.org/wiki/%E4%B8%AD%E5%9B%BD%E5%A7%93%E6%B0%8F%E6%8E%92%E5%90%8D
牛;1;中国姓氏排名 https://zh.wikipedia.org/wiki/%E4%B8%AD%E5%9B%BD%E5%A7%93%E6%B0%8F%E6%8E%92%E5%90%8D
顔;1;中国姓氏排名 https://zh.wikipedia.org/wiki/%E4%B8%AD%E5%9B%BD%E5%A7%93%E6%B0%8F%E6%8E%92%E5%90%8D
申;1;中国姓氏排名 https://zh.wikipedia.org/wiki/%E4%B8%AD%E5%9B%BD%E5%A7%93%E6%B0%8F%E6%8E%92%E5%90%8D
祝;1;中国姓氏排名 https://zh.wikipedia.org/wiki/%E4%B8%AD%E5%9B%BD%E5%A7%93%E6%B0%8F%E6%8E%92%E5%90%8D
童;1;中国姓氏排名 https://zh.wikipedia.org/wiki/%E4%B8%AD%E5%9B%BD%E5%A7%93%E6%B0%8F%E6%8E%92%E5%90%8D
谷;1;中国姓氏排名 https://zh.wikipedia.org/wiki/%E4%B8%AD%E5%9B%BD%E5%A7%93%E6%B0%8F%E6%8E%92%E5%90%8D
靳;1;中国姓氏排名 https://zh.wikipedia.org/wiki/%E4%B8%AD%E5%9B%BD%E5%A7%93%E6%B0%8F%E6%8E%92%E5%90%8D
房;1;中国姓氏排名 https://zh.wikipedia.org/wiki/%E4%B8%AD%E5%9B%BD%E5%A7%93%E6%B0%8F%E6%8E%92%E5%90%8D
穆;1;中国姓氏排名 https://zh.wikipedia.org/wiki/%E4%B8%AD%E5%9B%BD%E5%A7%93%E6%B0%8F%E6%8E%92%E5%90%8D
連;1;中国姓氏排名 https://zh.wikipedia.org/wiki/%E4%B8%AD%E5%9B%BD%E5%A7%93%E6%B0%8F%E6%8E%92%E5%90%8D
宮;1;中国姓氏排名 https://zh.wikipedia.org/wiki/%E4%B8%AD%E5%9B%BD%E5%A7%93%E6%B0%8F%E6%8E%92%E5%90%8D
瞿;1;中国姓氏排名 https://zh.wikipedia.org/wiki/%E4%B8%AD%E5%9B%BD%E5%A7%93%E6%B0%8F%E6%8E%92%E5%90%8D
卞;1;中国姓氏排名 https://zh.wikipedia.org/wiki/%E4%B8%AD%E5%9B%BD%E5%A7%93%E6%B0%8F%E6%8E%92%E5%90%8D
榮;1;中国姓氏排名 https://zh.wikipedia.org/wiki/%E4%B8%AD%E5%9B%BD%E5%A7%93%E6%B0%8F%E6%8E%92%E5%90%8D
鞏;1;中国姓氏排名 https://zh.wikipedia.org/wiki/%E4%B8%AD%E5%9B%BD%E5%A7%93%E6%B0%8F%E6%8E%92%E5%90%8D
封;1;中国姓氏排名 https://zh.wikipedia.org/wiki/%E4%B8%AD%E5%9B%BD%E5%A7%93%E6%B0%8F%E6%8E%92%E5%90%8D
南;1;中国姓氏排名 https://zh.wikipedia.org/wiki/%E4%B8%AD%E5%9B%BD%E5%A7%93%E6%B0%8F%E6%8E%92%E5%90%8D
奚;1;中国姓氏排名 https://zh.wikipedia.org/wiki/%E4%B8%AD%E5%9B%BD%E5%A7%93%E6%B0%8F%E6%8E%92%E5%90%8D
厲;1;中国姓氏排名 https://zh.wikipedia.org/wiki/%E4%B8%AD%E5%9B%BD%E5%A7%93%E6%B0%8F%E6%8E%92%E5%90%8D
帥;1;中国姓氏排名 https://zh.wikipedia.org/wiki/%E4%B8%AD%E5%9B%BD%E5%A7%93%E6%B0%8F%E6%8E%92%E5%90%8D
漆;1;中国姓氏排名 https://zh.wikipedia.org/wiki/%E4%B8%AD%E5%9B%BD%E5%A7%93%E6%B0%8F%E6%8E%92%E5%90%8D
宣;1;中国姓氏排名 https://zh.wikipedia.org/wiki/%E4%B8%AD%E5%9B%BD%E5%A7%93%E6%B0%8F%E6%8E%92%E5%90%8D
晁;1;中国姓氏排名 https://zh.wikipedia.org/wiki/%E4%B8%AD%E5%9B%BD%E5%A7%93%E6%B0%8F%E6%8E%92%E5%90%8D
邸;1;中国姓氏排名 https://zh.wikipedia.org/wiki/%E4%B8%AD%E5%9B%BD%E5%A7%93%E6%B0%8F%E6%8E%92%E5%90%8D
邰;1;中国姓氏排名 https://zh.wikipedia.org/wiki/%E4%B8%AD%E5%9B%BD%E5%A7%93%E6%B0%8F%E6%8E%92%E5%90%8D
茹;1;中国姓氏排名 https://zh.wikipedia.org/wiki/%E4%B8%AD%E5%9B%BD%E5%A7%93%E6%B0%8F%E6%8E%92%E5%90%8D
哈;1;中国姓氏排名 https://zh.wikipedia.org/wiki/%E4%B8%AD%E5%9B%BD%E5%A7%93%E6%B0%8F%E6%8E%92%E5%90%8D
揭;1;中国姓氏排名 https://zh.wikipedia.org/wiki/%E4%B8%AD%E5%9B%BD%E5%A7%93%E6%B0%8F%E6%8E%92%E5%90%8D
信;1;中国姓氏排名 https://zh.wikipedia.org/wiki/%E4%B8%AD%E5%9B%BD%E5%A7%93%E6%B0%8F%E6%8E%92%E5%90%8D
堯;1;中国姓氏排名 https://zh.wikipedia.org/wiki/%E4%B8%AD%E5%9B%BD%E5%A7%93%E6%B0%8F%E6%8E%92%E5%90%8D
蒲;1;中国姓氏排名 https://zh.wikipedia.org/wiki/%E4%B8%AD%E5%9B%BD%E5%A7%93%E6%B0%8F%E6%8E%92%E5%90%8D
時;1;中国姓氏排名 https://zh.wikipedia.org/wiki/%E4%B8%AD%E5%9B%BD%E5%A7%93%E6%B0%8F%E6%8E%92%E5%90%8D
項;1;中国姓氏排名 https://zh.wikipedia.org/wiki/%E4%B8%AD%E5%9B%BD%E5%A7%93%E6%B0%8F%E6%8E%92%E5%90%8D
黨;1;中国姓氏排名 https://zh.wikipedia.org/wiki/%E4%B8%AD%E5%9B%BD%E5%A7%93%E6%B0%8F%E6%8E%92%E5%90%8D
宗;1;中国姓氏排名 https://zh.wikipedia.org/wiki/%E4%B8%AD%E5%9B%BD%E5%A7%93%E6%B0%8F%E6%8E%92%E5%90%8D
邊;1;中国姓氏排名 https://zh.wikipedia.org/wiki/%E4%B8%AD%E5%9B%BD%E5%A7%93%E6%B0%8F%E6%8E%92%E5%90%8D
沙;1;中国姓氏排名 https://zh.wikipedia.org/wiki/%E4%B8%AD%E5%9B%BD%E5%A7%93%E6%B0%8F%E6%8E%92%E5%90%8D
敖;1;中国姓氏排名 https://zh.wikipedia.org/wiki/%E4%B8%AD%E5%9B%BD%E5%A7%93%E6%B0%8F%E6%8E%92%E5%90%8D
官;1;中国姓氏排名 https://zh.wikipedia.org/wiki/%E4%B8%AD%E5%9B%BD%E5%A7%93%E6%B0%8F%E6%8E%92%E5%90%8D
胥;1;中国姓氏排名 https://zh.wikipedia.org/wiki/%E4%B8%AD%E5%9B%BD%E5%A7%93%E6%B0%8F%E6%8E%92%E5%90%8D
谌;1;中国姓氏排名 https://zh.wikipedia.org/wiki/%E4%B8%AD%E5%9B%BD%E5%A7%93%E6%B0%8F%E6%8E%92%E5%90%8D
位;1;中国姓氏排名 https://zh.wikipedia.org/wiki/%E4%B8%AD%E5%9B%BD%E5%A7%93%E6%B0%8F%E6%8E%92%E5%90%8D
強;1;中国姓氏排名 https://zh.wikipedia.org/wiki/%E4%B8%AD%E5%9B%BD%E5%A7%93%E6%B0%8F%E6%8E%92%E5%90%8D
祖;1;中国姓氏排名 https://zh.wikipedia.org/wiki/%E4%B8%AD%E5%9B%BD%E5%A7%93%E6%B0%8F%E6%8E%92%E5%90%8D
索;1;中国姓氏排名 https://zh.wikipedia.org/wiki/%E4%B8%AD%E5%9B%BD%E5%A7%93%E6%B0%8F%E6%8E%92%E5%90%8D
扈;1;中国姓氏排名 https://zh.wikipedia.org/wiki/%E4%B8%AD%E5%9B%BD%E5%A7%93%E6%B0%8F%E6%8E%92%E5%90%8D
薄;1;中国姓氏排名 https://zh.wikipedia.org/wiki/%E4%B8%AD%E5%9B%BD%E5%A7%93%E6%B0%8F%E6%8E%92%E5%90%8D
修;1;中国姓氏排名 https://zh.wikipedia.org/wiki/%E4%B8%AD%E5%9B%BD%E5%A7%93%E6%B0%8F%E6%8E%92%E5%90%8D
隆;1;中国姓氏排名 https://zh.wikipedia.org/wiki/%E4%B8%AD%E5%9B%BD%E5%A7%93%E6%B0%8F%E6%8E%92%E5%90%8D
公;1;中国姓氏排名 https://zh.wikipedia.org/wiki/%E4%B8%AD%E5%9B%BD%E5%A7%93%E6%B0%8F%E6%8E%92%E5%90%8D
居;1;中国姓氏排名 https://zh.wikipedia.org/wiki/%E4%B8%AD%E5%9B%BD%E5%A7%93%E6%B0%8F%E6%8E%92%E5%90%8D
衣;1;中国姓氏排名 https://zh.wikipedia.org/wiki/%E4%B8%AD%E5%9B%BD%E5%A7%93%E6%B0%8F%E6%8E%92%E5%90%8D
富;1;中国姓氏排名 https://zh.wikipedia.org/wiki/%E4%B8%AD%E5%9B%BD%E5%A7%93%E6%B0%8F%E6%8E%92%E5%90%8D
田;1;中国姓氏排名 https://zh.wikipedia.org/wiki/%E4%B8%AD%E5%9B%BD%E5%A7%93%E6%B0%8F%E6%8E%92%E5%90%8D
程;1;中国姓氏排名 https://zh.wikipedia.org/wiki/%E4%B8%AD%E5%9B%BD%E5%A7%93%E6%B0%8F%E6%8E%92%E5%90%8D
崔;1;中国姓氏排名 https://zh.wikipedia.org/wiki/%E4%B8%AD%E5%9B%BD%E5%A7%93%E6%B0%8F%E6%8E%92%E5%90%8D
韋;1;中国姓氏排名 https://zh.wikipedia.org/wiki/%E4%B8%AD%E5%9B%BD%E5%A7%93%E6%B0%8F%E6%8E%92%E5%90%8D
江;1;中国姓氏排名 https://zh.wikipedia.org/wiki/%E4%B8%AD%E5%9B%BD%E5%A7%93%E6%B0%8F%E6%8E%92%E5%90%8D
賀;1;中国姓氏排名 https://zh.wikipedia.org/wiki/%E4%B8%AD%E5%9B%BD%E5%A7%93%E6%B0%8F%E6%8E%92%E5%90%8D
覃;1;中国姓氏排名 https://zh.wikipedia.org/wiki/%E4%B8%AD%E5%9B%BD%E5%A7%93%E6%B0%8F%E6%8E%92%E5%90%8D
施;1;中国姓氏排名 https://zh.wikipedia.org/wiki/%E4%B8%AD%E5%9B%BD%E5%A7%93%E6%B0%8F%E6%8E%92%E5%90%8D
伍;1;中国姓氏排名 https://zh.wikipedia.org/wiki/%E4%B8%AD%E5%9B%BD%E5%A7%93%E6%B0%8F%E6%8E%92%E5%90%8D
殷;1;中国姓氏排名 https://zh.wikipedia.org/wiki/%E4%B8%AD%E5%9B%BD%E5%A7%93%E6%B0%8F%E6%8E%92%E5%90%8D
柳;1;中国姓氏排名 https://zh.wikipedia.org/wiki/%E4%B8%AD%E5%9B%BD%E5%A7%93%E6%B0%8F%E6%8E%92%E5%90%8D
紀;1;中国姓氏排名 https://zh.wikipedia.org/wiki/%E4%B8%AD%E5%9B%BD%E5%A7%93%E6%B0%8F%E6%8E%92%E5%90%8D
成;1;中国姓氏排名 https://zh.wikipedia.org/wiki/%E4%B8%AD%E5%9B%BD%E5%A7%93%E6%B0%8F%E6%8E%92%E5%90%8D
遊;1;中国姓氏排名 https://zh.wikipedia.org/wiki/%E4%B8%AD%E5%9B%BD%E5%A7%93%E6%B0%8F%E6%8E%92%E5%90%8D
祁;1;中国姓氏排名 https://zh.wikipedia.org/wiki/%E4%B8%AD%E5%9B%BD%E5%A7%93%E6%B0%8F%E6%8E%92%E5%90%8D
陽;1;中国姓氏排名 https://zh.wikipedia.org/wiki/%E4%B8%AD%E5%9B%BD%E5%A7%93%E6%B0%8F%E6%8E%92%E5%90%8D
車;1;中国姓氏排名 https://zh.wikipedia.org/wiki/%E4%B8%AD%E5%9B%BD%E5%A7%93%E6%B0%8F%E6%8E%92%E5%90%8D
景;1;中国姓氏排名 https://zh.wikipedia.org/wiki/%E4%B8%AD%E5%9B%BD%E5%A7%93%E6%B0%8F%E6%8E%92%E5%90%8D
柏;1;中国姓氏排名 https://zh.wikipedia.org/wiki/%E4%B8%AD%E5%9B%BD%E5%A7%93%E6%B0%8F%E6%8E%92%E5%90%8D
邬;1;中国姓氏排名 https://zh.wikipedia.org/wiki/%E4%B8%AD%E5%9B%BD%E5%A7%93%E6%B0%8F%E6%8E%92%E5%90%8D
刁;1;中国姓氏排名 https://zh.wikipedia.org/wiki/%E4%B8%AD%E5%9B%BD%E5%A7%93%E6%B0%8F%E6%8E%92%E5%90%8D
虞;1;中国姓氏排名 https://zh.wikipedia.org/wiki/%E4%B8%AD%E5%9B%BD%E5%A7%93%E6%B0%8F%E6%8E%92%E5%90%8D
邝;1;中国姓氏排名 https://zh.wikipedia.org/wiki/%E4%B8%AD%E5%9B%BD%E5%A7%93%E6%B0%8F%E6%8E%92%E5%90%8D
郁;1;中国姓氏排名 https://zh.wikipedia.org/wiki/%E4%B8%AD%E5%9B%BD%E5%A7%93%E6%B0%8F%E6%8E%92%E5%90%8D
勞;1;中国姓氏排名 https://zh.wikipedia.org/wiki/%E4%B8%AD%E5%9B%BD%E5%A7%93%E6%B0%8F%E6%8E%92%E5%90%8D
聞;1;中国姓氏排名 https://zh.wikipedia.org/wiki/%E4%B8%AD%E5%9B%BD%E5%A7%93%E6%B0%8F%E6%8E%92%E5%90%8D
權;1;中国姓氏排名 https://zh.wikipedia.org/wiki/%E4%B8%AD%E5%9B%BD%E5%A7%93%E6%B0%8F%E6%8E%92%E5%90%8D
井;1;中国姓氏排名 https://zh.wikipedia.org/wiki/%E4%B8%AD%E5%9B%BD%E5%A7%93%E6%B0%8F%E6%8E%92%E5%90%8D
計;1;中国姓氏排名 https://zh.wikipedia.org/wiki/%E4%B8%AD%E5%9B%BD%E5%A7%93%E6%B0%8F%E6%8E%92%E5%90%8D
來;1;中国姓氏排名 https://zh.wikipedia.org/wiki/%E4%B8%AD%E5%9B%BD%E5%A7%93%E6%B0%8F%E6%8E%92%E5%90%8D
鹿;1;中国姓氏排名 https://zh.wikipedia.org/wiki/%E4%B8%AD%E5%9B%BD%E5%A7%93%E6%B0%8F%E6%8E%92%E5%90%8D
亓;1;中国姓氏排名 https://zh.wikipedia.org/wiki/%E4%B8%AD%E5%9B%BD%E5%A7%93%E6%B0%8F%E6%8E%92%E5%90%8D
逯;1;中国姓氏排名 https://zh.wikipedia.org/wiki/%E4%B8%AD%E5%9B%BD%E5%A7%93%E6%B0%8F%E6%8E%92%E5%90%8D
嵇;1;中国姓氏排名 https://zh.wikipedia.org/wiki/%E4%B8%AD%E5%9B%BD%E5%A7%93%E6%B0%8F%E6%8E%92%E5%90%8D
呼;1;中国姓氏排名 https://zh.wikipedia.org/wiki/%E4%B8%AD%E5%9B%BD%E5%A7%93%E6%B0%8F%E6%8E%92%E5%90%8D
檀;1;中国姓氏排名 https://zh.wikipedia.org/wiki/%E4%B8%AD%E5%9B%BD%E5%A7%93%E6%B0%8F%E6%8E%92%E5%90%8D
衡;1;中国姓氏排名 https://zh.wikipedia.org/wiki/%E4%B8%AD%E5%9B%BD%E5%A7%93%E6%B0%8F%E6%8E%92%E5%90%8D
和;1;中国姓氏排名 https://zh.wikipedia.org/wiki/%E4%B8%AD%E5%9B%BD%E5%A7%93%E6%B0%8F%E6%8E%92%E5%90%8D
桑;1;中国姓氏排名 https://zh.wikipedia.org/wiki/%E4%B8%AD%E5%9B%BD%E5%A7%93%E6%B0%8F%E6%8E%92%E5%90%8D
池;1;中国姓氏排名 https://zh.wikipedia.org/wiki/%E4%B8%AD%E5%9B%BD%E5%A7%93%E6%B0%8F%E6%8E%92%E5%90%8D
鞠;1;中国姓氏排名 https://zh.wikipedia.org/wiki/%E4%B8%AD%E5%9B%BD%E5%A7%93%E6%B0%8F%E6%8E%92%E5%90%8D
唐;1;中国姓氏排名 https://zh.wikipedia.org/wiki/%E4%B8%AD%E5%9B%BD%E5%A7%93%E6%B0%8F%E6%8E%92%E5%90%8D
潘;1;中国姓氏排名 https://zh.wikipedia.org/wiki/%E4%B8%AD%E5%9B%BD%E5%A7%93%E6%B0%8F%E6%8E%92%E5%90%8D
魏;1;中国姓氏排名 https://zh.wikipedia.org/wiki/%E4%B8%AD%E5%9B%BD%E5%A7%93%E6%B0%8F%E6%8E%92%E5%90%8D
姜;1;中国姓氏排名 https://zh.wikipedia.org/wiki/%E4%B8%AD%E5%9B%BD%E5%A7%93%E6%B0%8F%E6%8E%92%E5%90%8D
賈;1;中国姓氏排名 https://zh.wikipedia.org/wiki/%E4%B8%AD%E5%9B%BD%E5%A7%93%E6%B0%8F%E6%8E%92%E5%90%8D
白;1;中国姓氏排名 https://zh.wikipedia.org/wiki/%E4%B8%AD%E5%9B%BD%E5%A7%93%E6%B0%8F%E6%8E%92%E5%90%8D
陶;1;中国姓氏排名 https://zh.wikipedia.org/wiki/%E4%B8%AD%E5%9B%BD%E5%A7%93%E6%B0%8F%E6%8E%92%E5%90%8D
賴;1;中国姓氏排名 https://zh.wikipedia.org/wiki/%E4%B8%AD%E5%9B%BD%E5%A7%93%E6%B0%8F%E6%8E%92%E5%90%8D
康;1;中国姓氏排名 https://zh.wikipedia.org/wiki/%E4%B8%AD%E5%9B%BD%E5%A7%93%E6%B0%8F%E6%8E%92%E5%90%8D
喬;1;中国姓氏排名 https://zh.wikipedia.org/wiki/%E4%B8%AD%E5%9B%BD%E5%A7%93%E6%B0%8F%E6%8E%92%E5%90%8D
翟;1;中国姓氏排名 https://zh.wikipedia.org/wiki/%E4%B8%AD%E5%9B%BD%E5%A7%93%E6%B0%8F%E6%8E%92%E5%90%8D
左;1;中国姓氏排名 https://zh.wikipedia.org/wiki/%E4%B8%AD%E5%9B%BD%E5%A7%93%E6%B0%8F%E6%8E%92%E5%90%8D
柯;1;中国姓氏排名 https://zh.wikipedia.org/wiki/%E4%B8%AD%E5%9B%BD%E5%A7%93%E6%B0%8F%E6%8E%92%E5%90%8D
塗;1;中国姓氏排名 https://zh.wikipedia.org/wiki/%E4%B8%AD%E5%9B%BD%E5%A7%93%E6%B0%8F%E6%8E%92%E5%90%8D
路;1;中国姓氏排名 https://zh.wikipedia.org/wiki/%E4%B8%AD%E5%9B%BD%E5%A7%93%E6%B0%8F%E6%8E%92%E5%90%8D
喻;1;中国姓氏排名 https://zh.wikipedia.org/wiki/%E4%B8%AD%E5%9B%BD%E5%A7%93%E6%B0%8F%E6%8E%92%E5%90%8D
尤;1;中国姓氏排名 https://zh.wikipedia.org/wiki/%E4%B8%AD%E5%9B%BD%E5%A7%93%E6%B0%8F%E6%8E%92%E5%90%8D
簡;1;中国姓氏排名 https://zh.wikipedia.org/wiki/%E4%B8%AD%E5%9B%BD%E5%A7%93%E6%B0%8F%E6%8E%92%E5%90%8D
岑;1;中国姓氏排名 https://zh.wikipedia.org/wiki/%E4%B8%AD%E5%9B%BD%E5%A7%93%E6%B0%8F%E6%8E%92%E5%90%8D
米;1;中国姓氏排名 https://zh.wikipedia.org/wiki/%E4%B8%AD%E5%9B%BD%E5%A7%93%E6%B0%8F%E6%8E%92%E5%90%8D
苟;1;中国姓氏排名 https://zh.wikipedia.org/wiki/%E4%B8%AD%E5%9B%BD%E5%A7%93%E6%B0%8F%E6%8E%92%E5%90%8D
商;1;中国姓氏排名 https://zh.wikipedia.org/wiki/%E4%B8%AD%E5%9B%BD%E5%A7%93%E6%B0%8F%E6%8E%92%E5%90%8D
仲;1;中国姓氏排名 https://zh.wikipedia.org/wiki/%E4%B8%AD%E5%9B%BD%E5%A7%93%E6%B0%8F%E6%8E%92%E5%90%8D
遲;1;中国姓氏排名 https://zh.wikipedia.org/wiki/%E4%B8%AD%E5%9B%BD%E5%A7%93%E6%B0%8F%E6%8E%92%E5%90%8D
冀;1;中国姓氏排名 https://zh.wikipedia.org/wiki/%E4%B8%AD%E5%9B%BD%E5%A7%93%E6%B0%8F%E6%8E%92%E5%90%8D
鄢;1;中国姓氏排名 https://zh.wikipedia.org/wiki/%E4%B8%AD%E5%9B%BD%E5%A7%93%E6%B0%8F%E6%8E%92%E5%90%8D
滿;1;中国姓氏排名 https://zh.wikipedia.org/wiki/%E4%B8%AD%E5%9B%BD%E5%A7%93%E6%B0%8F%E6%8E%92%E5%90%8D
花;1;中国姓氏排名 https://zh.wikipedia.org/wiki/%E4%B8%AD%E5%9B%BD%E5%A7%93%E6%B0%8F%E6%8E%92%E5%90%8D
禹;1;中国姓氏排名 https://zh.wikipedia.org/wiki/%E4%B8%AD%E5%9B%BD%E5%A7%93%E6%B0%8F%E6%8E%92%E5%90%8D
平;1;中国姓氏排名 https://zh.wikipedia.org/wiki/%E4%B8%AD%E5%9B%BD%E5%A7%93%E6%B0%8F%E6%8E%92%E5%90%8D
敬;1;中国姓氏排名 https://zh.wikipedia.org/wiki/%E4%B8%AD%E5%9B%BD%E5%A7%93%E6%B0%8F%E6%8E%92%E5%90%8D
伏;1;中国姓氏排名 https://zh.wikipedia.org/wiki/%E4%B8%AD%E5%9B%BD%E5%A7%93%E6%B0%8F%E6%8E%92%E5%90%8D
裘;1;中国姓氏排名 https://zh.wikipedia.org/wiki/%E4%B8%AD%E5%9B%BD%E5%A7%93%E6%B0%8F%E6%8E%92%E5%90%8D
印;1;中国姓氏排名 https://zh.wikipedia.org/wiki/%E4%B8%AD%E5%9B%BD%E5%A7%93%E6%B0%8F%E6%8E%92%E5%90%8D
亢;1;中国姓氏排名 https://zh.wikipedia.org/wiki/%E4%B8%AD%E5%9B%BD%E5%A7%93%E6%B0%8F%E6%8E%92%E5%90%8D
於;1;中国姓氏排名 https://zh.wikipedia.org/wiki/%E4%B8%AD%E5%9B%BD%E5%A7%93%E6%B0%8F%E6%8E%92%E5%90%8D
束;1;中国姓氏排名 https://zh.wikipedia.org/wiki/%E4%B8%AD%E5%9B%BD%E5%A7%93%E6%B0%8F%E6%8E%92%E5%90%8D
植;1;中国姓氏排名 https://zh.wikipedia.org/wiki/%E4%B8%AD%E5%9B%BD%E5%A7%93%E6%B0%8F%E6%8E%92%E5%90%8D
蔡;1;中国姓氏排名 https://zh.wikipedia.org/wiki/%E4%B8%AD%E5%9B%BD%E5%A7%93%E6%B0%8F%E6%8E%92%E5%90%8D
蘇;1;中国姓氏排名 https://zh.wikipedia.org/wiki/%E4%B8%AD%E5%9B%BD%E5%A7%93%E6%B0%8F%E6%8E%92%E5%90%8D
鍾;1;中国姓氏排名 https://zh.wikipedia.org/wiki/%E4%B8%AD%E5%9B%BD%E5%A7%93%E6%B0%8F%E6%8E%92%E5%90%8D
戴;1;中国姓氏排名 https://zh.wikipedia.org/wiki/%E4%B8%AD%E5%9B%BD%E5%A7%93%E6%B0%8F%E6%8E%92%E5%90%8D
秦;1;中国姓氏排名 https://zh.wikipedia.org/wiki/%E4%B8%AD%E5%9B%BD%E5%A7%93%E6%B0%8F%E6%8E%92%E5%90%8D
龍;1;中国姓氏排名 https://zh.wikipedia.org/wiki/%E4%B8%AD%E5%9B%BD%E5%A7%93%E6%B0%8F%E6%8E%92%E5%90%8D
嚴;1;中国姓氏排名 https://zh.wikipedia.org/wiki/%E4%B8%AD%E5%9B%BD%E5%A7%93%E6%B0%8F%E6%8E%92%E5%90%8D
溫;1;中国姓氏排名 https://zh.wikipedia.org/wiki/%E4%B8%AD%E5%9B%BD%E5%A7%93%E6%B0%8F%E6%8E%92%E5%90%8D
易;1;中国姓氏排名 https://zh.wikipedia.org/wiki/%E4%B8%AD%E5%9B%BD%E5%A7%93%E6%B0%8F%E6%8E%92%E5%90%8D
嶽;1;中国姓氏排名 https://zh.wikipedia.org/wiki/%E4%B8%AD%E5%9B%BD%E5%A7%93%E6%B0%8F%E6%8E%92%E5%90%8D
俞;1;中国姓氏排名 https://zh.wikipedia.org/wiki/%E4%B8%AD%E5%9B%BD%E5%A7%93%E6%B0%8F%E6%8E%92%E5%90%8D
阮;1;中国姓氏排名 https://zh.wikipedia.org/wiki/%E4%B8%AD%E5%9B%BD%E5%A7%93%E6%B0%8F%E6%8E%92%E5%90%8D
霍;1;中国姓氏排名 https://zh.wikipedia.org/wiki/%E4%B8%AD%E5%9B%BD%E5%A7%93%E6%B0%8F%E6%8E%92%E5%90%8D
藍;1;中国姓氏排名 https://zh.wikipedia.org/wiki/%E4%B8%AD%E5%9B%BD%E5%A7%93%E6%B0%8F%E6%8E%92%E5%90%8D
華;1;中国姓氏排名 https://zh.wikipedia.org/wiki/%E4%B8%AD%E5%9B%BD%E5%A7%93%E6%B0%8F%E6%8E%92%E5%90%8D
艾;1;中国姓氏排名 https://zh.wikipedia.org/wiki/%E4%B8%AD%E5%9B%BD%E5%A7%93%E6%B0%8F%E6%8E%92%E5%90%8D
缪;1;中国姓氏排名 https://zh.wikipedia.org/wiki/%E4%B8%AD%E5%9B%BD%E5%A7%93%E6%B0%8F%E6%8E%92%E5%90%8D
戚;1;中国姓氏排名 https://zh.wikipedia.org/wiki/%E4%B8%AD%E5%9B%BD%E5%A7%93%E6%B0%8F%E6%8E%92%E5%90%8D
衛;1;中国姓氏排名 https://zh.wikipedia.org/wiki/%E4%B8%AD%E5%9B%BD%E5%A7%93%E6%B0%8F%E6%8E%92%E5%90%8D
闵;1;中国姓氏排名 https://zh.wikipedia.org/wiki/%E4%B8%AD%E5%9B%BD%E5%A7%93%E6%B0%8F%E6%8E%92%E5%90%8D
隋;1;中国姓氏排名 https://zh.wikipedia.org/wiki/%E4%B8%AD%E5%9B%BD%E5%A7%93%E6%B0%8F%E6%8E%92%E5%90%8D
叢;1;中国姓氏排名 https://zh.wikipedia.org/wiki/%E4%B8%AD%E5%9B%BD%E5%A7%93%E6%B0%8F%E6%8E%92%E5%90%8D
苑;1;中国姓氏排名 https://zh.wikipedia.org/wiki/%E4%B8%AD%E5%9B%BD%E5%A7%93%E6%B0%8F%E6%8E%92%E5%90%8D
樂;1;中国姓氏排名 https://zh.wikipedia.org/wiki/%E4%B8%AD%E5%9B%BD%E5%A7%93%E6%B0%8F%E6%8E%92%E5%90%8D
楚;1;中国姓氏排名 https://zh.wikipedia.org/wiki/%E4%B8%AD%E5%9B%BD%E5%A7%93%E6%B0%8F%E6%8E%92%E5%90%8D
盤;1;中国姓氏排名 https://zh.wikipedia.org/wiki/%E4%B8%AD%E5%9B%BD%E5%A7%93%E6%B0%8F%E6%8E%92%E5%90%8D
阚;1;中国姓氏排名 https://zh.wikipedia.org/wiki/%E4%B8%AD%E5%9B%BD%E5%A7%93%E6%B0%8F%E6%8E%92%E5%90%8D
廉;1;中国姓氏排名 https://zh.wikipedia.org/wiki/%E4%B8%AD%E5%9B%BD%E5%A7%93%E6%B0%8F%E6%8E%92%E5%90%8D
狄;1;中国姓氏排名 https://zh.wikipedia.org/wiki/%E4%B8%AD%E5%9B%BD%E5%A7%93%E6%B0%8F%E6%8E%92%E5%90%8D
容;1;中国姓氏排名 https://zh.wikipedia.org/wiki/%E4%B8%AD%E5%9B%BD%E5%A7%93%E6%B0%8F%E6%8E%92%E5%90%8D
戈;1;中国姓氏排名 https://zh.wikipedia.org/wiki/%E4%B8%AD%E5%9B%BD%E5%A7%93%E6%B0%8F%E6%8E%92%E5%90%8D
母;1;中国姓氏排名 https://zh.wikipedia.org/wiki/%E4%B8%AD%E5%9B%BD%E5%A7%93%E6%B0%8F%E6%8E%92%E5%90%8D
鮮;1;中国姓氏排名 https://zh.wikipedia.org/wiki/%E4%B8%AD%E5%9B%BD%E5%A7%93%E6%B0%8F%E6%8E%92%E5%90%8D
銀;1;中国姓氏排名 https://zh.wikipedia.org/wiki/%E4%B8%AD%E5%9B%BD%E5%A7%93%E6%B0%8F%E6%8E%92%E5%90%8D
利;1;中国姓氏排名 https://zh.wikipedia.org/wiki/%E4%B8%AD%E5%9B%BD%E5%A7%93%E6%B0%8F%E6%8E%92%E5%90%8D
元;1;中国姓氏排名 https://zh.wikipedia.org/wiki/%E4%B8%AD%E5%9B%BD%E5%A7%93%E6%B0%8F%E6%8E%92%E5%90%8D
奉;1;中国姓氏排名 https://zh.wikipedia.org/wiki/%E4%B8%AD%E5%9B%BD%E5%A7%93%E6%B0%8F%E6%8E%92%E5%90%8D
原;1;中国姓氏排名 https://zh.wikipedia.org/wiki/%E4%B8%AD%E5%9B%BD%E5%A7%93%E6%B0%8F%E6%8E%92%E5%90%8D
冼;1;中国姓氏排名 https://zh.wikipedia.org/wiki/%E4%B8%AD%E5%9B%BD%E5%A7%93%E6%B0%8F%E6%8E%92%E5%90%8D
區;1;中国姓氏排名 https://zh.wikipedia.org/wiki/%E4%B8%AD%E5%9B%BD%E5%A7%93%E6%B0%8F%E6%8E%92%E5%90%8D
樸;1;中国姓氏排名 https://zh.wikipedia.org/wiki/%E4%B8%AD%E5%9B%BD%E5%A7%93%E6%B0%8F%E6%8E%92%E5%90%8D
支;1;中国姓氏排名 https://zh.wikipedia.org/wiki/%E4%B8%AD%E5%9B%BD%E5%A7%93%E6%B0%8F%E6%8E%92%E5%90%8D
初;1;中国姓氏排名 https://zh.wikipedia.org/wiki/%E4%B8%AD%E5%9B%BD%E5%A7%93%E6%B0%8F%E6%8E%92%E5%90%8D
普;1;中国姓氏排名 https://zh.wikipedia.org/wiki/%E4%B8%AD%E5%9B%BD%E5%A7%93%E6%B0%8F%E6%8E%92%E5%90%8D
羊;1;中国姓氏排名 https://zh.wikipedia.org/wiki/%E4%B8%AD%E5%9B%BD%E5%A7%93%E6%B0%8F%E6%8E%92%E5%90%8D
況;1;中国姓氏排名 https://zh.wikipedia.org/wiki/%E4%B8%AD%E5%9B%BD%E5%A7%93%E6%B0%8F%E6%8E%92%E5%90%8D
慕;1;中国姓氏排名 https://zh.wikipedia.org/wiki/%E4%B8%AD%E5%9B%BD%E5%A7%93%E6%B0%8F%E6%8E%92%E5%90%8D
戎;1;中国姓氏排名 https://zh.wikipedia.org/wiki/%E4%B8%AD%E5%9B%BD%E5%A7%93%E6%B0%8F%E6%8E%92%E5%90%8D
尉;1;中国姓氏排名 https://zh.wikipedia.org/wiki/%E4%B8%AD%E5%9B%BD%E5%A7%93%E6%B0%8F%E6%8E%92%E5%90%8D
昝;1;中国姓氏排名 https://zh.wikipedia.org/wiki/%E4%B8%AD%E5%9B%BD%E5%A7%93%E6%B0%8F%E6%8E%92%E5%90%8D
彭;1;中国姓氏排名 https://zh.wikipedia.org/wiki/%E4%B8%AD%E5%9B%BD%E5%A7%93%E6%B0%8F%E6%8E%92%E5%90%8D
蔣;1;中国姓氏排名 https://zh.wikipedia.org/wiki/%E4%B8%AD%E5%9B%BD%E5%A7%93%E6%B0%8F%E6%8E%92%E5%90%8D
盧;1;中国姓氏排名 https://zh.wikipedia.org/wiki/%E4%B8%AD%E5%9B%BD%E5%A7%93%E6%B0%8F%E6%8E%92%E5%90%8D
金;1;中国姓氏排名 https://zh.wikipedia.org/wiki/%E4%B8%AD%E5%9B%BD%E5%A7%93%E6%B0%8F%E6%8E%92%E5%90%8D
熊;1;中国姓氏排名 https://zh.wikipedia.org/wiki/%E4%B8%AD%E5%9B%BD%E5%A7%93%E6%B0%8F%E6%8E%92%E5%90%8D
黎;1;中国姓氏排名 https://zh.wikipedia.org/wiki/%E4%B8%AD%E5%9B%BD%E5%A7%93%E6%B0%8F%E6%8E%92%E5%90%8D
萬;1;中国姓氏排名 https://zh.wikipedia.org/wiki/%E4%B8%AD%E5%9B%BD%E5%A7%93%E6%B0%8F%E6%8E%92%E5%90%8D
向;1;中国姓氏排名 https://zh.wikipedia.org/wiki/%E4%B8%AD%E5%9B%BD%E5%A7%93%E6%B0%8F%E6%8E%92%E5%90%8D
安;1;中国姓氏排名 https://zh.wikipedia.org/wiki/%E4%B8%AD%E5%9B%BD%E5%A7%93%E6%B0%8F%E6%8E%92%E5%90%8D
章;1;中国姓氏排名 https://zh.wikipedia.org/wiki/%E4%B8%AD%E5%9B%BD%E5%A7%93%E6%B0%8F%E6%8E%92%E5%90%8D
蘭;1;中国姓氏排名 https://zh.wikipedia.org/wiki/%E4%B8%AD%E5%9B%BD%E5%A7%93%E6%B0%8F%E6%8E%92%E5%90%8D
符;1;中国姓氏排名 https://zh.wikipedia.org/wiki/%E4%B8%AD%E5%9B%BD%E5%A7%93%E6%B0%8F%E6%8E%92%E5%90%8D
季;1;中国姓氏排名 https://zh.wikipedia.org/wiki/%E4%B8%AD%E5%9B%BD%E5%A7%93%E6%B0%8F%E6%8E%92%E5%90%8D
冉;1;中国姓氏排名 https://zh.wikipedia.org/wiki/%E4%B8%AD%E5%9B%BD%E5%A7%93%E6%B0%8F%E6%8E%92%E5%90%8D
蒙;1;中国姓氏排名 https://zh.wikipedia.org/wiki/%E4%B8%AD%E5%9B%BD%E5%A7%93%E6%B0%8F%E6%8E%92%E5%90%8D
解;1;中国姓氏排名 https://zh.wikipedia.org/wiki/%E4%B8%AD%E5%9B%BD%E5%A7%93%E6%B0%8F%E6%8E%92%E5%90%8D
古;1;中国姓氏排名 https://zh.wikipedia.org/wiki/%E4%B8%AD%E5%9B%BD%E5%A7%93%E6%B0%8F%E6%8E%92%E5%90%8D
婁;1;中国姓氏排名 https://zh.wikipedia.org/wiki/%E4%B8%AD%E5%9B%BD%E5%A7%93%E6%B0%8F%E6%8E%92%E5%90%8D
晏;1;中国姓氏排名 https://zh.wikipedia.org/wiki/%E4%B8%AD%E5%9B%BD%E5%A7%93%E6%B0%8F%E6%8E%92%E5%90%8D
應;1;中国姓氏排名 https://zh.wikipedia.org/wiki/%E4%B8%AD%E5%9B%BD%E5%A7%93%E6%B0%8F%E6%8E%92%E5%90%8D
仇;1;中国姓氏排名 https://zh.wikipedia.org/wiki/%E4%B8%AD%E5%9B%BD%E5%A7%93%E6%B0%8F%E6%8E%92%E5%90%8D
郎;1;中国姓氏排名 https://zh.wikipedia.org/wiki/%E4%B8%AD%E5%9B%BD%E5%A7%93%E6%B0%8F%E6%8E%92%E5%90%8D
查;1;中国姓氏排名 https://zh.wikipedia.org/wiki/%E4%B8%AD%E5%9B%BD%E5%A7%93%E6%B0%8F%E6%8E%92%E5%90%8D
惠;1;中国姓氏排名 https://zh.wikipedia.org/wiki/%E4%B8%AD%E5%9B%BD%E5%A7%93%E6%B0%8F%E6%8E%92%E5%90%8D
栗;1;中国姓氏排名 https://zh.wikipedia.org/wiki/%E4%B8%AD%E5%9B%BD%E5%A7%93%E6%B0%8F%E6%8E%92%E5%90%8D
蔺;1;中国姓氏排名 https://zh.wikipedia.org/wiki/%E4%B8%AD%E5%9B%BD%E5%A7%93%E6%B0%8F%E6%8E%92%E5%90%8D
郜;1;中国姓氏排名 https://zh.wikipedia.org/wiki/%E4%B8%AD%E5%9B%BD%E5%A7%93%E6%B0%8F%E6%8E%92%E5%90%8D
蓋;1;中国姓氏排名 https://zh.wikipedia.org/wiki/%E4%B8%AD%E5%9B%BD%E5%A7%93%E6%B0%8F%E6%8E%92%E5%90%8D
卿;1;中国姓氏排名 https://zh.wikipedia.org/wiki/%E4%B8%AD%E5%9B%BD%E5%A7%93%E6%B0%8F%E6%8E%92%E5%90%8D
門;1;中国姓氏排名 https://zh.wikipedia.org/wiki/%E4%B8%AD%E5%9B%BD%E5%A7%93%E6%B0%8F%E6%8E%92%E5%90%8D
阙;1;中国姓氏排名 https://zh.wikipedia.org/wiki/%E4%B8%AD%E5%9B%BD%E5%A7%93%E6%B0%8F%E6%8E%92%E5%90%8D
阿;1;中国姓氏排名 https://zh.wikipedia.org/wiki/%E4%B8%AD%E5%9B%BD%E5%A7%93%E6%B0%8F%E6%8E%92%E5%90%8D
那;1;中国姓氏排名 https://zh.wikipedia.org/wiki/%E4%B8%AD%E5%9B%BD%E5%A7%93%E6%B0%8F%E6%8E%92%E5%90%8D
危;1;中国姓氏排名 https://zh.wikipedia.org/wiki/%E4%B8%AD%E5%9B%BD%E5%A7%93%E6%B0%8F%E6%8E%92%E5%90%8D
勾;1;中国姓氏排名 https://zh.wikipedia.org/wiki/%E4%B8%AD%E5%9B%BD%E5%A7%93%E6%B0%8F%E6%8E%92%E5%90%8D
冶;1;中国姓氏排名 https://zh.wikipedia.org/wiki/%E4%B8%AD%E5%9B%BD%E5%A7%93%E6%B0%8F%E6%8E%92%E5%90%8D
智;1;中国姓氏排名 https://zh.wikipedia.org/wiki/%E4%B8%AD%E5%9B%BD%E5%A7%93%E6%B0%8F%E6%8E%92%E5%90%8D
蕭;1;中国姓氏排名 https://zh.wikipedia.org/wiki/%E4%B8%AD%E5%9B%BD%E5%A7%93%E6%B0%8F%E6%8E%92%E5%90%8D
杜;1;中国姓氏排名 https://zh.wikipedia.org/wiki/%E4%B8%AD%E5%9B%BD%E5%A7%93%E6%B0%8F%E6%8E%92%E5%90%8D
傅;1;中国姓氏排名 https://zh.wikipedia.org/wiki/%E4%B8%AD%E5%9B%BD%E5%A7%93%E6%B0%8F%E6%8E%92%E5%90%8D
石;1;中国姓氏排名 https://zh.wikipedia.org/wiki/%E4%B8%AD%E5%9B%BD%E5%A7%93%E6%B0%8F%E6%8E%92%E5%90%8D
孟;1;中国姓氏排名 https://zh.wikipedia.org/wiki/%E4%B8%AD%E5%9B%BD%E5%A7%93%E6%B0%8F%E6%8E%92%E5%90%8D
史;1;中国姓氏排名 https://zh.wikipedia.org/wiki/%E4%B8%AD%E5%9B%BD%E5%A7%93%E6%B0%8F%E6%8E%92%E5%90%8D
錢;1;中国姓氏排名 https://zh.wikipedia.org/wiki/%E4%B8%AD%E5%9B%BD%E5%A7%93%E6%B0%8F%E6%8E%92%E5%90%8D
常;1;中国姓氏排名 https://zh.wikipedia.org/wiki/%E4%B8%AD%E5%9B%BD%E5%A7%93%E6%B0%8F%E6%8E%92%E5%90%8D
齊;1;中国姓氏排名 https://zh.wikipedia.org/wiki/%E4%B8%AD%E5%9B%BD%E5%A7%93%E6%B0%8F%E6%8E%92%E5%90%8D
魯;1;中国姓氏排名 https://zh.wikipedia.org/wiki/%E4%B8%AD%E5%9B%BD%E5%A7%93%E6%B0%8F%E6%8E%92%E5%90%8D
焦;1;中国姓氏排名 https://zh.wikipedia.org/wiki/%E4%B8%AD%E5%9B%BD%E5%A7%93%E6%B0%8F%E6%8E%92%E5%90%8D
舒;1;中国姓氏排名 https://zh.wikipedia.org/wiki/%E4%B8%AD%E5%9B%BD%E5%A7%93%E6%B0%8F%E6%8E%92%E5%90%8D
裴;1;中国姓氏排名 https://zh.wikipedia.org/wiki/%E4%B8%AD%E5%9B%BD%E5%A7%93%E6%B0%8F%E6%8E%92%E5%90%8D
駱;1;中国姓氏排名 https://zh.wikipedia.org/wiki/%E4%B8%AD%E5%9B%BD%E5%A7%93%E6%B0%8F%E6%8E%92%E5%90%8D
鮑;1;中国姓氏排名 https://zh.wikipedia.org/wiki/%E4%B8%AD%E5%9B%BD%E5%A7%93%E6%B0%8F%E6%8E%92%E5%90%8D
牟;1;中国姓氏排名 https://zh.wikipedia.org/wiki/%E4%B8%AD%E5%9B%BD%E5%A7%93%E6%B0%8F%E6%8E%92%E5%90%8D
吉;1;中国姓氏排名 https://zh.wikipedia.org/wiki/%E4%B8%AD%E5%9B%BD%E5%A7%93%E6%B0%8F%E6%8E%92%E5%90%8D
窦;1;中国姓氏排名 https://zh.wikipedia.org/wiki/%E4%B8%AD%E5%9B%BD%E5%A7%93%E6%B0%8F%E6%8E%92%E5%90%8D
席;1;中国姓氏排名 https://zh.wikipedia.org/wiki/%E4%B8%AD%E5%9B%BD%E5%A7%93%E6%B0%8F%E6%8E%92%E5%90%8D
臧;1;中国姓氏排名 https://zh.wikipedia.org/wiki/%E4%B8%AD%E5%9B%BD%E5%A7%93%E6%B0%8F%E6%8E%92%E5%90%8D
栾;1;中国姓氏排名 https://zh.wikipedia.org/wiki/%E4%B8%AD%E5%9B%BD%E5%A7%93%E6%B0%8F%E6%8E%92%E5%90%8D
甄;1;中国姓氏排名 https://zh.wikipedia.org/wiki/%E4%B8%AD%E5%9B%BD%E5%A7%93%E6%B0%8F%E6%8E%92%E5%90%8D
麻;1;中国姓氏排名 https://zh.wikipedia.org/wiki/%E4%B8%AD%E5%9B%BD%E5%A7%93%E6%B0%8F%E6%8E%92%E5%90%8D
荊;1;中国姓氏排名 https://zh.wikipedia.org/wiki/%E4%B8%AD%E5%9B%BD%E5%A7%93%E6%B0%8F%E6%8E%92%E5%90%8D
燕;1;中国姓氏排名 https://zh.wikipedia.org/wiki/%E4%B8%AD%E5%9B%BD%E5%A7%93%E6%B0%8F%E6%8E%92%E5%90%8D
樓;1;中国姓氏排名 https://zh.wikipedia.org/wiki/%E4%B8%AD%E5%9B%BD%E5%A7%93%E6%B0%8F%E6%8E%92%E5%90%8D
海;1;中国姓氏排名 https://zh.wikipedia.org/wiki/%E4%B8%AD%E5%9B%BD%E5%A7%93%E6%B0%8F%E6%8E%92%E5%90%8D
練;1;中国姓氏排名 https://zh.wikipedia.org/wiki/%E4%B8%AD%E5%9B%BD%E5%A7%93%E6%B0%8F%E6%8E%92%E5%90%8D
國;1;中国姓氏排名 https://zh.wikipedia.org/wiki/%E4%B8%AD%E5%9B%BD%E5%A7%93%E6%B0%8F%E6%8E%92%E5%90%8D
雲;1;中国姓氏排名 https://zh.wikipedia.org/wiki/%E4%B8%AD%E5%9B%BD%E5%A7%93%E6%B0%8F%E6%8E%92%E5%90%8D
浦;1;中国姓氏排名 https://zh.wikipedia.org/wiki/%E4%B8%AD%E5%9B%BD%E5%A7%93%E6%B0%8F%E6%8E%92%E5%90%8D
烏;1;中国姓氏排名 https://zh.wikipedia.org/wiki/%E4%B8%AD%E5%9B%BD%E5%A7%93%E6%B0%8F%E6%8E%92%E5%90%8D
宿;1;中国姓氏排名 https://zh.wikipedia.org/wiki/%E4%B8%AD%E5%9B%BD%E5%A7%93%E6%B0%8F%E6%8E%92%E5%90%8D
玉;1;中国姓氏排名 https://zh.wikipedia.org/wiki/%E4%B8%AD%E5%9B%BD%E5%A7%93%E6%B0%8F%E6%8E%92%E5%90%8D
茅;1;中国姓氏排名 https://zh.wikipedia.org/wiki/%E4%B8%AD%E5%9B%BD%E5%A7%93%E6%B0%8F%E6%8E%92%E5%90%8D
斯;1;中国姓氏排名 https://zh.wikipedia.org/wiki/%E4%B8%AD%E5%9B%BD%E5%A7%93%E6%B0%8F%E6%8E%92%E5%90%8D
幸;1;中国姓氏排名 https://zh.wikipedia.org/wiki/%E4%B8%AD%E5%9B%BD%E5%A7%93%E6%B0%8F%E6%8E%92%E5%90%8D
一;1;中国姓氏排名 https://zh.wikipedia.org/wiki/%E4%B8%AD%E5%9B%BD%E5%A7%93%E6%B0%8F%E6%8E%92%E5%90%8D
二;1;中国姓氏排名 https://zh.wikipedia.org/wiki/%E4%B8%AD%E5%9B%BD%E5%A7%93%E6%B0%8F%E6%8E%92%E5%90%8D
三;1;中国姓氏排名 https://zh.wikipedia.org/wiki/%E4%B8%AD%E5%9B%BD%E5%A7%93%E6%B0%8F%E6%8E%92%E5%90%8D
四;1;中国姓氏排名 https://zh.wikipedia.org/wiki/%E4%B8%AD%E5%9B%BD%E5%A7%93%E6%B0%8F%E6%8E%92%E5%90%8D
五;1;中国姓氏排名 https://zh.wikipedia.org/wiki/%E4%B8%AD%E5%9B%BD%E5%A7%93%E6%B0%8F%E6%8E%92%E5%90%8D
六;1;中国姓氏排名 https://zh.wikipedia.org/wiki/%E4%B8%AD%E5%9B%BD%E5%A7%93%E6%B0%8F%E6%8E%92%E5%90%8D
七;1;中国姓氏排名 https://zh.wikipedia.org/wiki/%E4%B8%AD%E5%9B%BD%E5%A7%93%E6%B0%8F%E6%8E%92%E5%90%8D
八;1;中国姓氏排名 https://zh.wikipedia.org/wiki/%E4%B8%AD%E5%9B%BD%E5%A7%93%E6%B0%8F%E6%8E%92%E5%90%8D
九;1;中国姓氏排名 https://zh.wikipedia.org/wiki/%E4%B8%AD%E5%9B%BD%E5%A7%93%E6%B0%8F%E6%8E%92%E5%90%8D
十;1;中国姓氏排名 https://zh.wikipedia.org/wiki/%E4%B8%AD%E5%9B%BD%E5%A7%93%E6%B0%8F%E6%8E%92%E5%90%8D
百;1;中国姓氏排名 https://zh.wikipedia.org/wiki/%E4%B8%AD%E5%9B%BD%E5%A7%93%E6%B0%8F%E6%8E%92%E5%90%8D
千;1;中国姓氏排名 https://zh.wikipedia.org/wiki/%E4%B8%AD%E5%9B%BD%E5%A7%93%E6%B0%8F%E6%8E%92%E5%90%8D
億;1;中国姓氏排名 https://zh.wikipedia.org/wiki/%E4%B8%AD%E5%9B%BD%E5%A7%93%E6%B0%8F%E6%8E%92%E5%90%8D
兆;1;中国姓氏排名 https://zh.wikipedia.org/wiki/%E4%B8%AD%E5%9B%BD%E5%A7%93%E6%B0%8F%E6%8E%92%E5%90%8D
赤;1;中国姓氏排名 https://zh.wikipedia.org/wiki/%E4%B8%AD%E5%9B%BD%E5%A7%93%E6%B0%8F%E6%8E%92%E5%90%8D
橙;1;中国姓氏排名 https://zh.wikipedia.org/wiki/%E4%B8%AD%E5%9B%BD%E5%A7%93%E6%B0%8F%E6%8E%92%E5%90%8D
綠;1;中国姓氏排名 https://zh.wikipedia.org/wiki/%E4%B8%AD%E5%9B%BD%E5%A7%93%E6%B0%8F%E6%8E%92%E5%90%8D
青;1;中国姓氏排名 https://zh.wikipedia.org/wiki/%E4%B8%AD%E5%9B%BD%E5%A7%93%E6%B0%8F%E6%8E%92%E5%90%8D
紫;1;中国姓氏排名 https://zh.wikipedia.org/wiki/%E4%B8%AD%E5%9B%BD%E5%A7%93%E6%B0%8F%E6%8E%92%E5%90%8D
黑;1;中国姓氏排名 https://zh.wikipedia.org/wiki/%E4%B8%AD%E5%9B%BD%E5%A7%93%E6%B0%8F%E6%8E%92%E5%90%8D
灰;1;中国姓氏排名 https://zh.wikipedia.org/wiki/%E4%B8%AD%E5%9B%BD%E5%A7%93%E6%B0%8F%E6%8E%92%E5%90%8D
褐;1;中国姓氏排名 https://zh.wikipedia.org/wiki/%E4%B8%AD%E5%9B%BD%E5%A7%93%E6%B0%8F%E6%8E%92%E5%90%8D
漢;1;中国姓氏排名 https://zh.wikipedia.org/wiki/%E4%B8%AD%E5%9B%BD%E5%A7%93%E6%B0%8F%E6%8E%92%E5%90%8D
蜀;1;中国姓氏排名 https://zh.wikipedia.org/wiki/%E4%B8%AD%E5%9B%BD%E5%A7%93%E6%B0%8F%E6%8E%92%E5%90%8D
清;1;中国姓氏排名 https://zh.wikipedia.org/wiki/%E4%B8%AD%E5%9B%BD%E5%A7%93%E6%B0%8F%E6%8E%92%E5%90%8D
油;1;中国姓氏排名 https://zh.wikipedia.org/wiki/%E4%B8%AD%E5%9B%BD%E5%A7%93%E6%B0%8F%E6%8E%92%E5%90%8D
鹽;1;中国姓氏排名 https://zh.wikipedia.org/wiki/%E4%B8%AD%E5%9B%BD%E5%A7%93%E6%B0%8F%E6%8E%92%E5%90%8D
茶;1;中国姓氏排名 https://zh.wikipedia.org/wiki/%E4%B8%AD%E5%9B%BD%E5%A7%93%E6%B0%8F%E6%8E%92%E5%90%8D
醬;1;中国姓氏排名 https://zh.wikipedia.org/wiki/%E4%B8%AD%E5%9B%BD%E5%A7%93%E6%B0%8F%E6%8E%92%E5%90%8D
醋;1;中国姓氏排名 https://zh.wikipedia.org/wiki/%E4%B8%AD%E5%9B%BD%E5%A7%93%E6%B0%8F%E6%8E%92%E5%90%8D
上;1;中国姓氏排名 https://zh.wikipedia.org/wiki/%E4%B8%AD%E5%9B%BD%E5%A7%93%E6%B0%8F%E6%8E%92%E5%90%8D
升;1;中国姓氏排名 https://zh.wikipedia.org/wiki/%E4%B8%AD%E5%9B%BD%E5%A7%93%E6%B0%8F%E6%8E%92%E5%90%8D
月;1;中国姓氏排名 https://zh.wikipedia.org/wiki/%E4%B8%AD%E5%9B%BD%E5%A7%93%E6%B0%8F%E6%8E%92%E5%90%8D
天;1;中国姓氏排名 https://zh.wikipedia.org/wiki/%E4%B8%AD%E5%9B%BD%E5%A7%93%E6%B0%8F%E6%8E%92%E5%90%8D
涯;1;中国姓氏排名 https://zh.wikipedia.org/wiki/%E4%B8%AD%E5%9B%BD%E5%A7%93%E6%B0%8F%E6%8E%92%E5%90%8D
共;1;中国姓氏排名 https://zh.wikipedia.org/wiki/%E4%B8%AD%E5%9B%BD%E5%A7%93%E6%B0%8F%E6%8E%92%E5%90%8D
此;1;中国姓氏排名 https://zh.wikipedia.org/wiki/%E4%B8%AD%E5%9B%BD%E5%A7%93%E6%B0%8F%E6%8E%92%E5%90%8D
後;1;中国姓氏排名 https://zh.wikipedia.org/wiki/%E4%B8%AD%E5%9B%BD%E5%A7%93%E6%B0%8F%E6%8E%92%E5%90%8D
肖;1;中国姓氏排名 https://zh.wikipedia.org/wiki/%E4%B8%AD%E5%9B%BD%E5%A7%93%E6%B0%8F%E6%8E%92%E5%90%8D
闫;1;中国姓氏排名 https://zh.wikipedia.org/wiki/%E4%B8%AD%E5%9B%BD%E5%A7%93%E6%B0%8F%E6%8E%92%E5%90%8D
付;1;中国姓氏排名 https://zh.wikipedia.org/wiki/%E4%B8%AD%E5%9B%BD%E5%A7%93%E6%B0%8F%E6%8E%92%E5%90%8D
代;1;中国姓氏排名 https://zh.wikipedia.org/wiki/%E4%B8%AD%E5%9B%BD%E5%A7%93%E6%B0%8F%E6%8E%92%E5%90%8D
丘;1;中国姓氏排名 https://zh.wikipedia.org/wiki/%E4%B8%AD%E5%9B%BD%E5%A7%93%E6%B0%8F%E6%8E%92%E5%90%8D
暢;1;中国姓氏排名 https://zh.wikipedia.org/wiki/%E4%B8%AD%E5%9B%BD%E5%A7%93%E6%B0%8F%E6%8E%92%E5%90%8D
占;1;中国姓氏排名 https://zh.wikipedia.org/wiki/%E4%B8%AD%E5%9B%BD%E5%A7%93%E6%B0%8F%E6%8E%92%E5%90%8D
泮;1;中国姓氏排名 https://zh.wikipedia.org/wiki/%E4%B8%AD%E5%9B%BD%E5%A7%93%E6%B0%8F%E6%8E%92%E5%90%8D
凃;1;中国姓氏排名 https://zh.wikipedia.org/wiki/%E4%B8%AD%E5%9B%BD%E5%A7%93%E6%B0%8F%E6%8E%92%E5%90%8D
昌;1;中国姓氏排名 https://zh.wikipedia.org/wiki/%E4%B8%AD%E5%9B%BD%E5%A7%93%E6%B0%8F%E6%8E%92%E5%90%8D
揚;1;中国姓氏排名 https://zh.wikipedia.org/wiki/%E4%B8%AD%E5%9B%BD%E5%A7%93%E6%B0%8F%E6%8E%92%E5%90%8D
未;1;中国姓氏排名 https://zh.wikipedia.org/wiki/%E4%B8%AD%E5%9B%BD%E5%A7%93%E6%B0%8F%E6%8E%92%E5%90%8D
木;1;中国姓氏排名 https://zh.wikipedia.org/wiki/%E4%B8%AD%E5%9B%BD%E5%A7%93%E6%B0%8F%E6%8E%92%E5%90%8D
騰;1;中国姓氏排名 https://zh.wikipedia.org/wiki/%E4%B8%AD%E5%9B%BD%E5%A7%93%E6%B0%8F%E6%8E%92%E5%90%8D
勵;1;中国姓氏排名 https://zh.wikipedia.org/wiki/%E4%B8%AD%E5%9B%BD%E5%A7%93%E6%B0%8F%E6%8E%92%E5%90%8D
竺;1;中国姓氏排名 https://zh.wikipedia.org/wiki/%E4%B8%AD%E5%9B%BD%E5%A7%93%E6%B0%8F%E6%8E%92%E5%90%8D
剛;1;中国姓氏排名 https://zh.wikipedia.org/wiki/%E4%B8%AD%E5%9B%BD%E5%A7%93%E6%B0%8F%E6%8E%92%E5%90%8D
宇;1;中国姓氏排名 https://zh.wikipedia.org/wiki/%E4%B8%AD%E5%9B%BD%E5%A7%93%E6%B0%8F%E6%8E%92%E5%90%8D
折;1;中国姓氏排名 https://zh.wikipedia.org/wiki/%E4%B8%AD%E5%9B%BD%E5%A7%93%E6%B0%8F%E6%8E%92%E5%90%8D
糜;1;中国姓氏排名 https://zh.wikipedia.org/wiki/%E4%B8%AD%E5%9B%BD%E5%A7%93%E6%B0%8F%E6%8E%92%E5%90%8D
崇;1;中国姓氏排名 https://zh.wikipedia.org/wiki/%E4%B8%AD%E5%9B%BD%E5%A7%93%E6%B0%8F%E6%8E%92%E5%90%8D
東;1;中国姓氏排名 https://zh.wikipedia.org/wiki/%E4%B8%AD%E5%9B%BD%E5%A7%93%E6%B0%8F%E6%8E%92%E5%90%8D
臺;1;中国姓氏排名 https://zh.wikipedia.org/wiki/%E4%B8%AD%E5%9B%BD%E5%A7%93%E6%B0%8F%E6%8E%92%E5%90%8D
倫;1;中国姓氏排名 https://zh.wikipedia.org/wiki/%E4%B8%AD%E5%9B%BD%E5%A7%93%E6%B0%8F%E6%8E%92%E5%90%8D
候;1;中国姓氏排名 https://zh.wikipedia.org/wiki/%E4%B8%AD%E5%9B%BD%E5%A7%93%E6%B0%8F%E6%8E%92%E5%90%8D
僧;1;中国姓氏排名 https://zh.wikipedia.org/wiki/%E4%B8%AD%E5%9B%BD%E5%A7%93%E6%B0%8F%E6%8E%92%E5%90%8D
習;1;中国姓氏排名 https://zh.wikipedia.org/wiki/%E4%B8%AD%E5%9B%BD%E5%A7%93%E6%B0%8F%E6%8E%92%E5%90%8D
先;1;中国姓氏排名 https://zh.wikipedia.org/wiki/%E4%B8%AD%E5%9B%BD%E5%A7%93%E6%B0%8F%E6%8E%92%E5%90%8D
蔚;1;中国姓氏排名 https://zh.wikipedia.org/wiki/%E4%B8%AD%E5%9B%BD%E5%A7%93%E6%B0%8F%E6%8E%92%E5%90%8D
稅;1;中国姓氏排名 https://zh.wikipedia.org/wiki/%E4%B8%AD%E5%9B%BD%E5%A7%93%E6%B0%8F%E6%8E%92%E5%90%8D
谯;1;中国姓氏排名 https://zh.wikipedia.org/wiki/%E4%B8%AD%E5%9B%BD%E5%A7%93%E6%B0%8F%E6%8E%92%E5%90%8D
濮;1;中国姓氏排名 https://zh.wikipedia.org/wiki/%E4%B8%AD%E5%9B%BD%E5%A7%93%E6%B0%8F%E6%8E%92%E5%90%8D
基;1;中国姓氏排名 https://zh.wikipedia.org/wiki/%E4%B8%AD%E5%9B%BD%E5%A7%93%E6%B0%8F%E6%8E%92%E5%90%8D
壽;1;中国姓氏排名 https://zh.wikipedia.org/wiki/%E4%B8%AD%E5%9B%BD%E5%A7%93%E6%B0%8F%E6%8E%92%E5%90%8D
酆;1;中国姓氏排名 https://zh.wikipedia.org/wiki/%E4%B8%AD%E5%9B%BD%E5%A7%93%E6%B0%8F%E6%8E%92%E5%90%8D
苻;1;中国姓氏排名 https://zh.wikipedia.org/wiki/%E4%B8%AD%E5%9B%BD%E5%A7%93%E6%B0%8F%E6%8E%92%E5%90%8D
保;1;中国姓氏排名 https://zh.wikipedia.org/wiki/%E4%B8%AD%E5%9B%BD%E5%A7%93%E6%B0%8F%E6%8E%92%E5%90%8D
郗;1;中国姓氏排名 https://zh.wikipedia.org/wiki/%E4%B8%AD%E5%9B%BD%E5%A7%93%E6%B0%8F%E6%8E%92%E5%90%8D
渠;1;中国姓氏排名 https://zh.wikipedia.org/wiki/%E4%B8%AD%E5%9B%BD%E5%A7%93%E6%B0%8F%E6%8E%92%E5%90%8D
琚;1;中国姓氏排名 https://zh.wikipedia.org/wiki/%E4%B8%AD%E5%9B%BD%E5%A7%93%E6%B0%8F%E6%8E%92%E5%90%8D
仁;1;中国姓氏排名 https://zh.wikipedia.org/wiki/%E4%B8%AD%E5%9B%BD%E5%A7%93%E6%B0%8F%E6%8E%92%E5%90%8D
矯;1;中国姓氏排名 https://zh.wikipedia.org/wiki/%E4%B8%AD%E5%9B%BD%E5%A7%93%E6%B0%8F%E6%8E%92%E5%90%8D
巢;1;中国姓氏排名 https://zh.wikipedia.org/wiki/%E4%B8%AD%E5%9B%BD%E5%A7%93%E6%B0%8F%E6%8E%92%E5%90%8D
茆;1;中国姓氏排名 https://zh.wikipedia.org/wiki/%E4%B8%AD%E5%9B%BD%E5%A7%93%E6%B0%8F%E6%8E%92%E5%90%8D
魚;1;中国姓氏排名 https://zh.wikipedia.org/wiki/%E4%B8%AD%E5%9B%BD%E5%A7%93%E6%B0%8F%E6%8E%92%E5%90%8D
凡;1;中国姓氏排名 https://zh.wikipedia.org/wiki/%E4%B8%AD%E5%9B%BD%E5%A7%93%E6%B0%8F%E6%8E%92%E5%90%8D
淡;1;中国姓氏排名 https://zh.wikipedia.org/wiki/%E4%B8%AD%E5%9B%BD%E5%A7%93%E6%B0%8F%E6%8E%92%E5%90%8D
弓;1;中国姓氏排名 https://zh.wikipedia.org/wiki/%E4%B8%AD%E5%9B%BD%E5%A7%93%E6%B0%8F%E6%8E%92%E5%90%8D
住;1;中国姓氏排名 https://zh.wikipedia.org/wiki/%E4%B8%AD%E5%9B%BD%E5%A7%93%E6%B0%8F%E6%8E%92%E5%90%8D
汝;1;中国姓氏排名 https://zh.wikipedia.org/wiki/%E4%B8%AD%E5%9B%BD%E5%A7%93%E6%B0%8F%E6%8E%92%E5%90%8D
曆;1;中国姓氏排名 https://zh.wikipedia.org/wiki/%E4%B8%AD%E5%9B%BD%E5%A7%93%E6%B0%8F%E6%8E%92%E5%90%8D
幺;1;中国姓氏排名 https://zh.wikipedia.org/wiki/%E4%B8%AD%E5%9B%BD%E5%A7%93%E6%B0%8F%E6%8E%92%E5%90%8D
貢;1;中国姓氏排名 https://zh.wikipedia.org/wiki/%E4%B8%AD%E5%9B%BD%E5%A7%93%E6%B0%8F%E6%8E%92%E5%90%8D
妙;1;中国姓氏排名 https://zh.wikipedia.org/wiki/%E4%B8%AD%E5%9B%BD%E5%A7%93%E6%B0%8F%E6%8E%92%E5%90%8D
荀;1;中国姓氏排名 https://zh.wikipedia.org/wiki/%E4%B8%AD%E5%9B%BD%E5%A7%93%E6%B0%8F%E6%8E%92%E5%90%8D
粱;1;中国姓氏排名 https://zh.wikipedia.org/wiki/%E4%B8%AD%E5%9B%BD%E5%A7%93%E6%B0%8F%E6%8E%92%E5%90%8D
隨;1;中国姓氏排名 https://zh.wikipedia.org/wiki/%E4%B8%AD%E5%9B%BD%E5%A7%93%E6%B0%8F%E6%8E%92%E5%90%8D
雒;1;中国姓氏排名 https://zh.wikipedia.org/wiki/%E4%B8%AD%E5%9B%BD%E5%A7%93%E6%B0%8F%E6%8E%92%E5%90%8D
貝;1;中国姓氏排名 https://zh.wikipedia.org/wiki/%E4%B8%AD%E5%9B%BD%E5%A7%93%E6%B0%8F%E6%8E%92%E5%90%8D
錄;1;中国姓氏排名 https://zh.wikipedia.org/wiki/%E4%B8%AD%E5%9B%BD%E5%A7%93%E6%B0%8F%E6%8E%92%E5%90%8D
種;1;中国姓氏排名 https://zh.wikipedia.org/wiki/%E4%B8%AD%E5%9B%BD%E5%A7%93%E6%B0%8F%E6%8E%92%E5%90%8D
罡;1;中国姓氏排名 https://zh.wikipedia.org/wiki/%E4%B8%AD%E5%9B%BD%E5%A7%93%E6%B0%8F%E6%8E%92%E5%90%8D
纏;1;中国姓氏排名 https://zh.wikipedia.org/wiki/%E4%B8%AD%E5%9B%BD%E5%A7%93%E6%B0%8F%E6%8E%92%E5%90%8D
菅;1;中国姓氏排名 https://zh.wikipedia.org/wiki/%E4%B8%AD%E5%9B%BD%E5%A7%93%E6%B0%8F%E6%8E%92%E5%90%8D
潭;1;中国姓氏排名 https://zh.wikipedia.org/wiki/%E4%B8%AD%E5%9B%BD%E5%A7%93%E6%B0%8F%E6%8E%92%E5%90%8D
佐;1;中国姓氏排名 https://zh.wikipedia.org/wiki/%E4%B8%AD%E5%9B%BD%E5%A7%93%E6%B0%8F%E6%8E%92%E5%90%8D
字;1;中国姓氏排名 https://zh.wikipedia.org/wiki/%E4%B8%AD%E5%9B%BD%E5%A7%93%E6%B0%8F%E6%8E%92%E5%90%8D
雙;1;中国姓氏排名 https://zh.wikipedia.org/wiki/%E4%B8%AD%E5%9B%BD%E5%A7%93%E6%B0%8F%E6%8E%92%E5%90%8D
綦;1;中国姓氏排名 https://zh.wikipedia.org/wiki/%E4%B8%AD%E5%9B%BD%E5%A7%93%E6%B0%8F%E6%8E%92%E5%90%8D
美;1;中国姓氏排名 https://zh.wikipedia.org/wiki/%E4%B8%AD%E5%9B%BD%E5%A7%93%E6%B0%8F%E6%8E%92%E5%90%8D
鈕;1;中国姓氏排名 https://zh.wikipedia.org/wiki/%E4%B8%AD%E5%9B%BD%E5%A7%93%E6%B0%8F%E6%8E%92%E5%90%8D
火;1;中国姓氏排名 https://zh.wikipedia.org/wiki/%E4%B8%AD%E5%9B%BD%E5%A7%93%E6%B0%8F%E6%8E%92%E5%90%8D
聖;1;中国姓氏排名 https://zh.wikipedia.org/wiki/%E4%B8%AD%E5%9B%BD%E5%A7%93%E6%B0%8F%E6%8E%92%E5%90%8D
颉;1;中国姓氏排名 https://zh.wikipedia.org/wiki/%E4%B8%AD%E5%9B%BD%E5%A7%93%E6%B0%8F%E6%8E%92%E5%90%8D
從;1;中国姓氏排名 https://zh.wikipedia.org/wiki/%E4%B8%AD%E5%9B%BD%E5%A7%93%E6%B0%8F%E6%8E%92%E5%90%8D
靖;1;中国姓氏排名 https://zh.wikipedia.org/wiki/%E4%B8%AD%E5%9B%BD%E5%A7%93%E6%B0%8F%E6%8E%92%E5%90%8D
禤;1;中国姓氏排名 https://zh.wikipedia.org/wiki/%E4%B8%AD%E5%9B%BD%E5%A7%93%E6%B0%8F%E6%8E%92%E5%90%8D
開;1;中国姓氏排名 https://zh.wikipedia.org/wiki/%E4%B8%AD%E5%9B%BD%E5%A7%93%E6%B0%8F%E6%8E%92%E5%90%8D
補;1;中国姓氏排名 https://zh.wikipedia.org/wiki/%E4%B8%AD%E5%9B%BD%E5%A7%93%E6%B0%8F%E6%8E%92%E5%90%8D
虎;1;中国姓氏排名 https://zh.wikipedia.org/wiki/%E4%B8%AD%E5%9B%BD%E5%A7%93%E6%B0%8F%E6%8E%92%E5%90%8D
才;1;中国姓氏排名 https://zh.wikipedia.org/wiki/%E4%B8%AD%E5%9B%BD%E5%A7%93%E6%B0%8F%E6%8E%92%E5%90%8D
布;1;中国姓氏排名 https://zh.wikipedia.org/wiki/%E4%B8%AD%E5%9B%BD%E5%A7%93%E6%B0%8F%E6%8E%92%E5%90%8D
邦;1;中国姓氏排名 https://zh.wikipedia.org/wiki/%E4%B8%AD%E5%9B%BD%E5%A7%93%E6%B0%8F%E6%8E%92%E5%90%8D
仉;1;中国姓氏排名 https://zh.wikipedia.org/wiki/%E4%B8%AD%E5%9B%BD%E5%A7%93%E6%B0%8F%E6%8E%92%E5%90%8D
曠;1;中国姓氏排名 https://zh.wikipedia.org/wiki/%E4%B8%AD%E5%9B%BD%E5%A7%93%E6%B0%8F%E6%8E%92%E5%90%8D
藥;1;中国姓氏排名 https://zh.wikipedia.org/wiki/%E4%B8%AD%E5%9B%BD%E5%A7%93%E6%B0%8F%E6%8E%92%E5%90%8D
逄;1;中国姓氏排名 https://zh.wikipedia.org/wiki/%E4%B8%AD%E5%9B%BD%E5%A7%93%E6%B0%8F%E6%8E%92%E5%90%8D
造;1;中国姓氏排名 https://zh.wikipedia.org/wiki/%E4%B8%AD%E5%9B%BD%E5%A7%93%E6%B0%8F%E6%8E%92%E5%90%8D
扆;1;中国姓氏排名 https://zh.wikipedia.org/wiki/%E4%B8%AD%E5%9B%BD%E5%A7%93%E6%B0%8F%E6%8E%92%E5%90%8D
暴;1;中国姓氏排名 https://zh.wikipedia.org/wiki/%E4%B8%AD%E5%9B%BD%E5%A7%93%E6%B0%8F%E6%8E%92%E5%90%8D
庚;1;中国姓氏排名 https://zh.wikipedia.org/wiki/%E4%B8%AD%E5%9B%BD%E5%A7%93%E6%B0%8F%E6%8E%92%E5%90%8D
降;1;中国姓氏排名 https://zh.wikipedia.org/wiki/%E4%B8%AD%E5%9B%BD%E5%A7%93%E6%B0%8F%E6%8E%92%E5%90%8D
奕;1;中国姓氏排名 https://zh.wikipedia.org/wiki/%E4%B8%AD%E5%9B%BD%E5%A7%93%E6%B0%8F%E6%8E%92%E5%90%8D
鐘;1;中国姓氏排名 https://zh.wikipedia.org/wiki/%E4%B8%AD%E5%9B%BD%E5%A7%93%E6%B0%8F%E6%8E%92%E5%90%8D
問;1;中国姓氏排名 https://zh.wikipedia.org/wiki/%E4%B8%AD%E5%9B%BD%E5%A7%93%E6%B0%8F%E6%8E%92%E5%90%8D
招;1;中国姓氏排名 https://zh.wikipedia.org/wiki/%E4%B8%AD%E5%9B%BD%E5%A7%93%E6%B0%8F%E6%8E%92%E5%90%8D
貴;1;中国姓氏排名 https://zh.wikipedia.org/wiki/%E4%B8%AD%E5%9B%BD%E5%A7%93%E6%B0%8F%E6%8E%92%E5%90%8D
山;1;中国姓氏排名 https://zh.wikipedia.org/wiki/%E4%B8%AD%E5%9B%BD%E5%A7%93%E6%B0%8F%E6%8E%92%E5%90%8D
巨;1;中国姓氏排名 https://zh.wikipedia.org/wiki/%E4%B8%AD%E5%9B%BD%E5%A7%93%E6%B0%8F%E6%8E%92%E5%90%8D
厚;1;中国姓氏排名 https://zh.wikipedia.org/wiki/%E4%B8%AD%E5%9B%BD%E5%A7%93%E6%B0%8F%E6%8E%92%E5%90%8D
恽;1;中国姓氏排名 https://zh.wikipedia.org/wiki/%E4%B8%AD%E5%9B%BD%E5%A7%93%E6%B0%8F%E6%8E%92%E5%90%8D
過;1;中国姓氏排名 https://zh.wikipedia.org/wiki/%E4%B8%AD%E5%9B%BD%E5%A7%93%E6%B0%8F%E6%8E%92%E5%90%8D
達;1;中国姓氏排名 https://zh.wikipedia.org/wiki/%E4%B8%AD%E5%9B%BD%E5%A7%93%E6%B0%8F%E6%8E%92%E5%90%8D
邴;1;中国姓氏排名 https://zh.wikipedia.org/wiki/%E4%B8%AD%E5%9B%BD%E5%A7%93%E6%B0%8F%E6%8E%92%E5%90%8D
鹹;1;中国姓氏排名 https://zh.wikipedia.org/wiki/%E4%B8%AD%E5%9B%BD%E5%A7%93%E6%B0%8F%E6%8E%92%E5%90%8D
洛;1;中国姓氏排名 https://zh.wikipedia.org/wiki/%E4%B8%AD%E5%9B%BD%E5%A7%93%E6%B0%8F%E6%8E%92%E5%90%8D
忻;1;中国姓氏排名 https://zh.wikipedia.org/wiki/%E4%B8%AD%E5%9B%BD%E5%A7%93%E6%B0%8F%E6%8E%92%E5%90%8D
化;1;中国姓氏排名 https://zh.wikipedia.org/wiki/%E4%B8%AD%E5%9B%BD%E5%A7%93%E6%B0%8F%E6%8E%92%E5%90%8D
戶;1;中国姓氏排名 https://zh.wikipedia.org/wiki/%E4%B8%AD%E5%9B%BD%E5%A7%93%E6%B0%8F%E6%8E%92%E5%90%8D
毋;1;中国姓氏排名 https://zh.wikipedia.org/wiki/%E4%B8%AD%E5%9B%BD%E5%A7%93%E6%B0%8F%E6%8E%92%E5%90%8D
同;1;中国姓氏排名 https://zh.wikipedia.org/wiki/%E4%B8%AD%E5%9B%BD%E5%A7%93%E6%B0%8F%E6%8E%92%E5%90%8D
別;1;中国姓氏排名 https://zh.wikipedia.org/wiki/%E4%B8%AD%E5%9B%BD%E5%A7%93%E6%B0%8F%E6%8E%92%E5%90%8D
甯;1;中国姓氏排名 https://zh.wikipedia.org/wiki/%E4%B8%AD%E5%9B%BD%E5%A7%93%E6%B0%8F%E6%8E%92%E5%90%8D
冮;1;中国姓氏排名 https://zh.wikipedia.org/wiki/%E4%B8%AD%E5%9B%BD%E5%A7%93%E6%B0%8F%E6%8E%92%E5%90%8D
哀;1;中国姓氏排名 https://zh.wikipedia.org/wiki/%E4%B8%AD%E5%9B%BD%E5%A7%93%E6%B0%8F%E6%8E%92%E5%90%8D
万俟;2;複姓 https://zh.wikipedia.org/wiki/%E8%A4%87%E5%A7%93
上官;2;複姓 https://zh.wikipedia.org/wiki/%E8%A4%87%E5%A7%93
亓官;2;複姓 https://zh.wikipedia.org/wiki/%E8%A4%87%E5%A7%93
令狐;2;複姓 https://zh.wikipedia.org/wiki/%E8%A4%87%E5%A7%93
仲孫;2;複姓 https://zh.wikipedia.org/wiki/%E8%A4%87%E5%A7%93
公冶;2;複姓 https://zh.wikipedia.org/wiki/%E8%A4%87%E5%A7%93
公孫;2;複姓 https://zh.wikipedia.org/wiki/%E8%A4%87%E5%A7%93
公羊;2;複姓 https://zh.wikipedia.org/wiki/%E8%A4%87%E5%A7%93
公良;2;複姓 https://zh.wikipedia.org/wiki/%E8%A4%87%E5%A7%93
公西;2;複姓 https://zh.wikipedia.org/wiki/%E8%A4%87%E5%A7%93
司寇;2;複姓 https://zh.wikipedia.org/wiki/%E8%A4%87%E5%A7%93
司徒;2;複姓 https://zh.wikipedia.org/wiki/%E8%A4%87%E5%A7%93
司空;2;複姓 https://zh.wikipedia.org/wiki/%E8%A4%87%E5%A7%93
司馬;2;複姓 https://zh.wikipedia.org/wiki/%E8%A4%87%E5%A7%93
單于;2;複姓 https://zh.wikipedia.org/wiki/%E8%A4%87%E5%A7%93
壤駟;2;複姓 https://zh.wikipedia.org/wiki/%E8%A4%87%E5%A7%93
夏侯;2;複姓 https://zh.wikipedia.org/wiki/%E8%A4%87%E5%A7%93
太叔;2;複姓 https://zh.wikipedia.org/wiki/%E8%A4%87%E5%A7%93
子車;2;複姓 https://zh.wikipedia.org/wiki/%E8%A4%87%E5%A7%93
宇文;2;複姓 https://zh.wikipedia.org/wiki/%E8%A4%87%E5%A7%93
宗政;2;複姓 https://zh.wikipedia.org/wiki/%E8%A4%87%E5%A7%93
尉迟;2;複姓 https://zh.wikipedia.org/wiki/%E8%A4%87%E5%A7%93
巫馬;2;複姓 https://zh.wikipedia.org/wiki/%E8%A4%87%E5%A7%93
慕容;2;複姓 https://zh.wikipedia.org/wiki/%E8%A4%87%E5%A7%93
拓跋;2;複姓 https://zh.wikipedia.org/wiki/%E8%A4%87%E5%A7%93
東方;2;複姓 https://zh.wikipedia.org/wiki/%E8%A4%87%E5%A7%93
樂正;2;複姓 https://zh.wikipedia.org/wiki/%E8%A4%87%E5%A7%93
歐陽;2;複姓 https://zh.wikipedia.org/wiki/%E8%A4%87%E5%A7%93
淳于;2;複姓 https://zh.wikipedia.org/wiki/%E8%A4%87%E5%A7%93
漆雕;2;複姓 https://zh.wikipedia.org/wiki/%E8%A4%87%E5%A7%93
澹臺;2;複姓 https://zh.wikipedia.org/wiki/%E8%A4%87%E5%A7%93
濮陽;2;複姓 https://zh.wikipedia.org/wiki/%E8%A4%87%E5%A7%93
申屠;2;複姓 https://zh.wikipedia.org/wiki/%E8%A4%87%E5%A7%93
皇甫;2;複姓 https://zh.wikipedia.org/wiki/%E8%A4%87%E5%A7%93
端木;2;複姓 https://zh.wikipedia.org/wiki/%E8%A4%87%E5%A7%93
聞人;2;複姓 https://zh.wikipedia.org/wiki/%E8%A4%87%E5%A7%93
諸葛;2;複姓 https://zh.wikipedia.org/wiki/%E8%A4%87%E5%A7%93
赫連;2;複姓 https://zh.wikipedia.org/wiki/%E8%A4%87%E5%A7%93
軒轅;2;複姓 https://zh.wikipedia.org/wiki/%E8%A4%87%E5%A7%93
鍾離;2;複姓 https://zh.wikipedia.org/wiki/%E8%A4%87%E5%A7%93
長孫;2;複姓 https://zh.wikipedia.org/wiki/%E8%A4%87%E5%A7%93
閭丘;2;複姓 https://zh.wikipedia.org/wiki/%E8%A4%87%E5%A7%93
顓孫;2;複姓 https://zh.wikipedia.org/wiki/%E8%A4%87%E5%A7%93
鮮于;2;複姓 https://zh.wikipedia.org/wiki/%E8%A4%87%E5%A7%93